stats_type,year,Player,INT,INT TD,INT Yds,Lng,year_player,won_super_bowl
interceptions,2019,Janoris Jenkins,9,0,168,124,2019_Janoris Jenkins,0
interceptions,2019,Tre'Davious White,6,0,57,49,2019_Tre'Davious White,0
interceptions,2019,Anthony Harris,6,1,42,20,2019_Anthony Harris,0
interceptions,2019,Stephon Gilmore,6,2,126,64,2019_Stephon Gilmore,0
interceptions,2019,Marcus Peters,5,3,210,121,2019_Marcus Peters,0
interceptions,2019,Devin McCourty,5,0,49,24,2019_Devin McCourty,0
interceptions,2019,Darius Leonard,5,1,92,80,2019_Darius Leonard,0
interceptions,2019,Kevin King,5,0,54,39,2019_Kevin King,0
interceptions,2019,J.C. Jackson,5,0,39,19,2019_J.C. Jackson,0
interceptions,2019,Joe Haden,5,0,20,16,2019_Joe Haden,0
interceptions,2019,Minkah Fitzpatrick,5,1,130,96,2019_Minkah Fitzpatrick,0
interceptions,2019,Kevin Byard,5,0,79,28,2019_Kevin Byard,0
interceptions,2019,Marcus Williams,4,1,56,55,2019_Marcus Williams,0
interceptions,2019,Desmond Trufant,4,0,26,16,2019_Desmond Trufant,0
interceptions,2019,Justin Simmons,4,0,30,17,2019_Justin Simmons,0
interceptions,2019,Andrew Sendejo,4,0,51,51,2019_Andrew Sendejo,0
interceptions,2019,Joe Schobert,4,0,24,20,2019_Joe Schobert,0
interceptions,2019,Logan Ryan,4,0,16,16,2019_Logan Ryan,0
interceptions,2019,Darius Phillips,4,0,82,28,2019_Darius Phillips,0
interceptions,2019,Tyrann Mathieu,4,0,70,35,2019_Tyrann Mathieu,1
interceptions,2019,Quinton Dunbar,4,0,6,6,2019_Quinton Dunbar,0
interceptions,2019,K.J. Wright,3,0,10,11,2019_K.J. Wright,0
interceptions,2019,Juan Thornhill,3,1,46,46,2019_Juan Thornhill,1
interceptions,2019,Harrison Smith,3,0,13,13,2019_Harrison Smith,0
interceptions,2019,Richard Sherman,3,1,65,31,2019_Richard Sherman,0
interceptions,2019,Fabian Moreau,3,0,16,10,2019_Fabian Moreau,0
interceptions,2019,Damontae Kazee,3,0,53,22,2019_Damontae Kazee,0
interceptions,2019,Rayshawn Jenkins,3,0,10,8,2019_Rayshawn Jenkins,0
interceptions,2019,Donte Jackson,3,0,25,25,2019_Donte Jackson,0
interceptions,2019,Marlon Humphrey,3,0,14,14,2019_Marlon Humphrey,0
interceptions,2019,Jordan Hicks,3,0,64,48,2019_Jordan Hicks,0
interceptions,2019,Tre Herndon,3,0,0,0,2019_Tre Herndon,0
interceptions,2019,Erik Harris,3,2,145,59,2019_Erik Harris,0
interceptions,2019,Tashaun Gipson,3,1,105,79,2019_Tashaun Gipson,0
interceptions,2019,Kyle Fuller,3,0,37,29,2019_Kyle Fuller,0
interceptions,2019,Tre Flowers,3,0,0,0,2019_Tre Flowers,0
interceptions,2019,Quandre Diggs,3,1,99,55,2019_Quandre Diggs,0
interceptions,2019,Pierre Desir,3,0,0,0,2019_Pierre Desir,0
interceptions,2019,Jamie Collins,3,1,85,69,2019_Jamie Collins,0
interceptions,2019,Sean Murphy-Bunting,3,1,88,70,2019_Sean Murphy-Bunting,0
interceptions,2019,James Bradberry,3,0,0,0,2019_James Bradberry,0
interceptions,2019,Tre Boston,3,0,20,20,2019_Tre Boston,0
interceptions,2019,Jessie Bates,3,0,33,20,2019_Jessie Bates,0
interceptions,2019,Xavier Woods,2,0,38,29,2019_Xavier Woods,0
interceptions,2019,Jarrod Wilson,2,0,4,4,2019_Jarrod Wilson,0
interceptions,2019,Tramon Williams,2,0,0,0,2019_Tramon Williams,0
interceptions,2019,K'Waun Williams,2,0,53,49,2019_K'Waun Williams,0
interceptions,2019,Darious Williams,2,0,0,0,2019_Darious Williams,0
interceptions,2019,T.J. Watt,2,0,7,7,2019_T.J. Watt,0
interceptions,2019,Denzel Ward,2,1,61,61,2019_Denzel Ward,0
interceptions,2019,Charvarius Ward,2,0,10,10,2019_Charvarius Ward,1
interceptions,2019,Levi Wallace,2,0,2,2,2019_Levi Wallace,0
interceptions,2019,Tedric Thompson,2,0,18,18,2019_Tedric Thompson,0
interceptions,2019,Earl Thomas,2,0,38,24,2019_Earl Thomas,0
interceptions,2019,Daniel Sorensen,2,0,6,6,2019_Daniel Sorensen,1
interceptions,2019,Darius Slay,2,0,19,19,2019_Darius Slay,0
interceptions,2019,Darnell Savage,2,0,28,28,2019_Darnell Savage,0
interceptions,2019,Bradley Roby,2,1,49,27,2019_Bradley Roby,0
interceptions,2019,Justin Reid,2,0,55,37,2019_Justin Reid,0
interceptions,2019,Taylor Rapp,2,1,54,31,2019_Taylor Rapp,0
interceptions,2019,Jordan Poyer,2,0,0,0,2019_Jordan Poyer,0
interceptions,2019,Patrick Peterson,2,0,0,0,2019_Patrick Peterson,0
interceptions,2019,Steven Parker,2,0,35,35,2019_Steven Parker,0
interceptions,2019,Amani Oruwariye,2,0,0,0,2019_Amani Oruwariye,0
interceptions,2019,Montae Nicholson,2,0,23,23,2019_Montae Nicholson,0
interceptions,2019,Nik Needham,2,0,23,23,2019_Nik Needham,0
interceptions,2019,Kenny Moore II,2,0,36,35,2019_Kenny Moore II,0
interceptions,2019,Whitney Mercilus,2,0,88,86,2019_Whitney Mercilus,0
interceptions,2019,Rodney McLeod,2,0,30,23,2019_Rodney McLeod,0
interceptions,2019,Bradley McDougald,2,0,0,0,2019_Bradley McDougald,0
interceptions,2019,Bobby McCain,2,0,53,32,2019_Bobby McCain,0
interceptions,2019,Cory Littleton,2,0,32,26,2019_Cory Littleton,0
interceptions,2019,Jourdan Lewis,2,0,20,20,2019_Jourdan Lewis,0
interceptions,2019,Luke Kuechly,2,0,26,25,2019_Luke Kuechly,0
interceptions,2019,Sidney Jones,2,0,4,3,2019_Sidney Jones,0
interceptions,2019,John Johnson,2,0,0,0,2019_John Johnson,0
interceptions,2019,Kareem Jackson,2,0,28,24,2019_Kareem Jackson,0
interceptions,2019,Eddie Jackson,2,0,18,14,2019_Eddie Jackson,0
interceptions,2019,Malik Hooker,2,0,39,26,2019_Malik Hooker,0
interceptions,2019,Troy Hill,2,0,6,6,2019_Troy Hill,0
interceptions,2019,Neville Hewitt,2,0,13,9,2019_Neville Hewitt,0
interceptions,2019,Casey Hayward,2,0,37,37,2019_Casey Hayward,0
interceptions,2019,Ronnie Harrison,2,0,66,35,2019_Ronnie Harrison,0
interceptions,2019,Duron Harmon,2,0,27,27,2019_Duron Harmon,0
interceptions,2019,Vernon Hargreaves III,2,2,30,30,2019_Vernon Hargreaves III,0
interceptions,2019,Nate Gerry,2,1,51,51,2019_Nate Gerry,0
interceptions,2019,Jamel Dean,2,0,31,31,2019_Jamel Dean,0
interceptions,2019,Michael Davis,2,0,15,15,2019_Michael Davis,0
interceptions,2019,Ronald Darby,2,0,29,16,2019_Ronald Darby,0
interceptions,2019,Ryan Connelly,2,0,18,13,2019_Ryan Connelly,0
interceptions,2019,Ross Cockrell,2,0,70,37,2019_Ross Cockrell,0
interceptions,2019,Ha Ha Clinton-Dix,2,1,96,59,2019_Ha Ha Clinton-Dix,0
interceptions,2019,Maurice Canady,2,0,6,6,2019_Maurice Canady,0
interceptions,2019,De'Vondre Campbell,2,0,0,0,2019_De'Vondre Campbell,0
interceptions,2019,Josh Bynes,2,0,7,6,2019_Josh Bynes,0
interceptions,2019,Malcolm Butler,2,1,61,38,2019_Malcolm Butler,0
interceptions,2019,Devin Bush,2,0,6,6,2019_Devin Bush,0
interceptions,2019,Juston Burris,2,0,42,27,2019_Juston Burris,0
interceptions,2019,Bashaud Breeland,2,0,4,4,2019_Bashaud Breeland,1
interceptions,2019,Adrian Amos,2,0,3,3,2019_Adrian Amos,0
interceptions,2019,Ricardo Allen,2,0,29,27,2019_Ricardo Allen,0
interceptions,2019,Jaire Alexander,2,0,37,37,2019_Jaire Alexander,0
interceptions,2019,Jahleel Addae,2,0,5,4,2019_Jahleel Addae,0
interceptions,2019,Rock Ya-Sin,1,0,0,0,2019_Rock Ya-Sin,0
interceptions,2019,Daryl Worley,1,0,0,0,2019_Daryl Worley,0
interceptions,2019,Ahkello Witherspoon,1,1,25,25,2019_Ahkello Witherspoon,0
interceptions,2019,Jomal Wiltz,1,0,0,0,2019_Jomal Wiltz,0
interceptions,2019,Mack Wilson,1,0,21,21,2019_Mack Wilson,0
interceptions,2019,Shawn Williams,1,0,12,12,2019_Shawn Williams,0
interceptions,2019,P.J. Williams,1,0,0,0,2019_P.J. Williams,0
interceptions,2019,Jordan Whitehead,1,0,11,11,2019_Jordan Whitehead,0
interceptions,2019,Jermaine Whitehead,1,0,0,0,2019_Jermaine Whitehead,0
interceptions,2019,Devin White,1,0,5,5,2019_Devin White,0
interceptions,2019,Kyzir White,1,0,0,0,2019_Kyzir White,0
interceptions,2019,B.W. Webb,1,0,1,1,2019_B.W. Webb,0
interceptions,2019,Trae Waynes,1,0,0,0,2019_Trae Waynes,0
interceptions,2019,Fred Warner,1,1,46,46,2019_Fred Warner,0
interceptions,2019,Tracy Walker III,1,0,0,0,2019_Tracy Walker III,0
interceptions,2019,Anthony Walker,1,0,0,0,2019_Anthony Walker,0
interceptions,2019,Bobby Wagner,1,0,6,6,2019_Bobby Wagner,0
interceptions,2019,Nick Vigil,1,0,34,34,2019_Nick Vigil,0
interceptions,2019,Kenny Vaccaro,1,0,2,2,2019_Kenny Vaccaro,0
interceptions,2019,Shy Tuttle,1,0,19,19,2019_Shy Tuttle,0
interceptions,2019,Jalen Thompson,1,0,18,18,2019_Jalen Thompson,0
interceptions,2019,Roderic Teamer,1,0,3,3,2019_Roderic Teamer,0
interceptions,2019,Jahlani Tavai,1,0,2,2,2019_Jahlani Tavai,0
interceptions,2019,Cameron Sutton,1,0,26,26,2019_Cameron Sutton,0
interceptions,2019,Chandon Sullivan,1,0,7,7,2019_Chandon Sullivan,0
interceptions,2019,Roquan Smith,1,0,0,0,2019_Roquan Smith,0
interceptions,2019,Preston Smith,1,0,5,5,2019_Preston Smith,0
interceptions,2019,Jaylon Smith,1,0,0,0,2019_Jaylon Smith,0
interceptions,2019,Jimmy Smith,1,0,7,7,2019_Jimmy Smith,0
interceptions,2019,John Simon,1,0,6,6,2019_John Simon,0
interceptions,2019,Eric Rowe,1,1,35,35,2019_Eric Rowe,0
interceptions,2019,Craig Robertson,1,0,3,3,2019_Craig Robertson,0
interceptions,2019,Darryl Roberts,1,0,13,13,2019_Darryl Roberts,0
interceptions,2019,Jalen Ramsey,1,0,13,13,2019_Jalen Ramsey,0
interceptions,2019,Brian Poole,1,1,15,15,2019_Brian Poole,0
interceptions,2019,Kevin Pierre-Louis,1,0,2,2,2019_Kevin Pierre-Louis,0
interceptions,2019,Denzel Perryman,1,0,0,0,2019_Denzel Perryman,0
interceptions,2019,Jabrill Peppers,1,1,32,32,2019_Jabrill Peppers,0
interceptions,2019,Will Parks,1,0,11,11,2019_Will Parks,0
interceptions,2019,Alec Ogletree,1,0,0,0,2019_Alec Ogletree,0
interceptions,2019,Mark Nzeocha,1,0,1,1,2019_Mark Nzeocha,0
interceptions,2019,Josh Norman,1,0,2,2,2019_Josh Norman,0
interceptions,2019,Derrick Nnadi,1,0,0,0,2019_Derrick Nnadi,1
interceptions,2019,Yannick Ngakoue,1,1,23,23,2019_Yannick Ngakoue,0
interceptions,2019,Steven Nelson,1,0,33,33,2019_Steven Nelson,0
interceptions,2019,Trent Murphy,1,0,0,0,2019_Trent Murphy,0
interceptions,2019,Byron Murphy,1,0,0,0,2019_Byron Murphy,0
interceptions,2019,Trayvon Mullen,1,0,0,0,2019_Trayvon Mullen,0
interceptions,2019,C.J. Mosley,1,1,17,17,2019_C.J. Mosley,0
interceptions,2019,Emmanuel Moseley,1,0,3,3,2019_Emmanuel Moseley,0
interceptions,2019,Nicholas Morrow,1,0,11,11,2019_Nicholas Morrow,0
interceptions,2019,Terrance Mitchell,1,0,28,28,2019_Terrance Mitchell,0
interceptions,2019,Jalen Mills,1,0,0,0,2019_Jalen Mills,0
interceptions,2019,Jason McCourty,1,0,16,16,2019_Jason McCourty,0
interceptions,2019,Marcus Maye,1,0,0,0,2019_Marcus Maye,0
interceptions,2019,Arthur Maulet,1,0,13,13,2019_Arthur Maulet,0
interceptions,2019,Blake Martinez,1,0,22,22,2019_Blake Martinez,0
interceptions,2019,Dean Lowry,1,0,7,7,2019_Dean Lowry,0
interceptions,2019,Julian Love,1,0,30,30,2019_Julian Love,0
interceptions,2019,Star Lotulelei,1,0,0,0,2019_Star Lotulelei,0
interceptions,2019,Ryan Lewis,1,0,3,3,2019_Ryan Lewis,0
interceptions,2019,Sean Lee,1,0,25,25,2019_Sean Lee,0
interceptions,2019,Devaroe Lawrence,1,0,0,0,2019_Devaroe Lawrence,0
interceptions,2019,Marshon Lattimore,1,0,0,0,2019_Marshon Lattimore,0
interceptions,2019,Harold Landry,1,0,0,0,2019_Harold Landry,0
interceptions,2019,Chris Lammons,1,0,0,0,2019_Chris Lammons,0
interceptions,2019,Nick Kwiatkoski,1,0,4,4,2019_Nick Kwiatkoski,0
interceptions,2019,A.J. Klein,1,1,14,14,2019_A.J. Klein,0
interceptions,2019,Mychal Kendricks,1,0,1,1,2019_Mychal Kendricks,0
interceptions,2019,Kam Kelly,1,0,10,10,2019_Kam Kelly,0
interceptions,2019,Jayron Kearse,1,0,0,0,2019_Jayron Kearse,0
interceptions,2019,Karl Joseph,1,0,0,0,2019_Karl Joseph,0
interceptions,2019,Johnathan Joseph,1,0,0,0,2019_Johnathan Joseph,0
interceptions,2019,Dre'Mont Jones,1,0,7,7,2019_Dre'Mont Jones,0
interceptions,2019,Deion Jones,1,1,27,27,2019_Deion Jones,0
interceptions,2019,Trumaine Johnson,1,0,3,3,2019_Trumaine Johnson,0
interceptions,2019,A.J. Johnson,1,0,0,0,2019_A.J. Johnson,0
interceptions,2019,William Jackson,1,0,19,19,2019_William Jackson,0
interceptions,2019,Myles Jack,1,0,14,14,2019_Myles Jack,0
interceptions,2019,Melvin Ingram,1,0,9,9,2019_Melvin Ingram,0
interceptions,2019,Micah Hyde,1,0,0,0,2019_Micah Hyde,0
interceptions,2019,Maurice Hurst,1,0,55,55,2019_Maurice Hurst,0
interceptions,2019,Mike Hughes,1,0,0,0,2019_Mike Hughes,0
interceptions,2019,Xavien Howard,1,0,0,0,2019_Xavien Howard,0
interceptions,2019,Mike Hilton,1,0,1,1,2019_Mike Hilton,0
interceptions,2019,Chris Harris,1,0,11,11,2019_Chris Harris,0
interceptions,2019,Shaun Dion Hamilton,1,0,0,0,2019_Shaun Dion Hamilton,0
interceptions,2019,Nate Hairston,1,0,0,0,2019_Nate Hairston,0
interceptions,2019,Lawrence Guy,1,0,5,5,2019_Lawrence Guy,0
interceptions,2019,Everson Griffen,1,0,17,17,2019_Everson Griffen,0
interceptions,2019,Dre Greenlaw,1,0,47,47,2019_Dre Greenlaw,0
interceptions,2019,Clayton Geathers,1,0,0,0,2019_Clayton Geathers,0
interceptions,2019,Chauncey Gardner-Johnson,1,0,28,28,2019_Chauncey Gardner-Johnson,0
interceptions,2019,Rashad Fenton,1,0,0,0,2019_Rashad Fenton,1
interceptions,2019,Javien Elliott,1,0,0,0,2019_Javien Elliott,0
interceptions,2019,Trey Edmunds,1,0,2,2,2019_Trey Edmunds,0
interceptions,2019,Tremaine Edmunds,1,0,0,0,2019_Tremaine Edmunds,0
interceptions,2019,Demario Davis,1,0,1,1,2019_Demario Davis,0
interceptions,2019,Carlton Davis,1,0,0,0,2019_Carlton Davis,0
interceptions,2019,Lavonte David,1,0,26,26,2019_Lavonte David,0
interceptions,2019,Gareon Conley,1,0,3,3,2019_Gareon Conley,0
interceptions,2019,Justin Coleman,1,0,55,55,2019_Justin Coleman,0
interceptions,2019,Jadeveon Clowney,1,1,27,27,2019_Jadeveon Clowney,0
interceptions,2019,Frank Clark,1,0,5,5,2019_Frank Clark,1
interceptions,2019,Chuck Clark,1,0,12,12,2019_Chuck Clark,0
interceptions,2019,T.J. Carrie,1,0,0,0,2019_T.J. Carrie,0
interceptions,2019,Morgan Burnett,1,0,43,43,2019_Morgan Burnett,0
interceptions,2019,James Burgess,1,0,2,2,2019_James Burgess,0
interceptions,2019,Jayon Brown,1,0,0,0,2019_Jayon Brown,0
interceptions,2019,Terrence Brooks,1,0,0,0,2019_Terrence Brooks,0
interceptions,2019,Nigel Bradham,1,0,22,22,2019_Nigel Bradham,0
interceptions,2019,A.J. Bouye,1,0,25,25,2019_A.J. Bouye,0
interceptions,2019,Jon Bostic,1,0,26,26,2019_Jon Bostic,0
interceptions,2019,Nick Bosa,1,0,46,46,2019_Nick Bosa,0
interceptions,2019,Vince Biegel,1,0,7,7,2019_Vince Biegel,0
interceptions,2019,Antoine Bethea,1,0,7,7,2019_Antoine Bethea,0
interceptions,2019,Vonn Bell,1,0,19,19,2019_Vonn Bell,0
interceptions,2019,Tarell Basham,1,0,1,1,2019_Tarell Basham,0
interceptions,2019,Mark Barron,1,0,0,0,2019_Mark Barron,0
interceptions,2019,Shaquil Barrett,1,0,4,4,2019_Shaquil Barrett,0
interceptions,2019,Anthony Barr,1,0,2,2,2019_Anthony Barr,0
interceptions,2019,Jerome Baker,1,0,34,34,2019_Jerome Baker,0
interceptions,2019,Chidobe Awuzie,1,0,0,0,2019_Chidobe Awuzie,0
interceptions,2019,Troy Apke,1,0,33,33,2019_Troy Apke,0
interceptions,2019,Mackensie Alexander,1,0,0,0,2019_Mackensie Alexander,0
interceptions,2019,Kwon Alexander,1,0,0,0,2019_Kwon Alexander,0
interceptions,2019,Jamal Adams,1,1,61,61,2019_Jamal Adams,0
interceptions,2019,Andrew Adams,1,0,21,21,2019_Andrew Adams,0
interceptions,2018,Damontae Kazee,7,0,54,33,2018_Damontae Kazee,0
interceptions,2018,Xavien Howard,7,0,52,39,2018_Xavien Howard,0
interceptions,2018,Kyle Fuller,7,0,52,35,2018_Kyle Fuller,0
interceptions,2018,Eddie Jackson,6,2,81,41,2018_Eddie Jackson,0
interceptions,2018,Shawn Williams,5,1,131,58,2018_Shawn Williams,0
interceptions,2018,Alec Ogletree,5,2,61,20,2018_Alec Ogletree,0
interceptions,2018,D.J. Swearinger,4,0,33,22,2018_D.J. Swearinger,0
interceptions,2018,Curtis Riley,4,1,67,46,2018_Curtis Riley,0
interceptions,2018,Damarious Randall,4,0,59,50,2018_Damarious Randall,0
interceptions,2018,Jordan Poyer,4,0,11,11,2018_Jordan Poyer,0
interceptions,2018,Steven Nelson,4,0,53,35,2018_Steven Nelson,0
interceptions,2018,Trumaine Johnson,4,1,38,31,2018_Trumaine Johnson,0
interceptions,2018,John Johnson,4,0,46,35,2018_John Johnson,0
interceptions,2018,Donte Jackson,4,0,0,0,2018_Donte Jackson,0
interceptions,2018,Duron Harmon,4,0,0,0,2018_Duron Harmon,1
interceptions,2018,Kevin Byard,4,0,1,1,2018_Kevin Byard,0
interceptions,2018,Andrew Adams,4,0,34,16,2018_Andrew Adams,0
interceptions,2018,Denzel Ward,3,0,26,26,2018_Denzel Ward,0
interceptions,2018,Earl Thomas,3,0,25,25,2018_Earl Thomas,0
interceptions,2018,Harrison Smith,3,0,66,52,2018_Harrison Smith,0
interceptions,2018,Darius Slay,3,1,107,67,2018_Darius Slay,0
interceptions,2018,Justin Simmons,3,0,8,8,2018_Justin Simmons,0
interceptions,2018,Justin Reid,3,1,128,101,2018_Justin Reid,0
interceptions,2018,Jalen Ramsey,3,0,0,0,2018_Jalen Ramsey,0
interceptions,2018,Brian Poole,3,0,2,2,2018_Brian Poole,0
interceptions,2018,Marcus Peters,3,1,107,50,2018_Marcus Peters,0
interceptions,2018,Josh Norman,3,0,79,40,2018_Josh Norman,0
interceptions,2018,Kenny Moore II,3,0,52,32,2018_Kenny Moore II,0
interceptions,2018,Matt Milano,3,0,41,29,2018_Matt Milano,0
interceptions,2018,Bradley McDougald,3,0,39,39,2018_Bradley McDougald,0
interceptions,2018,T.J. McDonald,3,0,41,31,2018_T.J. McDonald,0
interceptions,2018,Cory Littleton,3,1,48,22,2018_Cory Littleton,0
interceptions,2018,Darron Lee,3,1,82,36,2018_Darron Lee,0
interceptions,2018,Desmond King,3,1,75,42,2018_Desmond King,0
interceptions,2018,Reshad Jones,3,1,109,54,2018_Reshad Jones,0
interceptions,2018,Jonathan Jones,3,0,34,28,2018_Jonathan Jones,1
interceptions,2018,Derwin James,3,0,30,23,2018_Derwin James,0
interceptions,2018,J.C. Jackson,3,0,9,9,2018_J.C. Jackson,1
interceptions,2018,Chris Harris,3,1,68,53,2018_Chris Harris,0
interceptions,2018,Anthony Harris,3,0,33,33,2018_Anthony Harris,0
interceptions,2018,Andre Hal,3,0,2,2,2018_Andre Hal,0
interceptions,2018,Marcus Gilchrist,3,0,2,2,2018_Marcus Gilchrist,0
interceptions,2018,Rasul Douglas,3,0,14,17,2018_Rasul Douglas,0
interceptions,2018,Quandre Diggs,3,1,41,37,2018_Quandre Diggs,0
interceptions,2018,Gareon Conley,3,1,64,36,2018_Gareon Conley,0
interceptions,2018,Ha Ha Clinton-Dix,3,0,25,24,2018_Ha Ha Clinton-Dix,0
interceptions,2018,Malcolm Butler,3,1,90,56,2018_Malcolm Butler,0
interceptions,2018,Tre Boston,3,0,9,9,2018_Tre Boston,0
interceptions,2018,Jessie Bates,3,1,42,21,2018_Jessie Bates,0
interceptions,2018,Prince Amukamara,3,1,58,49,2018_Prince Amukamara,0
interceptions,2018,Kiko Alonso,3,0,30,15,2018_Kiko Alonso,0
interceptions,2018,Mike Adams,3,0,11,18,2018_Mike Adams,0
interceptions,2018,Xavier Woods,2,0,15,15,2018_Xavier Woods,0
interceptions,2018,Marcus Williams,2,0,100,78,2018_Marcus Williams,0
interceptions,2018,Tre'Davious White,2,0,37,37,2018_Tre'Davious White,0
interceptions,2018,Leighton Vander Esch,2,0,56,28,2018_Leighton Vander Esch,0
interceptions,2018,Danny Trevathan,2,0,12,12,2018_Danny Trevathan,0
interceptions,2018,Michael Thomas,2,0,26,26,2018_Michael Thomas,0
interceptions,2018,Darian Stewart,2,0,3,3,2018_Darian Stewart,0
interceptions,2018,Telvin Smith,2,1,33,33,2018_Telvin Smith,0
interceptions,2018,Jimmy Smith,2,0,4,4,2018_Jimmy Smith,0
interceptions,2018,Patrick Peterson,2,0,0,0,2018_Patrick Peterson,0
interceptions,2018,Ron Parker,2,1,33,33,2018_Ron Parker,0
interceptions,2018,Reggie Nelson,2,0,0,0,2018_Reggie Nelson,0
interceptions,2018,Tyrann Mathieu,2,0,6,6,2018_Tyrann Mathieu,0
interceptions,2018,Avonte Maddox,2,0,23,23,2018_Avonte Maddox,0
interceptions,2018,Darius Leonard,2,0,38,28,2018_Darius Leonard,0
interceptions,2018,Marshon Lattimore,2,0,0,0,2018_Marshon Lattimore,0
interceptions,2018,Christian Kirksey,2,0,17,13,2018_Christian Kirksey,0
interceptions,2018,Eric Kendricks,2,0,3,3,2018_Eric Kendricks,0
interceptions,2018,Johnathan Joseph,2,1,46,28,2018_Johnathan Joseph,0
interceptions,2018,Deion Jones,2,1,61,41,2018_Deion Jones,0
interceptions,2018,Janoris Jenkins,2,0,29,29,2018_Janoris Jenkins,0
interceptions,2018,Kareem Jackson,2,0,24,13,2018_Kareem Jackson,0
interceptions,2018,Adoree' Jackson,2,0,7,7,2018_Adoree' Jackson,0
interceptions,2018,Micah Hyde,2,0,16,16,2018_Micah Hyde,0
interceptions,2018,Marlon Humphrey,2,0,0,0,2018_Marlon Humphrey,0
interceptions,2018,Malik Hooker,2,0,34,27,2018_Malik Hooker,0
interceptions,2018,Troy Hill,2,0,7,7,2018_Troy Hill,0
interceptions,2018,Erik Harris,2,0,22,21,2018_Erik Harris,0
interceptions,2018,Joe Haden,2,0,0,0,2018_Joe Haden,0
interceptions,2018,Shaquill Griffin,2,0,8,8,2018_Shaquill Griffin,0
interceptions,2018,B.J. Goodson,2,0,8,5,2018_B.J. Goodson,0
interceptions,2018,Stephon Gilmore,2,0,0,0,2018_Stephon Gilmore,1
interceptions,2018,Kendall Fuller,2,0,0,0,2018_Kendall Fuller,0
interceptions,2018,Mason Foster,2,0,4,4,2018_Mason Foster,0
interceptions,2018,Minkah Fitzpatrick,2,1,64,50,2018_Minkah Fitzpatrick,0
interceptions,2018,Tremaine Edmunds,2,0,19,17,2018_Tremaine Edmunds,0
interceptions,2018,Quinton Dunbar,2,0,21,24,2018_Quinton Dunbar,0
interceptions,2018,Morris Claiborne,2,1,17,17,2018_Morris Claiborne,0
interceptions,2018,Brandon Carr,2,0,26,32,2018_Brandon Carr,0
interceptions,2018,Bryce Callahan,2,0,12,12,2018_Bryce Callahan,0
interceptions,2018,Preston Brown,2,0,20,18,2018_Preston Brown,0
interceptions,2018,Bashaud Breeland,2,1,48,26,2018_Bashaud Breeland,0
interceptions,2018,Chris Banjo,2,0,0,0,2018_Chris Banjo,0
interceptions,2018,Eli Apple,2,0,29,29,2018_Eli Apple,0
interceptions,2018,Adrian Amos,2,0,27,26,2018_Adrian Amos,0
interceptions,2018,Lorenzo Alexander,2,0,9,8,2018_Lorenzo Alexander,0
interceptions,2018,Isaac Yiadom,1,0,4,4,2018_Isaac Yiadom,0
interceptions,2018,Daryl Worley,1,0,16,16,2018_Daryl Worley,0
interceptions,2018,Derek Wolfe,1,0,2,2,2018_Derek Wolfe,0
interceptions,2018,Quincy Wilson,1,0,0,0,2018_Quincy Wilson,0
interceptions,2018,Avery Williamson,1,0,36,36,2018_Avery Williamson,0
interceptions,2018,Vince Williams,1,1,17,17,2018_Vince Williams,0
interceptions,2018,Trevor Williams,1,0,86,86,2018_Trevor Williams,0
interceptions,2018,P.J. Williams,1,1,45,45,2018_P.J. Williams,0
interceptions,2018,Tahir Whitehead,1,0,0,0,2018_Tahir Whitehead,0
interceptions,2018,Kyzir White,1,0,9,9,2018_Kyzir White,0
interceptions,2018,B.W. Webb,1,0,0,0,2018_B.W. Webb,0
interceptions,2018,Trae Waynes,1,0,24,24,2018_Trae Waynes,0
interceptions,2018,Tracy Walker III,1,0,0,0,2018_Tracy Walker III,0
interceptions,2018,Anthony Walker,1,0,11,11,2018_Anthony Walker,0
interceptions,2018,Bobby Wagner,1,1,98,98,2018_Bobby Wagner,0
interceptions,2018,Kyle Van Noy,1,0,0,0,2018_Kyle Van Noy,1
interceptions,2018,Kenny Vaccaro,1,0,0,0,2018_Kenny Vaccaro,0
interceptions,2018,Tavon Young,1,0,0,0,2018_Tavon Young,0
interceptions,2018,Tedric Thompson,1,0,0,0,2018_Tedric Thompson,0
interceptions,2018,Dymonte Thomas,1,0,0,0,2018_Dymonte Thomas,0
interceptions,2018,Jaquiski Tartt,1,0,23,23,2018_Jaquiski Tartt,0
interceptions,2018,Aqib Talib,1,0,30,30,2018_Aqib Talib,0
interceptions,2018,Cameron Sutton,1,0,0,0,2018_Cameron Sutton,0
interceptions,2018,Greg Stroman,1,0,23,23,2018_Greg Stroman,0
interceptions,2018,Daniel Sorensen,1,1,54,54,2018_Daniel Sorensen,0
interceptions,2018,Ryan Smith,1,0,0,0,2018_Ryan Smith,0
interceptions,2018,Roquan Smith,1,0,22,22,2018_Roquan Smith,0
interceptions,2018,Preston Smith,1,0,3,3,2018_Preston Smith,0
interceptions,2018,Sam Shields,1,0,22,22,2018_Sam Shields,0
interceptions,2018,Joe Schobert,1,0,0,0,2018_Joe Schobert,0
interceptions,2018,Brennan Scarlett,1,0,8,8,2018_Brennan Scarlett,0
interceptions,2018,Orlando Scandrick,1,0,0,0,2018_Orlando Scandrick,0
interceptions,2018,Isaac Rochell,1,0,4,4,2018_Isaac Rochell,0
interceptions,2018,Bradley Roby,1,0,0,0,2018_Bradley Roby,0
interceptions,2018,Nickell Robey-Coleman,1,0,0,0,2018_Nickell Robey-Coleman,0
interceptions,2018,Darryl Roberts,1,0,3,3,2018_Darryl Roberts,0
interceptions,2018,Denzel Rice,1,0,0,0,2018_Denzel Rice,0
interceptions,2018,Xavier Rhodes,1,0,3,3,2018_Xavier Rhodes,0
interceptions,2018,Eric Reid,1,0,39,39,2018_Eric Reid,0
interceptions,2018,Reggie Ragland,1,0,67,67,2018_Reggie Ragland,0
interceptions,2018,Adrian Phillips,1,0,0,0,2018_Adrian Phillips,0
interceptions,2018,Denzel Perryman,1,0,16,16,2018_Denzel Perryman,0
interceptions,2018,Jabrill Peppers,1,0,0,0,2018_Jabrill Peppers,0
interceptions,2018,Will Parks,1,0,11,11,2018_Will Parks,0
interceptions,2018,Patrick Onwuasor,1,0,33,33,2018_Patrick Onwuasor,0
interceptions,2018,Isaiah Oliver,1,0,0,0,2018_Isaiah Oliver,0
interceptions,2018,George Odum,1,0,14,14,2018_George Odum,0
interceptions,2018,Efe Obada,1,0,0,0,2018_Efe Obada,0
interceptions,2018,Eric Murray,1,0,0,0,2018_Eric Murray,0
interceptions,2018,Captain Munnerlyn,1,0,2,2,2018_Captain Munnerlyn,0
interceptions,2018,C.J. Mosley,1,0,0,0,2018_C.J. Mosley,0
interceptions,2018,Fabian Moreau,1,0,16,16,2018_Fabian Moreau,0
interceptions,2018,Corey Moore,1,0,0,0,2018_Corey Moore,0
interceptions,2018,Terrance Mitchell,1,0,0,0,2018_Terrance Mitchell,0
interceptions,2018,Mike Mitchell,1,0,47,47,2018_Mike Mitchell,0
interceptions,2018,Von Miller,1,0,42,42,2018_Von Miller,0
interceptions,2018,Rashaan Melvin,1,0,15,15,2018_Rashaan Melvin,0
interceptions,2018,Sherrick McManis,1,0,0,0,2018_Sherrick McManis,0
interceptions,2018,Benardrick McKinney,1,0,0,0,2018_Benardrick McKinney,0
interceptions,2018,Jason McCourty,1,0,0,0,2018_Jason McCourty,1
interceptions,2018,Devin McCourty,1,1,84,84,2018_Devin McCourty,1
interceptions,2018,Bobby McCain,1,0,0,0,2018_Bobby McCain,0
interceptions,2018,Marcus Maye,1,0,104,104,2018_Marcus Maye,0
interceptions,2018,Khalil Mack,1,1,27,27,2018_Khalil Mack,0
interceptions,2018,Aaron Lynch,1,0,20,20,2018_Aaron Lynch,0
interceptions,2018,Jordan Lucas,1,0,49,49,2018_Jordan Lucas,0
interceptions,2018,Jourdan Lewis,1,0,7,7,2018_Jourdan Lewis,0
interceptions,2018,Anthony Levine,1,0,16,16,2018_Anthony Levine,0
interceptions,2018,DeMarcus Lawrence,1,0,13,13,2018_DeMarcus Lawrence,0
interceptions,2018,Luke Kuechly,1,0,0,0,2018_Luke Kuechly,0
interceptions,2018,A.J. Klein,1,0,6,6,2018_A.J. Klein,0
interceptions,2018,Kevin King,1,0,0,0,2018_Kevin King,0
interceptions,2018,Derrick Kindred,1,0,0,0,2018_Derrick Kindred,0
interceptions,2018,Lamarcus Joyner,1,0,5,5,2018_Lamarcus Joyner,0
interceptions,2018,Karl Joseph,1,0,5,5,2018_Karl Joseph,0
interceptions,2018,Colin Jones,1,0,5,5,2018_Colin Jones,0
interceptions,2018,Chris Jones,1,1,20,20,2018_Chris Jones,0
interceptions,2018,Adam Jones,1,0,0,0,2018_Adam Jones,0
interceptions,2018,Taron Johnson,1,0,0,0,2018_Taron Johnson,0
interceptions,2018,Isaiah Johnson,1,0,6,6,2018_Isaiah Johnson,0
interceptions,2018,Michael Johnson,1,1,22,22,2018_Michael Johnson,0
interceptions,2018,Malcolm Jenkins,1,0,25,25,2018_Malcolm Jenkins,0
interceptions,2018,Tony Jefferson,1,0,15,15,2018_Tony Jefferson,0
interceptions,2018,Myles Jack,1,1,32,32,2018_Myles Jack,0
interceptions,2018,Melvin Ingram,1,0,8,8,2018_Melvin Ingram,0
interceptions,2018,Mike Hughes,1,1,28,28,2018_Mike Hughes,0
interceptions,2018,Justin Houston,1,0,4,4,2018_Justin Houston,0
interceptions,2018,Mike Hilton,1,0,0,0,2018_Mike Hilton,0
interceptions,2018,Holton Hill,1,0,2,2,2018_Holton Hill,0
interceptions,2018,Dont'a Hightower,1,0,27,27,2018_Dont'a Hightower,1
interceptions,2018,Jeff Heath,1,0,49,49,2018_Jeff Heath,0
interceptions,2018,D.J. Hayden,1,0,10,10,2018_D.J. Hayden,0
interceptions,2018,Ronnie Harrison,1,0,14,14,2018_Ronnie Harrison,0
interceptions,2018,Shelby Harris,1,0,0,0,2018_Shelby Harris,0
interceptions,2018,Justin Hardee,1,0,77,77,2018_Justin Hardee,0
interceptions,2018,Kamu Grugier-Hill,1,0,24,24,2018_Kamu Grugier-Hill,0
interceptions,2018,Corey Graham,1,0,29,29,2018_Corey Graham,0
interceptions,2018,Najee Goode,1,0,16,16,2018_Najee Goode,0
interceptions,2018,Adarius Taylor,1,0,7,7,2018_Adarius Taylor,0
interceptions,2018,Tashaun Gipson,1,0,8,8,2018_Tashaun Gipson,0
interceptions,2018,Nate Gerry,1,0,8,8,2018_Nate Gerry,0
interceptions,2018,E.J. Gaines,1,0,0,0,2018_E.J. Gaines,0
interceptions,2018,Leonard Floyd,1,1,19,19,2018_Leonard Floyd,0
interceptions,2018,Matthias Farley,1,0,7,7,2018_Matthias Farley,0
interceptions,2018,Antone Exum,1,1,32,32,2018_Antone Exum,0
interceptions,2018,Deshazor Everett,1,0,24,24,2018_Deshazor Everett,0
interceptions,2018,Justin Evans,1,0,0,0,2018_Justin Evans,0
interceptions,2018,Jordan Evans,1,0,7,7,2018_Jordan Evans,0
interceptions,2018,Javien Elliott,1,0,50,50,2018_Javien Elliott,0
interceptions,2018,Terrell Edmunds,1,0,35,35,2018_Terrell Edmunds,0
interceptions,2018,Samson Ebukam,1,1,25,25,2018_Samson Ebukam,0
interceptions,2018,Bud Dupree,1,1,10,10,2018_Bud Dupree,0
interceptions,2018,Pierre Desir,1,0,1,1,2018_Pierre Desir,0
interceptions,2018,Todd Davis,1,1,20,20,2018_Todd Davis,0
interceptions,2018,Sean Davis,1,0,27,27,2018_Sean Davis,0
interceptions,2018,Ronald Darby,1,0,16,16,2018_Ronald Darby,0
interceptions,2018,Zach Cunningham,1,1,38,38,2018_Zach Cunningham,0
interceptions,2018,Jack Crawford,1,0,6,6,2018_Jack Crawford,0
interceptions,2018,Blake Countess,1,0,0,0,2018_Blake Countess,0
interceptions,2018,Jamie Collins,1,0,0,0,2018_Jamie Collins,0
interceptions,2018,Justin Coleman,1,0,0,0,2018_Justin Coleman,0
interceptions,2018,Frank Clark,1,0,26,26,2018_Frank Clark,0
interceptions,2018,Chuck Clark,1,0,5,5,2018_Chuck Clark,0
interceptions,2018,Barry Church,1,0,11,11,2018_Barry Church,0
interceptions,2018,Patrick Chung,1,0,2,2,2018_Patrick Chung,1
interceptions,2018,T.J. Carrie,1,0,0,0,2018_T.J. Carrie,0
interceptions,2018,Jayon Brown,1,1,22,22,2018_Jayon Brown,0
interceptions,2018,Anthony Brown,1,0,1,1,2018_Anthony Brown,0
interceptions,2018,James Bradberry,1,0,29,29,2018_James Bradberry,0
interceptions,2018,A.J. Bouye,1,0,9,9,2018_A.J. Bouye,0
interceptions,2018,Bene' Benwikere,1,0,21,21,2018_Bene' Benwikere,0
interceptions,2018,Ja'Whaun Bentley,1,0,0,0,2018_Ja'Whaun Bentley,1
interceptions,2018,Jerome Baker,1,1,25,25,2018_Jerome Baker,0
interceptions,2018,Chidobe Awuzie,1,0,0,0,2018_Chidobe Awuzie,0
interceptions,2018,Alex Anzalone,1,0,2,2,2018_Alex Anzalone,0
interceptions,2018,David Amerson,1,0,25,25,2018_David Amerson,0
interceptions,2018,Ricardo Allen,1,0,28,28,2018_Ricardo Allen,0
interceptions,2018,Jaire Alexander,1,0,27,27,2018_Jaire Alexander,0
interceptions,2018,Walt Aikens,1,0,0,0,2018_Walt Aikens,0
interceptions,2018,Jahleel Addae,1,0,19,19,2018_Jahleel Addae,0
interceptions,2018,Jamal Adams,1,0,38,38,2018_Jamal Adams,0
interceptions,2016,Casey Hayward,7,1,102,31,2016_Casey Hayward,0
interceptions,2016,Dominique Rodgers-Cromartie,6,0,28,28,2016_Dominique Rodgers-Cromartie,0
interceptions,2016,Marcus Peters,6,0,63,28,2016_Marcus Peters,0
interceptions,2016,Quintin Demps,6,0,54,19,2016_Quintin Demps,0
interceptions,2016,Xavier Rhodes,5,1,133,100,2016_Xavier Rhodes,0
interceptions,2016,Reggie Nelson,5,0,74,40,2016_Reggie Nelson,0
interceptions,2016,Jordan Hicks,5,0,41,34,2016_Jordan Hicks,0
interceptions,2016,Stephon Gilmore,5,0,135,49,2016_Stephon Gilmore,0
interceptions,2016,Landon Collins,5,1,72,44,2016_Landon Collins,0
interceptions,2016,Ha Ha Clinton-Dix,5,0,75,27,2016_Ha Ha Clinton-Dix,0
interceptions,2016,Eric Weddle,4,0,92,53,2016_Eric Weddle,0
interceptions,2016,Keith Tandy,4,0,28,28,2016_Keith Tandy,0
interceptions,2016,Richard Sherman,4,0,37,31,2016_Richard Sherman,0
interceptions,2016,C.J. Mosley,4,0,40,28,2016_C.J. Mosley,0
interceptions,2016,Tony Lippett,4,0,0,0,2016_Tony Lippett,0
interceptions,2016,Brent Grimes,4,1,37,31,2016_Brent Grimes,0
interceptions,2016,Marcus Cooper,4,1,95,60,2016_Marcus Cooper,0
interceptions,2016,Kurt Coleman,4,1,57,37,2016_Kurt Coleman,0
interceptions,2016,Malcolm Butler,4,0,28,21,2016_Malcolm Butler,1
interceptions,2016,Eric Berry,4,2,98,42,2016_Eric Berry,0
interceptions,2016,Shawn Williams,3,0,14,13,2016_Shawn Williams,0
interceptions,2016,Trae Waynes,3,0,4,4,2016_Trae Waynes,0
interceptions,2016,Jamar Taylor,3,0,43,29,2016_Jamar Taylor,0
interceptions,2016,Aqib Talib,3,1,86,46,2016_Aqib Talib,0
interceptions,2016,D.J. Swearinger,3,0,13,12,2016_D.J. Swearinger,0
interceptions,2016,Darian Stewart,3,0,36,25,2016_Darian Stewart,0
interceptions,2016,Daniel Sorensen,3,1,48,48,2016_Daniel Sorensen,0
interceptions,2016,Ryan Shazier,3,0,0,0,2016_Ryan Shazier,0
interceptions,2016,Damarious Randall,3,0,91,44,2016_Damarious Randall,0
interceptions,2016,Patrick Peterson,3,0,27,25,2016_Patrick Peterson,0
interceptions,2016,Zach Orr,3,0,23,14,2016_Zach Orr,0
interceptions,2016,Josh Norman,3,0,38,35,2016_Josh Norman,0
interceptions,2016,Rodney McLeod,3,0,5,5,2016_Rodney McLeod,0
interceptions,2016,Dre Kirkpatrick,3,0,21,21,2016_Dre Kirkpatrick,0
interceptions,2016,Deion Jones,3,2,165,90,2016_Deion Jones,0
interceptions,2016,Malcolm Jenkins,3,2,98,64,2016_Malcolm Jenkins,0
interceptions,2016,Janoris Jenkins,3,0,26,23,2016_Janoris Jenkins,0
interceptions,2016,George Iloka,3,0,21,21,2016_George Iloka,0
interceptions,2016,Micah Hyde,3,0,11,11,2016_Micah Hyde,0
interceptions,2016,Joe Haden,3,0,9,9,2016_Joe Haden,0
interceptions,2016,Thomas Davis,3,0,35,31,2016_Thomas Davis,0
interceptions,2016,Perrish Cox,3,0,3,3,2016_Perrish Cox,0
interceptions,2016,Darius Butler,3,0,19,19,2016_Darius Butler,0
interceptions,2016,Artie Burns,3,0,13,9,2016_Artie Burns,0
interceptions,2016,Bashaud Breeland,3,0,32,26,2016_Bashaud Breeland,0
interceptions,2016,Briean Boddy-Calhoun,3,1,94,67,2016_Briean Boddy-Calhoun,0
interceptions,2016,Tavon Wilson,2,0,23,18,2016_Tavon Wilson,0
interceptions,2016,Marcus Williams,2,0,14,14,2016_Marcus Williams,0
interceptions,2016,Corey White,2,0,0,0,2016_Corey White,0
interceptions,2016,Kenny Vaccaro,2,0,30,30,2016_Kenny Vaccaro,0
interceptions,2016,Tavon Young,2,0,22,16,2016_Tavon Young,0
interceptions,2016,Lawrence Timmons,2,0,74,58,2016_Lawrence Timmons,0
interceptions,2016,Earl Thomas,2,0,5,5,2016_Earl Thomas,0
interceptions,2016,Telvin Smith,2,0,0,0,2016_Telvin Smith,0
interceptions,2016,Sean Smith,2,0,27,27,2016_Sean Smith,0
interceptions,2016,Darius Slay,2,0,24,13,2016_Darius Slay,0
interceptions,2016,Justin Simmons,2,0,83,45,2016_Justin Simmons,0
interceptions,2016,Andrew Sendejo,2,0,18,16,2016_Andrew Sendejo,0
interceptions,2016,Logan Ryan,2,0,46,46,2016_Logan Ryan,1
interceptions,2016,Bradley Roby,2,2,102,51,2016_Bradley Roby,0
interceptions,2016,Nickell Robey-Coleman,2,1,44,41,2016_Nickell Robey-Coleman,0
interceptions,2016,Trovon Reed,2,0,6,3,2016_Trovon Reed,0
interceptions,2016,Jalen Ramsey,2,1,65,35,2016_Jalen Ramsey,0
interceptions,2016,Glover Quin,2,0,0,0,2016_Glover Quin,0
interceptions,2016,Jerraud Powers,2,0,1,1,2016_Jerraud Powers,0
interceptions,2016,Tracy Porter,2,0,28,25,2016_Tracy Porter,0
interceptions,2016,Alec Ogletree,2,0,15,8,2016_Alec Ogletree,0
interceptions,2016,Sterling Moore,2,0,8,8,2016_Sterling Moore,0
interceptions,2016,Leodis McKelvin,2,1,29,29,2016_Leodis McKelvin,0
interceptions,2016,Bradley McDougald,2,0,32,32,2016_Bradley McDougald,0
interceptions,2016,T.J. McDonald,2,0,0,0,2016_T.J. McDonald,0
interceptions,2016,Jason McCourty,2,0,7,6,2016_Jason McCourty,0
interceptions,2016,Brice McCain,2,0,33,33,2016_Brice McCain,0
interceptions,2016,Byron Maxwell,2,0,29,27,2016_Byron Maxwell,0
interceptions,2016,Cre'von LeBlanc,2,1,24,24,2016_Cre'von LeBlanc,0
interceptions,2016,Gerald Hodges,2,0,27,21,2016_Gerald Hodges,0
interceptions,2016,Chris Harris,2,0,36,36,2016_Chris Harris,0
interceptions,2016,Andre Hal,2,0,36,24,2016_Andre Hal,0
interceptions,2016,Marcus Gilchrist,2,0,25,25,2016_Marcus Gilchrist,0
interceptions,2016,Chris Conte,2,1,73,53,2016_Chris Conte,0
interceptions,2016,Jamie Collins,2,0,31,18,2016_Jamie Collins,1
interceptions,2016,Jalen Collins,2,0,37,37,2016_Jalen Collins,0
interceptions,2016,Barry Church,2,0,14,14,2016_Barry Church,0
interceptions,2016,Kam Chancellor,2,0,5,5,2016_Kam Chancellor,0
interceptions,2016,Jairus Byrd,2,0,35,24,2016_Jairus Byrd,0
interceptions,2016,Rafael Bush,2,1,39,39,2016_Rafael Bush,0
interceptions,2016,Morgan Burnett,2,0,19,19,2016_Morgan Burnett,0
interceptions,2016,Vontaze Burfict,2,0,54,47,2016_Vontaze Burfict,0
interceptions,2016,James Bradberry,2,0,21,16,2016_James Bradberry,0
interceptions,2016,Tre Boston,2,0,29,22,2016_Tre Boston,0
interceptions,2016,Mark Barron,2,0,8,7,2016_Mark Barron,0
interceptions,2016,David Amerson,2,0,0,0,2016_David Amerson,0
interceptions,2016,Kiko Alonso,2,1,70,60,2016_Kiko Alonso,0
interceptions,2016,Ricardo Allen,2,0,3,3,2016_Ricardo Allen,0
interceptions,2016,Nate Allen,2,0,5,4,2016_Nate Allen,0
interceptions,2016,Robert Alford,2,1,34,30,2016_Robert Alford,0
interceptions,2016,Maurice Alexander,2,0,19,19,2016_Maurice Alexander,0
interceptions,2016,Mike Adams,2,0,56,56,2016_Mike Adams,0
interceptions,2016,Isa Abdul-Quddus,2,0,16,9,2016_Isa Abdul-Quddus,0
interceptions,2016,Daryl Worley,1,0,22,22,2016_Daryl Worley,0
interceptions,2016,Wesley Woodyard,1,0,21,21,2016_Wesley Woodyard,0
interceptions,2016,Ramik Wilson,1,0,6,6,2016_Ramik Wilson,0
interceptions,2016,Avery Williamson,1,0,0,0,2016_Avery Williamson,0
interceptions,2016,Tramon Williams,1,0,0,0,2016_Tramon Williams,0
interceptions,2016,Teddy Williams,1,0,19,19,2016_Teddy Williams,0
interceptions,2016,J.J. Wilcox,1,0,8,8,2016_J.J. Wilcox,0
interceptions,2016,D.J. White,1,0,0,0,2016_D.J. White,0
interceptions,2016,Lardarius Webb,1,0,0,0,2016_Lardarius Webb,0
interceptions,2016,B.W. Webb,1,0,7,7,2016_B.W. Webb,0
interceptions,2016,T.J. Ward,1,0,23,23,2016_T.J. Ward,0
interceptions,2016,Jimmie Ward,1,0,8,8,2016_Jimmie Ward,0
interceptions,2016,Cameron Wake,1,0,12,12,2016_Cameron Wake,0
interceptions,2016,Bobby Wagner,1,0,9,9,2016_Bobby Wagner,0
interceptions,2016,Jason Verrett,1,0,0,0,2016_Jason Verrett,0
interceptions,2016,Alterraun Verner,1,0,16,16,2016_Alterraun Verner,0
interceptions,2016,Kyle Van Noy,1,0,0,0,2016_Kyle Van Noy,1
interceptions,2016,Desmond Trufant,1,0,9,9,2016_Desmond Trufant,0
interceptions,2016,Brynden Trawick,1,0,0,0,2016_Brynden Trawick,0
interceptions,2016,Joe Thomas,1,0,9,9,2016_Joe Thomas,0
interceptions,2016,Nate Stupar,1,0,0,0,2016_Nate Stupar,0
interceptions,2016,Daimion Stafford,1,0,4,4,2016_Daimion Stafford,0
interceptions,2016,Martrell Spaight,1,0,8,8,2016_Martrell Spaight,0
interceptions,2016,Preston Smith,1,0,22,22,2016_Preston Smith,0
interceptions,2016,Malcolm Smith,1,0,0,0,2016_Malcolm Smith,0
interceptions,2016,Daryl Smith,1,0,0,0,2016_Daryl Smith,0
interceptions,2016,Buster Skrine,1,0,51,51,2016_Buster Skrine,0
interceptions,2016,LeShaun Sims,1,0,0,0,2016_LeShaun Sims,0
interceptions,2016,DeShawn Shead,1,0,2,2,2016_DeShawn Shead,0
interceptions,2016,Josh Shaw,1,0,0,0,2016_Josh Shaw,0
interceptions,2016,Da'Norris Searcy,1,0,0,0,2016_Da'Norris Searcy,0
interceptions,2016,Orlando Scandrick,1,0,0,0,2016_Orlando Scandrick,0
interceptions,2016,KeiVarae Russell,1,0,0,0,2016_KeiVarae Russell,0
interceptions,2016,Eric Rowe,1,0,0,0,2016_Eric Rowe,1
interceptions,2016,Quinten Rollins,1,0,0,0,2016_Quinten Rollins,0
interceptions,2016,Rashard Robinson,1,0,0,0,2016_Rashard Robinson,0
interceptions,2016,Craig Robertson,1,0,29,29,2016_Craig Robertson,0
interceptions,2016,Vincent Rey,1,0,6,6,2016_Vincent Rey,0
interceptions,2016,Darrelle Revis,1,0,51,51,2016_Darrelle Revis,0
interceptions,2016,Eric Reid,1,0,13,13,2016_Eric Reid,0
interceptions,2016,Bacarri Rambo,1,0,17,17,2016_Bacarri Rambo,0
interceptions,2016,Paul Posluszny,1,0,0,0,2016_Paul Posluszny,0
interceptions,2016,Brian Poole,1,0,24,24,2016_Brian Poole,0
interceptions,2016,Jordan Phillips,1,0,17,17,2016_Jordan Phillips,0
interceptions,2016,Adrian Phillips,1,0,22,22,2016_Adrian Phillips,0
interceptions,2016,Denzel Perryman,1,0,1,1,2016_Denzel Perryman,0
interceptions,2016,Nick Perry,1,0,0,0,2016_Nick Perry,0
interceptions,2016,Will Parks,1,0,1,1,2016_Will Parks,0
interceptions,2016,Ron Parker,1,0,1,1,2016_Ron Parker,0
interceptions,2016,Yannick Ngakoue,1,0,9,9,2016_Yannick Ngakoue,0
interceptions,2016,Terence Newman,1,0,0,0,2016_Terence Newman,0
interceptions,2016,Robert Nelson,1,0,0,0,2016_Robert Nelson,0
interceptions,2016,Darryl Morris,1,0,0,0,2016_Darryl Morris,0
interceptions,2016,Mike Morgan,1,0,14,14,2016_Mike Morgan,0
interceptions,2016,Mike Mitchell,1,0,26,26,2016_Mike Mitchell,0
interceptions,2016,Harlan Miller,1,0,52,52,2016_Harlan Miller,0
interceptions,2016,Brandon Mebane,1,0,5,5,2016_Brandon Mebane,0
interceptions,2016,Devin McCourty,1,0,0,0,2016_Devin McCourty,1
interceptions,2016,Dexter McCoil,1,0,0,0,2016_Dexter McCoil,0
interceptions,2016,Bobby McCain,1,0,0,0,2016_Bobby McCain,0
interceptions,2016,Lorenzo Mauldin,1,0,0,0,2016_Lorenzo Mauldin,0
interceptions,2016,Rey Maualuga,1,0,9,9,2016_Rey Maualuga,0
interceptions,2016,Tyrann Mathieu,1,0,9,5,2016_Tyrann Mathieu,0
interceptions,2016,Blake Martinez,1,0,4,4,2016_Blake Martinez,0
interceptions,2016,Craig Mager,1,0,8,8,2016_Craig Mager,0
interceptions,2016,Khalil Mack,1,1,6,6,2016_Khalil Mack,0
interceptions,2016,Dwight Lowery,1,0,25,25,2016_Dwight Lowery,0
interceptions,2016,Chris Lewis-Harris,1,0,11,11,2016_Chris Lewis-Harris,0
interceptions,2016,Luke Kuechly,1,0,1,1,2016_Luke Kuechly,0
interceptions,2016,Miles Killebrew,1,0,7,7,2016_Miles Killebrew,0
interceptions,2016,Eric Kendricks,1,1,77,77,2016_Eric Kendricks,0
interceptions,2016,Karl Joseph,1,0,21,21,2016_Karl Joseph,0
interceptions,2016,Harold Jones-Quartey,1,0,0,0,2016_Harold Jones-Quartey,0
interceptions,2016,Reshad Jones,1,0,17,17,2016_Reshad Jones,0
interceptions,2016,Jarvis Jones,1,0,20,20,2016_Jarvis Jones,0
interceptions,2016,Byron Jones,1,0,7,7,2016_Byron Jones,0
interceptions,2016,Adam Jones,1,0,2,2,2016_Adam Jones,0
interceptions,2016,Trumaine Johnson,1,0,0,0,2016_Trumaine Johnson,0
interceptions,2016,Tom Johnson,1,0,4,4,2016_Tom Johnson,0
interceptions,2016,Derrick Johnson,1,1,55,55,2016_Derrick Johnson,0
interceptions,2016,Timmy Jernigan,1,0,0,0,2016_Timmy Jernigan,0
interceptions,2016,Kareem Jackson,1,1,42,42,2016_Kareem Jackson,0
interceptions,2016,Demontre Hurst,1,0,0,0,2016_Demontre Hurst,0
interceptions,2016,Mike Hull,1,0,8,8,2016_Mike Hull,0
interceptions,2016,Jeff Heath,1,0,19,19,2016_Jeff Heath,0
interceptions,2016,James Harrison,1,0,0,0,2016_James Harrison,0
interceptions,2016,Duron Harmon,1,0,0,0,2016_Duron Harmon,1
interceptions,2016,Vernon Hargreaves III,1,0,0,0,2016_Vernon Hargreaves III,0
interceptions,2016,Leon Hall,1,0,29,29,2016_Leon Hall,0
interceptions,2016,Deiondre' Hall,1,0,0,0,2016_Deiondre' Hall,0
interceptions,2016,Chad Greenway,1,0,17,17,2016_Chad Greenway,0
interceptions,2016,Shaq Thompson,1,0,12,12,2016_Shaq Thompson,0
interceptions,2016,Corey Graham,1,0,0,0,2016_Corey Graham,0
interceptions,2016,Jacoby Glenn,1,0,21,21,2016_Jacoby Glenn,0
interceptions,2016,Tashaun Gipson,1,0,30,30,2016_Tashaun Gipson,0
interceptions,2016,William Gay,1,0,0,0,2016_William Gay,0
interceptions,2016,Phillip Gaines,1,0,0,0,2016_Phillip Gaines,0
interceptions,2016,Brandon Flowers,1,1,33,33,2016_Brandon Flowers,0
interceptions,2016,Deshazor Everett,1,0,0,0,2016_Deshazor Everett,0
interceptions,2016,Kony Ealy,1,0,7,7,2016_Kony Ealy,0
interceptions,2016,Quinton Dunbar,1,0,0,0,2016_Quinton Dunbar,0
interceptions,2016,Vontae Davis,1,0,0,0,2016_Vontae Davis,0
interceptions,2016,Sean Davis,1,0,0,0,2016_Sean Davis,0
interceptions,2016,Cody Davis,1,0,29,29,2016_Cody Davis,0
interceptions,2016,Lavonte David,1,1,15,15,2016_Lavonte David,0
interceptions,2016,Will Davis,1,0,0,0,2016_Will Davis,0
interceptions,2016,Su'a Cravens,1,0,2,2,2016_Su'a Cravens,0
interceptions,2016,Will Compton,1,0,5,5,2016_Will Compton,0
interceptions,2016,Morris Claiborne,1,0,27,27,2016_Morris Claiborne,0
interceptions,2016,Patrick Chung,1,0,4,4,2016_Patrick Chung,1
interceptions,2016,Nolan Carroll,1,0,0,0,2016_Nolan Carroll,0
interceptions,2016,T.J. Carrie,1,0,14,14,2016_T.J. Carrie,0
interceptions,2016,Brandon Carr,1,0,0,0,2016_Brandon Carr,0
interceptions,2016,De'Vondre Campbell,1,0,7,7,2016_De'Vondre Campbell,0
interceptions,2016,Calais Campbell,1,0,1,1,2016_Calais Campbell,0
interceptions,2016,Juston Burris,1,0,0,0,2016_Juston Burris,0
interceptions,2016,Zach Brown,1,0,0,0,2016_Zach Brown,0
interceptions,2016,Anthony Brown,1,0,0,0,2016_Anthony Brown,0
interceptions,2016,Terrence Brooks,1,0,6,6,2016_Terrence Brooks,0
interceptions,2016,Tramaine Brock,1,0,39,39,2016_Tramaine Brock,0
interceptions,2016,Nigel Bradham,1,0,28,28,2016_Nigel Bradham,0
interceptions,2016,NaVorro Bowman,1,0,0,0,2016_NaVorro Bowman,0
interceptions,2016,A.J. Bouye,1,0,0,0,2016_A.J. Bouye,0
interceptions,2016,Will Blackmon,1,0,79,79,2016_Will Blackmon,0
interceptions,2016,Justin Bethel,1,1,66,66,2016_Justin Bethel,0
interceptions,2016,Antoine Bethea,1,0,0,0,2016_Antoine Bethea,0
interceptions,2016,Bene' Benwikere,1,0,1,1,2016_Bene' Benwikere,0
interceptions,2016,Nick Bellore,1,0,4,4,2016_Nick Bellore,0
interceptions,2016,Johnson Bademosi,1,0,3,3,2016_Johnson Bademosi,0
interceptions,2016,Akeem Ayers,1,0,25,25,2016_Akeem Ayers,0
interceptions,2016,Ray-Ray Armstrong,1,0,5,5,2016_Ray-Ray Armstrong,0
interceptions,2016,Eli Apple,1,0,0,0,2016_Eli Apple,0
interceptions,2016,Lorenzo Alexander,1,0,28,28,2016_Lorenzo Alexander,0
interceptions,2016,Kwon Alexander,1,1,38,38,2016_Kwon Alexander,0
interceptions,2016,Jahleel Addae,1,1,90,90,2016_Jahleel Addae,0
interceptions,2016,Andrew Adams,1,0,19,19,2016_Andrew Adams,0
interceptions,2021,Trevon Diggs,11,2,142,59,2021_Trevon Diggs,0
interceptions,2021,J.C. Jackson,8,1,92,88,2021_J.C. Jackson,0
interceptions,2021,Amani Oruwariye,6,0,73,50,2021_Amani Oruwariye,0
interceptions,2021,Justin Simmons,5,0,76,35,2021_Justin Simmons,0
interceptions,2021,Jordan Poyer,5,0,87,26,2021_Jordan Poyer,0
interceptions,2021,Xavier McKinney,5,1,64,41,2021_Xavier McKinney,0
interceptions,2021,Micah Hyde,5,1,59,26,2021_Micah Hyde,0
interceptions,2021,Xavien Howard,5,1,54,37,2021_Xavien Howard,0
interceptions,2021,Rasul Douglas,5,2,105,55,2021_Rasul Douglas,0
interceptions,2021,Quandre Diggs,5,0,68,29,2021_Quandre Diggs,0
interceptions,2021,Kevin Byard,5,1,66,24,2021_Kevin Byard,0
interceptions,2021,Logan Wilson,4,0,31,18,2021_Logan Wilson,0
interceptions,2021,Pat Surtain II,4,1,70,70,2021_Pat Surtain II,0
interceptions,2021,Taylor Rapp,4,0,31,18,2021_Taylor Rapp,1
interceptions,2021,Jalen Ramsey,4,0,41,25,2021_Jalen Ramsey,1
interceptions,2021,Adrian Phillips,4,1,39,26,2021_Adrian Phillips,0
interceptions,2021,Byron Murphy,4,1,49,29,2021_Byron Murphy,0
interceptions,2021,Kenny Moore II,4,0,78,32,2021_Kenny Moore II,0
interceptions,2021,Bobby McCain,4,1,63,30,2021_Bobby McCain,0
interceptions,2021,Darius Leonard,4,0,12,7,2021_Darius Leonard,0
interceptions,2021,Kyle Dugger,4,0,100,37,2021_Kyle Dugger,0
interceptions,2021,James Bradberry,4,0,19,14,2021_James Bradberry,0
interceptions,2021,Xavier Woods,3,0,54,27,2021_Xavier Woods,0
interceptions,2021,Ahkello Witherspoon,3,0,45,41,2021_Ahkello Witherspoon,0
interceptions,2021,P.J. Williams,3,1,86,46,2021_P.J. Williams,0
interceptions,2021,Denzel Ward,3,1,103,99,2021_Denzel Ward,0
interceptions,2021,Jalen Thompson,3,0,49,33,2021_Jalen Thompson,0
interceptions,2021,A.J. Terrell,3,0,42,35,2021_A.J. Terrell,0
interceptions,2021,Chandon Sullivan,3,0,14,13,2021_Chandon Sullivan,0
interceptions,2021,Darius Slay,3,1,76,51,2021_Darius Slay,0
interceptions,2021,Isaiah Rodgers,3,0,24,12,2021_Isaiah Rodgers,0
interceptions,2021,Foye Oluokun,3,0,80,56,2021_Foye Oluokun,0
interceptions,2021,Devin McCourty,3,0,22,22,2021_Devin McCourty,0
interceptions,2021,Tyrann Mathieu,3,1,56,34,2021_Tyrann Mathieu,0
interceptions,2021,Jourdan Lewis,3,0,88,66,2021_Jourdan Lewis,0
interceptions,2021,Marshon Lattimore,3,0,35,20,2021_Marshon Lattimore,0
interceptions,2021,Desmond King,3,0,25,25,2021_Desmond King,0
interceptions,2021,John Johnson,3,0,31,31,2021_John Johnson,0
interceptions,2021,Lonnie Johnson,3,0,47,32,2021_Lonnie Johnson,0
interceptions,2021,Chauncey Gardner-Johnson,3,0,45,26,2021_Chauncey Gardner-Johnson,0
interceptions,2021,Mike Edwards,3,2,46,31,2021_Mike Edwards,0
interceptions,2021,Anthony Brown,3,1,45,45,2021_Anthony Brown,0
interceptions,2021,Anthony Barr,3,0,11,8,2021_Anthony Barr,0
interceptions,2021,Budda Baker,3,0,101,77,2021_Budda Baker,0
interceptions,2021,Anthony Averett,3,0,21,21,2021_Anthony Averett,0
interceptions,2021,Paulson Adebo,3,0,50,33,2021_Paulson Adebo,0
interceptions,2021,Antoine Winfield Jr.,2,0,30,30,2021_Antoine Winfield Jr.,0
interceptions,2021,Eric Wilson,2,0,14,14,2021_Eric Wilson,0
interceptions,2021,Khari Willis,2,0,0,0,2021_Khari Willis,0
interceptions,2021,Marcus Williams,2,0,56,53,2021_Marcus Williams,0
interceptions,2021,Greedy Williams,2,0,7,7,2021_Greedy Williams,0
interceptions,2021,Jordan Whitehead,2,0,24,17,2021_Jordan Whitehead,0
interceptions,2021,Kyzir White,2,0,22,22,2021_Kyzir White,0
interceptions,2021,Jimmie Ward,2,1,27,27,2021_Jimmie Ward,0
interceptions,2021,Charvarius Ward,2,0,0,0,2021_Charvarius Ward,0
interceptions,2021,Levi Wallace,2,0,29,15,2021_Levi Wallace,0
interceptions,2021,Tavierre Thomas,2,1,48,48,2021_Tavierre Thomas,0
interceptions,2021,Cameron Sutton,2,0,4,4,2021_Cameron Sutton,0
interceptions,2021,Caden Sterns,2,0,47,46,2021_Caden Sterns,0
interceptions,2021,Daniel Sorensen,2,1,75,75,2021_Daniel Sorensen,0
interceptions,2021,L'Jarius Sneed,2,0,2,2,2021_L'Jarius Sneed,0
interceptions,2021,Malcolm Smith,2,0,1,1,2021_Malcolm Smith,0
interceptions,2021,Nick Scott,2,0,3,3,2021_Nick Scott,1
interceptions,2021,Darnell Savage,2,0,0,0,2021_Darnell Savage,0
interceptions,2021,Asante Samuel Jr.,2,0,26,26,2021_Asante Samuel Jr.,0
interceptions,2021,Justin Reid,2,0,45,24,2021_Justin Reid,0
interceptions,2021,Troy Reeder,2,0,2,2,2021_Troy Reeder,1
interceptions,2021,D.J. Reed,2,0,9,7,2021_D.J. Reed,0
interceptions,2021,Bobby Okereke,2,0,20,16,2021_Bobby Okereke,0
interceptions,2021,Nik Needham,2,1,28,28,2021_Nik Needham,0
interceptions,2021,Rodney McLeod,2,0,24,24,2021_Rodney McLeod,0
interceptions,2021,David Long,2,0,6,6,2021_David Long,1
interceptions,2021,Eric Kendricks,2,0,22,22,2021_Eric Kendricks,0
interceptions,2021,Jayron Kearse,2,0,34,34,2021_Jayron Kearse,0
interceptions,2021,Damontae Kazee,2,0,8,8,2021_Damontae Kazee,0
interceptions,2021,Ernest Jones,2,0,50,31,2021_Ernest Jones,1
interceptions,2021,Derwin James,2,0,20,15,2021_Derwin James,0
interceptions,2021,William Jackson,2,0,0,0,2021_William Jackson,0
interceptions,2021,Donte Jackson,2,0,21,21,2021_Donte Jackson,0
interceptions,2021,Jevon Holland,2,0,0,0,2021_Jevon Holland,0
interceptions,2021,Cole Holcomb,2,1,54,31,2021_Cole Holcomb,0
interceptions,2021,Mike Hilton,2,1,59,35,2021_Mike Hilton,0
interceptions,2021,Jaylinn Hawkins,2,0,11,11,2021_Jaylinn Hawkins,0
interceptions,2021,Duron Harmon,2,0,0,0,2021_Duron Harmon,0
interceptions,2021,Shaq Thompson,2,0,39,29,2021_Shaq Thompson,0
interceptions,2021,Tashaun Gipson,2,0,31,31,2021_Tashaun Gipson,0
interceptions,2021,Stephon Gilmore,2,0,13,13,2021_Stephon Gilmore,0
interceptions,2021,Willie Gay Jr.,2,0,14,13,2021_Willie Gay Jr.,0
interceptions,2021,Kristian Fulton,2,0,13,13,2021_Kristian Fulton,0
interceptions,2021,Minkah Fitzpatrick,2,0,18,18,2021_Minkah Fitzpatrick,0
interceptions,2021,Rashaan Evans,2,0,1,1,2021_Rashaan Evans,0
interceptions,2021,Terrell Edmunds,2,0,15,15,2021_Terrell Edmunds,0
interceptions,2021,Brandin Echols,2,1,50,30,2021_Brandin Echols,0
interceptions,2021,Pierre Desir,2,0,0,0,2021_Pierre Desir,0
interceptions,2021,Jamel Dean,2,0,6,6,2021_Jamel Dean,0
interceptions,2021,Ashtyn Davis,2,0,18,18,2021_Ashtyn Davis,0
interceptions,2021,Tae Crowder,2,0,26,17,2021_Tae Crowder,0
interceptions,2021,Landon Collins,2,0,3,3,2021_Landon Collins,0
interceptions,2021,Justin Coleman,2,0,0,0,2021_Justin Coleman,0
interceptions,2021,Chuck Clark,2,1,17,17,2021_Chuck Clark,0
interceptions,2021,Tyson Campbell,2,0,3,3,2021_Tyson Campbell,0
interceptions,2021,De'Vondre Campbell,2,0,15,13,2021_De'Vondre Campbell,0
interceptions,2021,Deon Bush,2,0,42,27,2021_Deon Bush,0
interceptions,2021,Bashaud Breeland,2,0,26,18,2021_Bashaud Breeland,0
interceptions,2021,Chidobe Awuzie,2,0,42,42,2021_Chidobe Awuzie,0
interceptions,2021,Eli Apple,2,0,50,50,2021_Eli Apple,0
interceptions,2021,Adrian Amos,2,0,0,0,2021_Adrian Amos,0
interceptions,2021,Jamal Adams,2,0,0,0,2021_Jamal Adams,0
interceptions,2021,Andrew Wingard,1,0,23,23,2021_Andrew Wingard,0
interceptions,2021,Damien Wilson,1,0,1,1,2021_Damien Wilson,0
interceptions,2021,K'Waun Williams,1,0,4,4,2021_K'Waun Williams,0
interceptions,2021,Tre'Davious White,1,0,0,0,2021_Tre'Davious White,0
interceptions,2021,Tershawn Wharton,1,0,0,0,2021_Tershawn Wharton,0
interceptions,2021,Carlos Watkins,1,1,29,29,2021_Carlos Watkins,0
interceptions,2021,Tracy Walker III,1,0,5,5,2021_Tracy Walker III,0
interceptions,2021,Mykal Walker,1,1,66,66,2021_Mykal Walker,0
interceptions,2021,Bobby Wagner,1,0,3,3,2021_Bobby Wagner,0
interceptions,2021,Nick Vigil,1,1,38,38,2021_Nick Vigil,0
interceptions,2021,Kyle Van Noy,1,1,35,35,2021_Kyle Van Noy,0
interceptions,2021,Leighton Vander Esch,1,0,7,7,2021_Leighton Vander Esch,0
interceptions,2021,Tavon Young,1,0,0,0,2021_Tavon Young,0
interceptions,2021,Juan Thornhill,1,0,13,13,2021_Juan Thornhill,0
interceptions,2021,Ambry Thomas,1,0,0,0,2021_Ambry Thomas,0
interceptions,2021,Geno Stone,1,0,0,0,2021_Geno Stone,0
interceptions,2021,Eric Stokes,1,0,0,0,2021_Eric Stokes,0
interceptions,2021,Roquan Smith,1,1,53,53,2021_Roquan Smith,0
interceptions,2021,Harrison Smith,1,0,10,10,2021_Harrison Smith,0
interceptions,2021,Buster Skrine,1,0,17,17,2021_Buster Skrine,0
interceptions,2021,Alex Singleton,1,1,29,29,2021_Alex Singleton,0
interceptions,2021,Isaiah Simmons,1,0,0,0,2021_Isaiah Simmons,0
interceptions,2021,Richard Sherman,1,0,0,0,2021_Richard Sherman,0
interceptions,2021,Joe Schobert,1,0,23,23,2021_Joe Schobert,0
interceptions,2021,Greg Rousseau,1,0,3,3,2021_Greg Rousseau,0
interceptions,2021,Robert Rochell,1,0,1,1,2021_Robert Rochell,1
interceptions,2021,Bradley Roby,1,0,2,2,2021_Bradley Roby,0
interceptions,2021,Elandon Roberts,1,1,85,85,2021_Elandon Roberts,0
interceptions,2021,Malcolm Roach,1,0,5,5,2021_Malcolm Roach,0
interceptions,2021,Xavier Rhodes,1,0,4,4,2021_Xavier Rhodes,0
interceptions,2021,Germaine Pratt,1,0,4,4,2021_Germaine Pratt,0
interceptions,2021,James Pierre,1,0,0,0,2021_James Pierre,0
interceptions,2021,Patrick Peterson,1,1,66,66,2021_Patrick Peterson,0
interceptions,2021,AJ Parker,1,0,0,0,2021_AJ Parker,0
interceptions,2021,Jonathan Owens,1,0,7,7,2021_Jonathan Owens,0
interceptions,2021,Julian Okwara,1,0,9,9,2021_Julian Okwara,0
interceptions,2021,George Odum,1,0,21,21,2021_George Odum,0
interceptions,2021,Uchenna Nwosu,1,0,2,2,2021_Uchenna Nwosu,0
interceptions,2021,Tre Norwood,1,0,0,0,2021_Tre Norwood,0
interceptions,2021,Josh Norman,1,0,33,33,2021_Josh Norman,0
interceptions,2021,Nick Niemann,1,0,0,0,2021_Nick Niemann,0
interceptions,2021,Steven Nelson,1,0,4,4,2021_Steven Nelson,0
interceptions,2021,Sharrod Neasman,1,0,13,13,2021_Sharrod Neasman,0
interceptions,2021,Eric Murray,1,0,0,0,2021_Eric Murray,0
interceptions,2021,Trayvon Mullen,1,0,15,15,2021_Trayvon Mullen,0
interceptions,2021,Emmanuel Moseley,1,0,0,0,2021_Emmanuel Moseley,0
interceptions,2021,C.J. Moore,1,0,21,21,2021_C.J. Moore,0
interceptions,2021,Elijah Molden,1,1,2,2,2021_Elijah Molden,0
interceptions,2021,Trevon Moehrig,1,0,35,35,2021_Trevon Moehrig,0
interceptions,2021,Terrance Mitchell,1,0,22,22,2021_Terrance Mitchell,0
interceptions,2021,Steve McLendon,1,0,0,0,2021_Steve McLendon,0
interceptions,2021,Tyler Matakevich,1,0,15,15,2021_Tyler Matakevich,0
interceptions,2021,Avonte Maddox,1,0,0,0,2021_Avonte Maddox,0
interceptions,2021,Blake Lynch,1,0,2,2,2021_Blake Lynch,0
interceptions,2021,Julian Love,1,0,0,0,2021_Julian Love,0
interceptions,2021,David Long,1,0,0,0,2021_David Long,1
interceptions,2021,Tyquan Lewis,1,0,8,8,2021_Tyquan Lewis,0
interceptions,2021,Shaq Lawson,1,0,1,1,2021_Shaq Lawson,0
interceptions,2021,Nevin Lawson,1,0,11,11,2021_Nevin Lawson,0
interceptions,2021,DeMarcus Lawrence,1,1,40,40,2021_DeMarcus Lawrence,0
interceptions,2021,A.J. Klein,1,0,12,12,2021_A.J. Klein,0
interceptions,2021,Christian Kirksey,1,0,1,1,2021_Christian Kirksey,0
interceptions,2021,Kevin King,1,0,0,0,2021_Kevin King,0
interceptions,2021,Jonathan Jones,1,0,0,0,2021_Jonathan Jones,0
interceptions,2021,Brandon Jones,1,0,8,8,2021_Brandon Jones,0
interceptions,2021,Taron Johnson,1,0,4,4,2021_Taron Johnson,0
interceptions,2021,Jaylon Johnson,1,0,3,3,2021_Jaylon Johnson,0
interceptions,2021,Jaquan Johnson,1,0,25,25,2021_Jaquan Johnson,0
interceptions,2021,Malcolm Jenkins,1,1,34,34,2021_Malcolm Jenkins,0
interceptions,2021,Janoris Jenkins,1,0,0,0,2021_Janoris Jenkins,0
interceptions,2021,Kareem Jackson,1,0,7,7,2021_Kareem Jackson,0
interceptions,2021,Adoree' Jackson,1,0,10,10,2021_Adoree' Jackson,0
interceptions,2021,Marlon Humphrey,1,0,0,0,2021_Marlon Humphrey,0
interceptions,2021,Mike Hughes,1,0,0,0,2021_Mike Hughes,0
interceptions,2021,Travin Howard,1,0,19,19,2021_Travin Howard,1
interceptions,2021,DeAndre Houston-Carson,1,0,0,0,2021_DeAndre Houston-Carson,0
interceptions,2021,Jaycee Horn,1,0,13,13,2021_Jaycee Horn,0
interceptions,2021,Malik Hooker,1,0,0,0,2021_Malik Hooker,0
interceptions,2021,Amani Hooker,1,0,21,21,2021_Amani Hooker,0
interceptions,2021,Darnay Holmes,1,0,15,15,2021_Darnay Holmes,0
interceptions,2021,Nate Hobbs,1,0,9,9,2021_Nate Hobbs,0
interceptions,2021,Anthony Hitchens,1,0,0,0,2021_Anthony Hitchens,0
interceptions,2021,Cameron Heyward,1,0,0,0,2021_Cameron Heyward,0
interceptions,2021,Casey Hayward,1,0,0,0,2021_Casey Hayward,0
interceptions,2021,Ronnie Harrison,1,0,0,0,2021_Ronnie Harrison,0
interceptions,2021,Marcell Harris,1,0,2,2,2021_Marcell Harris,0
interceptions,2021,Chris Harris,1,0,0,0,2021_Chris Harris,0
interceptions,2021,Anthony Harris,1,0,2,2,2021_Anthony Harris,0
interceptions,2021,Vernon Hargreaves III,1,0,18,18,2021_Vernon Hargreaves III,0
interceptions,2021,Kamu Grugier-Hill,1,0,82,82,2021_Kamu Grugier-Hill,0
interceptions,2021,Randy Gregory,1,0,12,12,2021_Randy Gregory,0
interceptions,2021,Dre Greenlaw,1,1,39,39,2021_Dre Greenlaw,0
interceptions,2021,A.J. Green,1,0,1,1,2021_A.J. Green,0
interceptions,2021,Alohi Gilman,1,0,0,0,2021_Alohi Gilman,0
interceptions,2021,Kendall Fuller,1,0,0,0,2021_Kendall Fuller,0
interceptions,2021,Jordan Fuller,1,0,34,34,2021_Jordan Fuller,1
interceptions,2021,John Franklin-Myers,1,0,32,32,2021_John Franklin-Myers,0
interceptions,2021,Zaire Franklin,1,0,8,8,2021_Zaire Franklin,0
interceptions,2021,Rudy Ford,1,0,8,8,2021_Rudy Ford,0
interceptions,2021,Leonard Floyd,1,0,11,11,2021_Leonard Floyd,1
interceptions,2021,Brandon Facyson,1,0,0,0,2021_Brandon Facyson,0
interceptions,2021,Marcus Epps,1,0,0,0,2021_Marcus Epps,0
interceptions,2021,DeShon Elliott,1,0,0,0,2021_DeShon Elliott,0
interceptions,2021,T.J. Edwards,1,0,1,1,2021_T.J. Edwards,0
interceptions,2021,Tremaine Edmunds,1,0,4,4,2021_Tremaine Edmunds,0
interceptions,2021,Grant Delpit,1,0,5,5,2021_Grant Delpit,0
interceptions,2021,Dee Delaney,1,0,26,26,2021_Dee Delaney,0
interceptions,2021,Michael Davis,1,0,0,0,2021_Michael Davis,0
interceptions,2021,Carlton Davis,1,0,25,25,2021_Carlton Davis,0
interceptions,2021,Marlon Davidson,1,1,3,3,2021_Marlon Davidson,0
interceptions,2021,Cameron Dantzler,1,0,0,0,2021_Cameron Dantzler,0
interceptions,2021,Maliek Collins,1,0,0,0,2021_Maliek Collins,0
interceptions,2021,Jamie Collins,1,0,1,1,2021_Jamie Collins,0
interceptions,2021,Bradley Chubb,1,0,21,21,2021_Bradley Chubb,0
interceptions,2021,Jeremy Chinn,1,0,0,0,2021_Jeremy Chinn,0
interceptions,2021,Lorenzo Carter,1,0,1,1,2021_Lorenzo Carter,0
interceptions,2021,Camryn Bynum,1,0,27,27,2021_Camryn Bynum,0
interceptions,2021,Juston Burris,1,0,17,17,2021_Juston Burris,0
interceptions,2021,Myles Bryant,1,0,33,33,2021_Myles Bryant,0
interceptions,2021,Jayon Brown,1,0,2,2,2021_Jayon Brown,0
interceptions,2021,Angelo Blackson,1,0,6,6,2021_Angelo Blackson,0
interceptions,2021,Henry Black,1,0,0,0,2021_Henry Black,0
interceptions,2021,Vonn Bell,1,0,15,15,2021_Vonn Bell,0
interceptions,2021,Jessie Bates,1,0,65,65,2021_Jessie Bates,0
interceptions,2021,Shaquil Barrett,1,0,3,3,2021_Shaquil Barrett,0
interceptions,2021,Jerome Baker,1,0,0,0,2021_Jerome Baker,0
interceptions,2021,Alex Anzalone,1,0,0,0,2021_Alex Anzalone,0
interceptions,2021,Ugo Amadi,1,0,12,12,2021_Ugo Amadi,0
interceptions,2021,Azeez Al-Shaair,1,0,24,24,2021_Azeez Al-Shaair,0
interceptions,2021,Zach Allen,1,0,25,25,2021_Zach Allen,0
interceptions,2021,Josh Allen,1,0,11,11,2021_Josh Allen,0
interceptions,2021,Robert Alford,1,0,23,23,2021_Robert Alford,0
interceptions,2021,Kwon Alexander,1,0,0,0,2021_Kwon Alexander,0
interceptions,2021,Jaire Alexander,1,0,30,30,2021_Jaire Alexander,0
interceptions,2021,Andrew Adams,1,0,17,17,2021_Andrew Adams,0
interceptions,2021,Johnathan Abram,1,0,6,6,2021_Johnathan Abram,0
interceptions,2017,Darius Slay,8,0,73,37,2017_Darius Slay,0
interceptions,2017,Kevin Byard,8,0,130,33,2017_Kevin Byard,0
interceptions,2017,Eric Weddle,6,1,85,45,2017_Eric Weddle,0
interceptions,2017,A.J. Bouye,6,0,70,51,2017_A.J. Bouye,0
interceptions,2017,Harrison Smith,5,0,42,19,2017_Harrison Smith,0
interceptions,2017,Jordan Poyer,5,1,33,19,2017_Jordan Poyer,0
interceptions,2017,Marcus Peters,5,0,137,62,2017_Marcus Peters,0
interceptions,2017,Marshon Lattimore,5,1,85,33,2017_Marshon Lattimore,0
interceptions,2017,Micah Hyde,5,0,64,37,2017_Micah Hyde,0
interceptions,2017,Tre Boston,5,0,49,25,2017_Tre Boston,0
interceptions,2017,Antoine Bethea,5,0,51,21,2017_Antoine Bethea,0
interceptions,2017,Marcus Williams,4,0,12,12,2017_Marcus Williams,0
interceptions,2017,Tre'Davious White,4,0,86,63,2017_Tre'Davious White,0
interceptions,2017,D.J. Swearinger,4,0,32,31,2017_D.J. Swearinger,0
interceptions,2017,Patrick Robinson,4,0,36,19,2017_Patrick Robinson,1
interceptions,2017,Damarious Randall,4,1,35,21,2017_Damarious Randall,0
interceptions,2017,Jalen Ramsey,4,0,34,18,2017_Jalen Ramsey,0
interceptions,2017,Terrance Mitchell,4,0,40,40,2017_Terrance Mitchell,0
interceptions,2017,Xavien Howard,4,1,71,30,2017_Xavien Howard,0
interceptions,2017,Casey Hayward,4,0,7,7,2017_Casey Hayward,0
interceptions,2017,Duron Harmon,4,0,12,12,2017_Duron Harmon,0
interceptions,2017,Tashaun Gipson,4,0,83,67,2017_Tashaun Gipson,0
interceptions,2017,Kendall Fuller,4,0,4,3,2017_Kendall Fuller,0
interceptions,2017,Barry Church,4,1,51,51,2017_Barry Church,0
interceptions,2017,Brandon Carr,4,0,57,33,2017_Brandon Carr,0
interceptions,2017,Kenny Vaccaro,3,0,41,30,2017_Kenny Vaccaro,0
interceptions,2017,Darian Stewart,3,0,33,24,2017_Darian Stewart,0
interceptions,2017,Telvin Smith,3,1,56,28,2017_Telvin Smith,0
interceptions,2017,Jimmy Smith,3,1,58,50,2017_Jimmy Smith,0
interceptions,2017,Ryan Shazier,3,0,2,2,2017_Ryan Shazier,0
interceptions,2017,Glover Quin,3,1,62,37,2017_Glover Quin,0
interceptions,2017,Jalen Mills,3,1,53,37,2017_Jalen Mills,1
interceptions,2017,Rashaan Melvin,3,0,28,21,2017_Rashaan Melvin,0
interceptions,2017,Rodney McLeod,3,0,67,50,2017_Rodney McLeod,1
interceptions,2017,Jason McCourty,3,1,59,56,2017_Jason McCourty,0
interceptions,2017,Robert McClain,3,1,53,47,2017_Robert McClain,0
interceptions,2017,Luke Kuechly,3,0,23,23,2017_Luke Kuechly,0
interceptions,2017,Lamarcus Joyner,3,1,104,46,2017_Lamarcus Joyner,0
interceptions,2017,Deion Jones,3,0,42,41,2017_Deion Jones,0
interceptions,2017,Janoris Jenkins,3,2,113,53,2017_Janoris Jenkins,0
interceptions,2017,Malik Hooker,3,0,73,32,2017_Malik Hooker,0
interceptions,2017,Jeff Heath,3,0,20,14,2017_Jeff Heath,0
interceptions,2017,Andre Hal,3,0,10,7,2017_Andre Hal,0
interceptions,2017,Brent Grimes,3,0,67,39,2017_Brent Grimes,0
interceptions,2017,Justin Evans,3,0,28,15,2017_Justin Evans,0
interceptions,2017,Quandre Diggs,3,0,28,16,2017_Quandre Diggs,0
interceptions,2017,Sean Davis,3,0,76,41,2017_Sean Davis,0
interceptions,2017,Ronald Darby,3,0,42,37,2017_Ronald Darby,1
interceptions,2017,Ross Cockrell,3,0,1,1,2017_Ross Cockrell,0
interceptions,2017,Ha Ha Clinton-Dix,3,0,5,3,2017_Ha Ha Clinton-Dix,0
interceptions,2017,Mark Barron,3,0,29,15,2017_Mark Barron,0
interceptions,2017,Kwon Alexander,3,0,70,28,2017_Kwon Alexander,0
interceptions,2017,Daryl Worley,2,0,0,0,2017_Daryl Worley,0
interceptions,2017,Ahkello Witherspoon,2,0,42,23,2017_Ahkello Witherspoon,0
interceptions,2017,Trevor Williams,2,0,28,21,2017_Trevor Williams,0
interceptions,2017,Tramon Williams,2,0,12,12,2017_Tramon Williams,0
interceptions,2017,P.J. Williams,2,0,7,7,2017_P.J. Williams,0
interceptions,2017,Lardarius Webb,2,0,10,10,2017_Lardarius Webb,0
interceptions,2017,Trae Waynes,2,0,21,18,2017_Trae Waynes,0
interceptions,2017,Bobby Wagner,2,0,7,7,2017_Bobby Wagner,0
interceptions,2017,Desmond Trufant,2,0,43,43,2017_Desmond Trufant,0
interceptions,2017,Earl Thomas,2,1,97,78,2017_Earl Thomas,0
interceptions,2017,Sean Smith,2,0,8,8,2017_Sean Smith,0
interceptions,2017,Preston Smith,2,0,26,18,2017_Preston Smith,0
interceptions,2017,Justin Simmons,2,1,65,65,2017_Justin Simmons,0
interceptions,2017,Richard Sherman,2,0,20,19,2017_Richard Sherman,0
interceptions,2017,Kelvin Sheppard,2,0,17,12,2017_Kelvin Sheppard,0
interceptions,2017,Andrew Sendejo,2,0,70,36,2017_Andrew Sendejo,0
interceptions,2017,Nickell Robey-Coleman,2,0,56,31,2017_Nickell Robey-Coleman,0
interceptions,2017,Craig Robertson,2,0,20,20,2017_Craig Robertson,0
interceptions,2017,Xavier Rhodes,2,0,23,21,2017_Xavier Rhodes,0
interceptions,2017,Eric Reid,2,0,0,0,2017_Eric Reid,0
interceptions,2017,Adrian Phillips,2,0,13,9,2017_Adrian Phillips,0
interceptions,2017,Kevin Peterson,2,0,42,38,2017_Kevin Peterson,0
interceptions,2017,Ron Parker,2,0,0,0,2017_Ron Parker,0
interceptions,2017,C.J. Mosley,2,1,94,63,2017_C.J. Mosley,0
interceptions,2017,Bobby McCain,2,0,6,6,2017_Bobby McCain,0
interceptions,2017,Marcus Maye,2,0,44,32,2017_Marcus Maye,0
interceptions,2017,Tyrann Mathieu,2,0,16,15,2017_Tyrann Mathieu,0
interceptions,2017,Johnathan Joseph,2,1,85,82,2017_Johnathan Joseph,0
interceptions,2017,Reshad Jones,2,0,15,15,2017_Reshad Jones,0
interceptions,2017,Trumaine Johnson,2,1,39,39,2017_Trumaine Johnson,0
interceptions,2017,Malcolm Jenkins,2,0,0,0,2017_Malcolm Jenkins,1
interceptions,2017,Eddie Jackson,2,1,82,76,2017_Eddie Jackson,0
interceptions,2017,Marlon Humphrey,2,0,33,18,2017_Marlon Humphrey,0
interceptions,2017,Mike Hilton,2,0,45,26,2017_Mike Hilton,0
interceptions,2017,Chris Harris,2,0,36,23,2017_Chris Harris,0
interceptions,2017,Corey Graham,2,0,73,59,2017_Corey Graham,1
interceptions,2017,Stephon Gilmore,2,0,59,39,2017_Stephon Gilmore,0
interceptions,2017,Kyle Fuller,2,0,0,0,2017_Kyle Fuller,0
interceptions,2017,Matthias Farley,2,0,9,9,2017_Matthias Farley,0
interceptions,2017,Rasul Douglas,2,0,7,7,2017_Rasul Douglas,1
interceptions,2017,Darqueze Dennard,2,1,109,89,2017_Darqueze Dennard,0
interceptions,2017,Landon Collins,2,0,21,21,2017_Landon Collins,0
interceptions,2017,Justin Coleman,2,2,58,30,2017_Justin Coleman,0
interceptions,2017,Dylan Cole,2,1,28,25,2017_Dylan Cole,0
interceptions,2017,Bryce Callahan,2,0,73,52,2017_Bryce Callahan,0
interceptions,2017,Malcolm Butler,2,0,0,1,2017_Malcolm Butler,0
interceptions,2017,Anthony Brown,2,0,16,16,2017_Anthony Brown,0
interceptions,2017,Terrence Brooks,2,0,13,13,2017_Terrence Brooks,0
interceptions,2017,James Bradberry,2,0,3,3,2017_James Bradberry,0
interceptions,2017,Ray-Ray Armstrong,2,0,29,29,2017_Ray-Ray Armstrong,0
interceptions,2017,Mike Adams,2,0,42,40,2017_Mike Adams,0
interceptions,2017,Shareece Wright,1,0,54,54,2017_Shareece Wright,0
interceptions,2017,K.J. Wright,1,0,1,1,2017_K.J. Wright,0
interceptions,2017,Xavier Woods,1,0,7,7,2017_Xavier Woods,0
interceptions,2017,Tavon Wilson,1,0,23,23,2017_Tavon Wilson,0
interceptions,2017,Quincy Wilson,1,0,33,33,2017_Quincy Wilson,0
interceptions,2017,Vince Williams,1,0,13,13,2017_Vince Williams,0
interceptions,2017,Shawn Williams,1,0,7,7,2017_Shawn Williams,0
interceptions,2017,Marcus Williams,1,0,2,2,2017_Marcus Williams,0
interceptions,2017,Leonard Williams,1,0,6,6,2017_Leonard Williams,0
interceptions,2017,K'Waun Williams,1,0,27,27,2017_K'Waun Williams,0
interceptions,2017,Muhammad Wilkerson,1,0,3,3,2017_Muhammad Wilkerson,0
interceptions,2017,Michael Wilhoite,1,0,0,0,2017_Michael Wilhoite,0
interceptions,2017,J.J. Wilcox,1,0,0,0,2017_J.J. Wilcox,0
interceptions,2017,Tahir Whitehead,1,0,18,18,2017_Tahir Whitehead,0
interceptions,2017,Kayvon Webster,1,0,0,0,2017_Kayvon Webster,0
interceptions,2017,T.J. Watt,1,0,17,17,2017_T.J. Watt,0
interceptions,2017,Nick Vigil,1,0,0,0,2017_Nick Vigil,0
interceptions,2017,Olivier Vernon,1,0,0,0,2017_Olivier Vernon,0
interceptions,2017,Danny Trevathan,1,0,8,8,2017_Danny Trevathan,0
interceptions,2017,Korey Toomer,1,1,59,59,2017_Korey Toomer,0
interceptions,2017,Darian Thompson,1,0,0,0,2017_Darian Thompson,0
interceptions,2017,Steven Terrell,1,0,8,8,2017_Steven Terrell,0
interceptions,2017,Jaquiski Tartt,1,0,37,37,2017_Jaquiski Tartt,0
interceptions,2017,Aqib Talib,1,1,103,103,2017_Aqib Talib,0
interceptions,2017,Daniel Sorensen,1,0,3,3,2017_Daniel Sorensen,0
interceptions,2017,Tye Smith,1,0,14,14,2017_Tye Smith,0
interceptions,2017,Terrance Smith,1,0,7,7,2017_Terrance Smith,0
interceptions,2017,Buster Skrine,1,0,0,0,2017_Buster Skrine,0
interceptions,2017,LeShaun Sims,1,0,0,0,2017_LeShaun Sims,0
interceptions,2017,John Simon,1,1,26,26,2017_John Simon,0
interceptions,2017,Coty Sensabaugh,1,0,32,32,2017_Coty Sensabaugh,0
interceptions,2017,Da'Norris Searcy,1,0,8,8,2017_Da'Norris Searcy,0
interceptions,2017,Joe Schobert,1,0,8,8,2017_Joe Schobert,0
interceptions,2017,Bradley Roby,1,0,0,0,2017_Bradley Roby,0
interceptions,2017,Rashard Robinson,1,0,0,0,2017_Rashard Robinson,0
interceptions,2017,A'Shawn Robinson,1,1,2,2,2017_A'Shawn Robinson,0
interceptions,2017,Darryl Roberts,1,0,0,0,2017_Darryl Roberts,0
interceptions,2017,Curtis Riley,1,0,2,2,2017_Curtis Riley,0
interceptions,2017,Sheldon Richardson,1,0,5,5,2017_Sheldon Richardson,0
interceptions,2017,Vincent Rey,1,0,12,12,2017_Vincent Rey,0
interceptions,2017,Sheldon Rankins,1,0,27,27,2017_Sheldon Rankins,0
interceptions,2017,Hayes Pullard,1,0,1,1,2017_Hayes Pullard,0
interceptions,2017,Eddie Pleasant,1,0,0,0,2017_Eddie Pleasant,0
interceptions,2017,Patrick Peterson,1,0,22,22,2017_Patrick Peterson,0
interceptions,2017,Jabrill Peppers,1,0,0,0,2017_Jabrill Peppers,0
interceptions,2017,Will Parks,1,0,0,0,2017_Will Parks,0
interceptions,2017,Alec Ogletree,1,1,41,41,2017_Alec Ogletree,0
interceptions,2017,Montae Nicholson,1,0,0,0,2017_Montae Nicholson,0
interceptions,2017,Terence Newman,1,0,3,3,2017_Terence Newman,0
interceptions,2017,Reggie Nelson,1,0,3,3,2017_Reggie Nelson,0
interceptions,2017,Keanu Neal,1,0,19,19,2017_Keanu Neal,0
interceptions,2017,Kenny Moore II,1,0,25,25,2017_Kenny Moore II,0
interceptions,2017,Matt Milano,1,0,15,15,2017_Matt Milano,0
interceptions,2017,T.J. McDonald,1,0,7,7,2017_T.J. McDonald,0
interceptions,2017,Devin McCourty,1,0,0,0,2017_Devin McCourty,0
interceptions,2017,Byron Maxwell,1,0,0,0,2017_Byron Maxwell,0
interceptions,2017,Blake Martinez,1,0,3,3,2017_Blake Martinez,0
interceptions,2017,Kareem Martin,1,0,7,7,2017_Kareem Martin,0
interceptions,2017,Cory Littleton,1,0,2,2,2017_Cory Littleton,0
interceptions,2017,Jourdan Lewis,1,0,25,25,2017_Jourdan Lewis,0
interceptions,2017,Anthony Levine,1,0,8,8,2017_Anthony Levine,0
interceptions,2017,Sean Lee,1,0,9,9,2017_Sean Lee,0
interceptions,2017,Eric Lee,1,0,8,8,2017_Eric Lee,0
interceptions,2017,Dre Kirkpatrick,1,0,101,101,2017_Dre Kirkpatrick,0
interceptions,2017,Desmond King,1,1,90,90,2017_Desmond King,0
interceptions,2017,Derrick Kindred,1,0,30,30,2017_Derrick Kindred,0
interceptions,2017,Miles Killebrew,1,1,35,35,2017_Miles Killebrew,0
interceptions,2017,Ryan Kerrigan,1,1,24,24,2017_Ryan Kerrigan,0
interceptions,2017,Eric Kendricks,1,1,31,31,2017_Eric Kendricks,0
interceptions,2017,Karl Joseph,1,0,0,0,2017_Karl Joseph,0
interceptions,2017,Cameron Jordan,1,1,0,0,2017_Cameron Jordan,0
interceptions,2017,Nazair Jones,1,0,24,24,2017_Nazair Jones,0
interceptions,2017,Josh Jones,1,0,0,0,2017_Josh Jones,0
interceptions,2017,Jonathan Jones,1,0,6,6,2017_Jonathan Jones,0
interceptions,2017,Colin Jones,1,0,10,10,2017_Colin Jones,0
interceptions,2017,Chris Jones,1,0,0,0,2017_Chris Jones,0
interceptions,2017,Byron Jones,1,1,21,21,2017_Byron Jones,0
interceptions,2017,Adam Jones,1,0,0,0,2017_Adam Jones,0
interceptions,2017,John Johnson,1,0,69,69,2017_John Johnson,0
interceptions,2017,Dontae Johnson,1,1,50,50,2017_Dontae Johnson,0
interceptions,2017,Tony Jefferson,1,0,13,13,2017_Tony Jefferson,0
interceptions,2017,William Jackson,1,1,75,75,2017_William Jackson,0
interceptions,2017,Kareem Jackson,1,0,2,2,2017_Kareem Jackson,0
interceptions,2017,George Iloka,1,0,14,14,2017_George Iloka,0
interceptions,2017,Davon House,1,0,0,0,2017_Davon House,0
interceptions,2017,Damon Harrison,1,0,9,9,2017_Damon Harrison,0
interceptions,2017,Nate Hairston,1,0,21,11,2017_Nate Hairston,0
interceptions,2017,Joe Haden,1,0,1,1,2017_Joe Haden,0
interceptions,2017,Shaquill Griffin,1,0,0,0,2017_Shaquill Griffin,0
interceptions,2017,Robert Golden,1,0,0,0,2017_Robert Golden,0
interceptions,2017,Marcus Gilchrist,1,0,17,17,2017_Marcus Gilchrist,0
interceptions,2017,William Gay,1,0,0,0,2017_William Gay,0
interceptions,2017,E.J. Gaines,1,0,1,1,2017_E.J. Gaines,0
interceptions,2017,Mason Foster,1,0,10,10,2017_Mason Foster,0
interceptions,2017,Clayton Fejedelem,1,0,5,5,2017_Clayton Fejedelem,0
interceptions,2017,Kyle Emanuel,1,0,23,23,2017_Kyle Emanuel,0
interceptions,2017,Trae Elston,1,0,22,22,2017_Trae Elston,1
interceptions,2017,Kony Ealy,1,0,9,9,2017_Kony Ealy,0
interceptions,2017,Carlos Dunlap,1,1,16,16,2017_Carlos Dunlap,0
interceptions,2017,Quinton Dunbar,1,0,0,0,2017_Quinton Dunbar,0
interceptions,2017,Pierre Desir,1,0,0,0,2017_Pierre Desir,0
interceptions,2017,Jarrad Davis,1,0,12,12,2017_Jarrad Davis,0
interceptions,2017,Cody Davis,1,0,0,0,2017_Cody Davis,0
interceptions,2017,Karlos Dansby,1,0,4,4,2017_Karlos Dansby,0
interceptions,2017,Ken Crawley,1,0,0,0,2017_Ken Crawley,0
interceptions,2017,Blake Countess,1,0,19,19,2017_Blake Countess,0
interceptions,2017,Chris Conte,1,0,0,0,2017_Chris Conte,0
interceptions,2017,Will Compton,1,0,2,2,2017_Will Compton,0
interceptions,2017,Jamie Collins,1,0,0,0,2017_Jamie Collins,0
interceptions,2017,Morris Claiborne,1,0,28,28,2017_Morris Claiborne,0
interceptions,2017,Patrick Chung,1,0,30,30,2017_Patrick Chung,0
interceptions,2017,Josh Bynes,1,0,25,25,2017_Josh Bynes,0
interceptions,2017,Juston Burris,1,0,48,48,2017_Juston Burris,0
interceptions,2017,Artie Burns,1,0,0,0,2017_Artie Burns,0
interceptions,2017,Deone Bucannon,1,0,39,39,2017_Deone Bucannon,0
interceptions,2017,Kentrell Brice,1,0,11,11,2017_Kentrell Brice,0
interceptions,2017,Bashaud Breeland,1,1,96,96,2017_Bashaud Breeland,0
interceptions,2017,Tyus Bowser,1,0,27,27,2017_Tyus Bowser,0
interceptions,2017,NaVorro Bowman,1,0,0,0,2017_NaVorro Bowman,0
interceptions,2017,Justin Bethel,1,1,82,82,2017_Justin Bethel,0
interceptions,2017,Chris Banjo,1,0,0,0,2017_Chris Banjo,0
interceptions,2017,Chidobe Awuzie,1,0,0,0,2017_Chidobe Awuzie,0
interceptions,2017,Adrian Amos,1,1,90,90,2017_Adrian Amos,0
interceptions,2017,Ricardo Allen,1,0,4,4,2017_Ricardo Allen,0
interceptions,2017,Keenan Allen,1,0,32,32,2017_Keenan Allen,0
interceptions,2017,Robert Alford,1,0,0,0,2017_Robert Alford,0
interceptions,2017,Mackensie Alexander,1,0,10,10,2017_Mackensie Alexander,0
interceptions,2017,Kenneth Acker,1,0,9,9,2017_Kenneth Acker,0
interceptions,2020,Xavien Howard,10,0,77,29,2020_Xavien Howard,0
interceptions,2020,J.C. Jackson,9,0,80,30,2020_J.C. Jackson,0
interceptions,2020,Tyrann Mathieu,6,1,70,25,2020_Tyrann Mathieu,0
interceptions,2020,Harrison Smith,5,0,33,16,2020_Harrison Smith,0
interceptions,2020,Justin Simmons,5,0,90,46,2020_Justin Simmons,0
interceptions,2020,Quandre Diggs,5,0,57,32,2020_Quandre Diggs,0
interceptions,2020,Darious Williams,4,0,21,19,2020_Darious Williams,0
interceptions,2020,Darnell Savage,4,0,13,9,2020_Darnell Savage,0
interceptions,2020,Marcus Peters,4,0,17,12,2020_Marcus Peters,0
interceptions,2020,Kenny Moore II,4,1,45,29,2020_Kenny Moore II,0
interceptions,2020,Amani Hooker,4,0,11,6,2020_Amani Hooker,0
interceptions,2020,Kendall Fuller,4,0,0,0,2020_Kendall Fuller,0
interceptions,2020,Minkah Fitzpatrick,4,1,77,37,2020_Minkah Fitzpatrick,0
interceptions,2020,Carlton Davis,4,0,42,34,2020_Carlton Davis,1
interceptions,2020,Malcolm Butler,4,0,111,68,2020_Malcolm Butler,0
interceptions,2020,Blidi Wreh-Wilson,3,0,26,23,2020_Blidi Wreh-Wilson,0
interceptions,2020,Eric Wilson,3,0,23,16,2020_Eric Wilson,0
interceptions,2020,Marcus Williams,3,0,37,20,2020_Marcus Williams,0
interceptions,2020,Tre'Davious White,3,0,28,28,2020_Tre'Davious White,0
interceptions,2020,Daniel Sorensen,3,1,67,50,2020_Daniel Sorensen,0
interceptions,2020,L'Jarius Sneed,3,0,42,39,2020_L'Jarius Sneed,0
interceptions,2020,Joe Schobert,3,1,45,43,2020_Joe Schobert,0
interceptions,2020,Patrick Peterson,3,0,7,7,2020_Patrick Peterson,0
interceptions,2020,Dre Kirkpatrick,3,0,13,13,2020_Dre Kirkpatrick,0
interceptions,2020,Eric Kendricks,3,0,0,0,2020_Eric Kendricks,0
interceptions,2020,Malcolm Jenkins,3,0,58,48,2020_Malcolm Jenkins,0
interceptions,2020,Janoris Jenkins,3,1,53,36,2020_Janoris Jenkins,0
interceptions,2020,Donte Jackson,3,0,110,66,2020_Donte Jackson,0
interceptions,2020,Mike Hilton,3,0,5,8,2020_Mike Hilton,0
interceptions,2020,Troy Hill,3,2,119,84,2020_Troy Hill,0
interceptions,2020,Jeff Heath,3,0,89,47,2020_Jeff Heath,0
interceptions,2020,Shaquill Griffin,3,0,20,16,2020_Shaquill Griffin,0
interceptions,2020,Jordan Fuller,3,0,45,37,2020_Jordan Fuller,0
interceptions,2020,Trevon Diggs,3,0,43,33,2020_Trevon Diggs,0
interceptions,2020,Pierre Desir,3,1,58,35,2020_Pierre Desir,0
interceptions,2020,Michael Davis,3,1,86,78,2020_Michael Davis,0
interceptions,2020,Kamren Curl,3,1,88,76,2020_Kamren Curl,0
interceptions,2020,James Bradberry,3,0,19,19,2020_James Bradberry,0
interceptions,2020,Tyus Bowser,3,0,53,25,2020_Tyus Bowser,0
interceptions,2020,Jessie Bates,3,0,12,12,2020_Jessie Bates,0
interceptions,2020,Andrew Wingard,2,0,31,19,2020_Andrew Wingard,0
interceptions,2020,Logan Wilson,2,0,0,0,2020_Logan Wilson,0
interceptions,2020,Khari Willis,2,1,93,50,2020_Khari Willis,0
interceptions,2020,Avery Williamson,2,0,42,42,2020_Avery Williamson,0
interceptions,2020,Donovan Wilson,2,0,0,0,2020_Donovan Wilson,0
interceptions,2020,Jordan Whitehead,2,0,2,2,2020_Jordan Whitehead,1
interceptions,2020,Fred Warner,2,0,3,3,2020_Fred Warner,0
interceptions,2020,Denzel Ward,2,0,0,0,2020_Denzel Ward,0
interceptions,2020,Levi Wallace,2,0,0,0,2020_Levi Wallace,0
interceptions,2020,Jason Verrett,2,0,0,0,2020_Jason Verrett,0
interceptions,2020,Jamar Taylor,2,0,8,8,2020_Jamar Taylor,0
interceptions,2020,M.J. Stewart,2,0,51,30,2020_M.J. Stewart,0
interceptions,2020,Roquan Smith,2,0,16,11,2020_Roquan Smith,0
interceptions,2020,Eric Rowe,2,0,26,22,2020_Eric Rowe,0
interceptions,2020,Patrick Robinson,2,0,0,0,2020_Patrick Robinson,0
interceptions,2020,Xavier Rhodes,2,1,44,44,2020_Xavier Rhodes,0
interceptions,2020,D.J. Reed,2,0,21,20,2020_D.J. Reed,0
interceptions,2020,Jordan Poyer,2,0,14,14,2020_Jordan Poyer,0
interceptions,2020,Brian Poole,2,0,15,13,2020_Brian Poole,0
interceptions,2020,Jason Pierre-Paul,2,0,15,15,2020_Jason Pierre-Paul,1
interceptions,2020,Adrian Phillips,2,0,5,5,2020_Adrian Phillips,0
interceptions,2020,Foye Oluokun,2,0,65,51,2020_Foye Oluokun,0
interceptions,2020,Steven Nelson,2,0,3,3,2020_Steven Nelson,0
interceptions,2020,Nik Needham,2,0,1,1,2020_Nik Needham,0
interceptions,2020,Ryan Neal,2,0,1,1,2020_Ryan Neal,0
interceptions,2020,Trayvon Mullen,2,0,0,0,2020_Trayvon Mullen,0
interceptions,2020,Fabian Moreau,2,0,0,0,2020_Fabian Moreau,0
interceptions,2020,Devin McCourty,2,1,62,43,2020_Devin McCourty,0
interceptions,2020,Marcus Maye,2,0,0,0,2020_Marcus Maye,0
interceptions,2020,Dean Marlowe,2,0,39,23,2020_Dean Marlowe,0
interceptions,2020,Marshon Lattimore,2,0,13,13,2020_Marshon Lattimore,0
interceptions,2020,Christian Kirksey,2,0,18,10,2020_Christian Kirksey,0
interceptions,2020,Johnathan Joseph,2,0,10,10,2020_Johnathan Joseph,0
interceptions,2020,Sidney Jones,2,0,1,1,2020_Sidney Jones,0
interceptions,2020,Jonathan Jones,2,0,0,0,2020_Jonathan Jones,0
interceptions,2020,Deion Jones,2,1,84,67,2020_Deion Jones,0
interceptions,2020,Byron Jones,2,0,15,15,2020_Byron Jones,0
interceptions,2020,Rayshawn Jenkins,2,0,23,23,2020_Rayshawn Jenkins,0
interceptions,2020,Duron Harmon,2,0,22,21,2020_Duron Harmon,0
interceptions,2020,Joe Haden,2,1,38,24,2020_Joe Haden,0
interceptions,2020,B.J. Goodson,2,0,7,7,2020_B.J. Goodson,0
interceptions,2020,Tashaun Gipson,2,0,10,9,2020_Tashaun Gipson,0
interceptions,2020,Marcus Epps,2,0,0,0,2020_Marcus Epps,0
interceptions,2020,Mike Edwards,2,0,67,37,2020_Mike Edwards,1
interceptions,2020,Terrell Edmunds,2,0,11,7,2020_Terrell Edmunds,0
interceptions,2020,Cameron Dantzler,2,0,0,0,2020_Cameron Dantzler,0
interceptions,2020,T.J. Carrie,2,1,47,47,2020_T.J. Carrie,0
interceptions,2020,Bryce Callahan,2,0,0,0,2020_Bryce Callahan,0
interceptions,2020,Anthony Brown,2,0,14,14,2020_Anthony Brown,0
interceptions,2020,Bashaud Breeland,2,0,29,29,2020_Bashaud Breeland,0
interceptions,2020,Julian Blackmon,2,0,19,15,2020_Julian Blackmon,0
interceptions,2020,Budda Baker,2,0,90,90,2020_Budda Baker,0
interceptions,2020,Adrian Amos,2,0,47,24,2020_Adrian Amos,0
interceptions,2020,Ricardo Allen,2,0,29,19,2020_Ricardo Allen,0
interceptions,2020,Johnathan Abram,2,0,29,24,2020_Johnathan Abram,0
interceptions,2020,Kenny Young,1,1,79,79,2020_Kenny Young,0
interceptions,2020,Rock Ya-Sin,1,0,0,0,2020_Rock Ya-Sin,0
interceptions,2020,K.J. Wright,1,0,7,7,2020_K.J. Wright,0
interceptions,2020,Ahkello Witherspoon,1,0,0,0,2020_Ahkello Witherspoon,0
interceptions,2020,Chase Winovich,1,0,0,0,2020_Chase Winovich,0
interceptions,2020,Antoine Winfield Jr.,1,0,16,16,2020_Antoine Winfield Jr.,1
interceptions,2020,Jarrod Wilson,1,0,48,48,2020_Jarrod Wilson,0
interceptions,2020,P.J. Williams,1,0,30,30,2020_P.J. Williams,0
interceptions,2020,DeShawn Williams,1,0,1,1,2020_DeShawn Williams,0
interceptions,2020,Christian Wilkins,1,0,8,8,2020_Christian Wilkins,0
interceptions,2020,Mike Williams,1,0,0,0,2020_Mike Williams,0
interceptions,2020,Tahir Whitehead,1,0,0,0,2020_Tahir Whitehead,0
interceptions,2020,T.J. Watt,1,0,0,0,2020_T.J. Watt,0
interceptions,2020,J.J. Watt,1,1,19,19,2020_J.J. Watt,0
interceptions,2020,Anthony Walker,1,0,11,11,2020_Anthony Walker,0
interceptions,2020,Desmond Trufant,1,0,0,0,2020_Desmond Trufant,0
interceptions,2020,Juan Thornhill,1,0,20,20,2020_Juan Thornhill,0
interceptions,2020,Darian Thompson,1,0,3,3,2020_Darian Thompson,0
interceptions,2020,Daniel Thomas,1,0,53,53,2020_Daniel Thomas,0
interceptions,2020,A.J. Terrell,1,0,0,0,2020_A.J. Terrell,0
interceptions,2020,Jaquiski Tartt,1,0,16,16,2020_Jaquiski Tartt,0
interceptions,2020,Sione Takitaki,1,1,50,50,2020_Sione Takitaki,0
interceptions,2020,Montez Sweat,1,1,15,15,2020_Montez Sweat,0
interceptions,2020,Cameron Sutton,1,0,0,0,2020_Cameron Sutton,0
interceptions,2020,Chandon Sullivan,1,1,7,7,2020_Chandon Sullivan,0
interceptions,2020,Robert Spillane,1,1,33,33,2020_Robert Spillane,0
interceptions,2020,Malcolm Smith,1,0,2,2,2020_Malcolm Smith,0
interceptions,2020,Jaylon Smith,1,0,43,43,2020_Jaylon Smith,0
interceptions,2020,Darius Slay,1,0,25,25,2020_Darius Slay,0
interceptions,2020,Alex Singleton,1,1,30,30,2020_Alex Singleton,0
interceptions,2020,LeShaun Sims,1,0,0,0,2020_LeShaun Sims,0
interceptions,2020,Isaiah Simmons,1,0,12,12,2020_Isaiah Simmons,0
interceptions,2020,Richard Sherman,1,0,18,18,2020_Richard Sherman,0
interceptions,2020,Logan Ryan,1,0,15,15,2020_Logan Ryan,0
interceptions,2020,Bradley Roby,1,0,0,0,2020_Bradley Roby,0
interceptions,2020,Darryl Roberts,1,0,6,6,2020_Darryl Roberts,0
interceptions,2020,Duke Riley,1,0,7,7,2020_Duke Riley,0
interceptions,2020,Sheldrick Redwine,1,0,8,8,2020_Sheldrick Redwine,0
interceptions,2020,Jeremy Reaves,1,0,0,0,2020_Jeremy Reaves,0
interceptions,2020,Taylor Rapp,1,0,0,0,2020_Taylor Rapp,0
interceptions,2020,Jalen Ramsey,1,0,2,2,2020_Jalen Ramsey,0
interceptions,2020,Patrick Queen,1,0,0,0,2020_Patrick Queen,0
interceptions,2020,Darius Phillips,1,0,21,21,2020_Darius Phillips,0
interceptions,2020,Jabrill Peppers,1,0,6,6,2020_Jabrill Peppers,0
interceptions,2020,Daron Payne,1,0,0,0,2020_Daron Payne,0
interceptions,2020,Amani Oruwariye,1,0,0,0,2020_Amani Oruwariye,0
interceptions,2020,David Onyemata,1,0,3,3,2020_David Onyemata,0
interceptions,2020,Jeff Okudah,1,0,36,36,2020_Jeff Okudah,0
interceptions,2020,Bobby Okereke,1,0,7,7,2020_Bobby Okereke,0
interceptions,2020,Josh Norman,1,1,16,16,2020_Josh Norman,0
interceptions,2020,Hardy Nickerson,1,0,5,5,2020_Hardy Nickerson,0
interceptions,2020,Bilal Nichols,1,0,7,7,2020_Bilal Nichols,0
interceptions,2020,Keanu Neal,1,0,0,0,2020_Keanu Neal,0
interceptions,2020,Carl Nassib,1,0,23,23,2020_Carl Nassib,0
interceptions,2020,Emmanuel Moseley,1,0,51,51,2020_Emmanuel Moseley,0
interceptions,2020,Nicholas Morrow,1,0,6,6,2020_Nicholas Morrow,0
interceptions,2020,Jimmy Moreland,1,0,32,32,2020_Jimmy Moreland,0
interceptions,2020,Jalen Mills,1,0,5,5,2020_Jalen Mills,0
interceptions,2020,Herb Miller,1,0,2,2,2020_Herb Miller,1
interceptions,2020,Matt Milano,1,0,0,0,2020_Matt Milano,0
interceptions,2020,Sherrick McManis,1,0,0,0,2020_Sherrick McManis,0
interceptions,2020,Rodney McLeod,1,0,21,21,2020_Rodney McLeod,0
interceptions,2020,Xavier McKinney,1,0,0,0,2020_Xavier McKinney,0
interceptions,2020,Bobby McCain,1,0,19,19,2020_Bobby McCain,0
interceptions,2020,Arthur Maulet,1,0,20,20,2020_Arthur Maulet,0
interceptions,2020,Blake Martinez,1,0,2,2,2020_Blake Martinez,0
interceptions,2020,Khalil Mack,1,0,33,33,2020_Khalil Mack,0
interceptions,2020,Julian Love,1,0,13,13,2020_Julian Love,0
interceptions,2020,Harold Landry,1,0,0,0,2020_Harold Landry,0
interceptions,2020,Niko Lalos,1,0,0,0,2020_Niko Lalos,0
interceptions,2020,Nick Kwiatkoski,1,0,9,9,2020_Nick Kwiatkoski,0
interceptions,2020,Javon Kinlaw,1,1,27,27,2020_Javon Kinlaw,0
interceptions,2020,Karl Joseph,1,0,49,49,2020_Karl Joseph,0
interceptions,2020,Josh Jones,1,0,0,0,2020_Josh Jones,0
interceptions,2020,Taron Johnson,1,1,51,51,2020_Taron Johnson,0
interceptions,2020,John Johnson,1,0,0,0,2020_John Johnson,0
interceptions,2020,William Jackson,1,0,30,30,2020_William Jackson,0
interceptions,2020,Kareem Jackson,1,0,13,13,2020_Kareem Jackson,0
interceptions,2020,Dane Jackson,1,0,6,6,2020_Dane Jackson,0
interceptions,2020,Myles Jack,1,0,0,0,2020_Myles Jack,0
interceptions,2020,Melvin Ingram,1,0,0,0,2020_Melvin Ingram,0
interceptions,2020,Micah Hyde,1,0,33,33,2020_Micah Hyde,0
interceptions,2020,Marlon Humphrey,1,0,8,8,2020_Marlon Humphrey,0
interceptions,2020,Jerry Hughes,1,0,0,0,2020_Jerry Hughes,0
interceptions,2020,DeAndre Houston-Carson,1,0,0,0,2020_DeAndre Houston-Carson,0
interceptions,2020,Darnay Holmes,1,0,0,0,2020_Darnay Holmes,0
interceptions,2020,Cole Holcomb,1,0,0,0,2020_Cole Holcomb,0
interceptions,2020,Alex Highsmith,1,0,2,2,2020_Alex Highsmith,0
interceptions,2020,Jordan Hicks,1,0,6,6,2020_Jordan Hicks,0
interceptions,2020,Cameron Heyward,1,0,0,0,2020_Cameron Heyward,0
interceptions,2020,C.J. Henderson,1,0,22,22,2020_C.J. Henderson,0
interceptions,2020,Casey Hayward,1,0,9,9,2020_Casey Hayward,0
interceptions,2020,Ronnie Harrison,1,1,47,47,2020_Ronnie Harrison,0
interceptions,2020,Chris Harris,1,0,51,51,2020_Chris Harris,0
interceptions,2020,Vernon Hargreaves III,1,0,0,0,2020_Vernon Hargreaves III,0
interceptions,2020,Harrison Hand,1,0,4,4,2020_Harrison Hand,0
interceptions,2020,Bryce Hall,1,0,20,20,2020_Bryce Hall,0
interceptions,2020,Grant Haley,1,0,0,0,2020_Grant Haley,0
interceptions,2020,Raven Greene,1,0,17,17,2020_Raven Greene,0
interceptions,2020,Markus Golden,1,0,1,1,2020_Markus Golden,0
interceptions,2020,Stephon Gilmore,1,0,15,15,2020_Stephon Gilmore,0
interceptions,2020,Chauncey Gardner-Johnson,1,0,3,3,2020_Chauncey Gardner-Johnson,0
interceptions,2020,Kristian Fulton,1,0,44,44,2020_Kristian Fulton,0
interceptions,2020,Kyle Fuller,1,0,5,5,2020_Kyle Fuller,0
interceptions,2020,Rashad Fenton,1,0,31,31,2020_Rashad Fenton,0
interceptions,2020,Kyler Fackrell,1,1,46,46,2020_Kyler Fackrell,0
interceptions,2020,Jordan Evans,1,0,0,0,2020_Jordan Evans,0
interceptions,2020,T.J. Edwards,1,0,13,13,2020_T.J. Edwards,0
interceptions,2020,Quinton Dunbar,1,0,0,0,2020_Quinton Dunbar,0
interceptions,2020,Darqueze Dennard,1,0,0,0,2020_Darqueze Dennard,0
interceptions,2020,Jamel Dean,1,1,32,32,2020_Jamel Dean,1
interceptions,2020,Akeem Davis-Gaither,1,0,0,0,2020_Akeem Davis-Gaither,0
interceptions,2020,Lavonte David,1,0,0,0,2020_Lavonte David,1
interceptions,2020,Dane Cruikshank,1,0,13,13,2020_Dane Cruikshank,0
interceptions,2020,Ken Crawley,1,0,0,0,2020_Ken Crawley,0
interceptions,2020,Landon Collins,1,0,1,1,2020_Landon Collins,0
interceptions,2020,Jamie Collins,1,0,1,1,2020_Jamie Collins,0
interceptions,2020,Chuck Clark,1,0,0,0,2020_Chuck Clark,0
interceptions,2020,Jeremy Chinn,1,0,0,0,2020_Jeremy Chinn,0
interceptions,2020,Tevaughn Campbell,1,1,6,6,2020_Tevaughn Campbell,0
interceptions,2020,Kevin Byard,1,0,0,0,2020_Kevin Byard,0
interceptions,2020,Deon Bush,1,0,10,10,2020_Deon Bush,0
interceptions,2020,Juston Burris,1,0,0,0,2020_Juston Burris,0
interceptions,2020,Sean Murphy-Bunting,1,0,0,0,2020_Sean Murphy-Bunting,1
interceptions,2020,Myles Bryant,1,0,0,0,2020_Myles Bryant,0
interceptions,2020,Jayon Brown,1,0,0,0,2020_Jayon Brown,0
interceptions,2020,Tre Boston,1,0,0,0,2020_Tre Boston,0
interceptions,2020,Jon Bostic,1,0,0,0,2020_Jon Bostic,0
interceptions,2020,Breon Borders,1,0,0,0,2020_Breon Borders,0
interceptions,2020,Essang Bassey,1,0,26,26,2020_Essang Bassey,0
interceptions,2020,Chidobe Awuzie,1,0,0,0,2020_Chidobe Awuzie,0
interceptions,2020,Azeez Al-Shaair,1,0,0,0,2020_Azeez Al-Shaair,0
interceptions,2020,Mackensie Alexander,1,0,21,21,2020_Mackensie Alexander,0
interceptions,2020,Jaire Alexander,1,0,0,0,2020_Jaire Alexander,0
interceptions,2020,Nasir Adderley,1,0,39,39,2020_Nasir Adderley,0
interceptions,2020,Jahleel Addae,1,0,3,3,2020_Jahleel Addae,0
