stats_type,year,Player,FF,FR,FR TD,year_player,won_super_bowl
fumbles,2021,Darius Leonard,8,2,0,2021_Darius Leonard,0
fumbles,2021,Josh Norman,7,0,0,2021_Josh Norman,0
fumbles,2021,Joey Bosa,7,0,0,2021_Joey Bosa,0
fumbles,2021,Chandler Jones,6,1,0,2021_Chandler Jones,0
fumbles,2021,T.J. Watt,5,3,0,2021_T.J. Watt,0
fumbles,2021,Trevis Gipson,5,1,0,2021_Trevis Gipson,0
fumbles,2021,Isaiah Simmons,4,0,0,2021_Isaiah Simmons,0
fumbles,2021,Robert Quinn,4,0,0,2021_Robert Quinn,0
fumbles,2021,Mike Hughes,4,1,1,2021_Mike Hughes,0
fumbles,2021,Markus Golden,4,2,0,2021_Markus Golden,0
fumbles,2021,Aaron Donald,4,0,0,2021_Aaron Donald,1
fumbles,2021,Nick Bosa,4,0,0,2021_Nick Bosa,0
fumbles,2021,Kenny Young,3,2,0,2021_Kenny Young,1
fumbles,2021,Quincy Williams,3,0,0,2021_Quincy Williams,0
fumbles,2021,Montez Sweat,3,0,0,2021_Montez Sweat,0
fumbles,2021,Eric Rowe,3,0,0,2021_Eric Rowe,0
fumbles,2021,James Pierre,3,0,0,2021_James Pierre,0
fumbles,2021,Micah Parsons,3,0,0,2021_Micah Parsons,0
fumbles,2021,Odafe Oweh,3,2,0,2021_Odafe Oweh,0
fumbles,2021,Terrance Mitchell,3,0,0,2021_Terrance Mitchell,0
fumbles,2021,Derwin James,3,0,0,2021_Derwin James,0
fumbles,2021,Trey Hendrickson,3,0,0,2021_Trey Hendrickson,0
fumbles,2021,Randy Gregory,3,1,0,2021_Randy Gregory,0
fumbles,2021,Dante Fowler Jr.,3,0,0,2021_Dante Fowler Jr.,0
fumbles,2021,Ashtyn Davis,3,0,0,2021_Ashtyn Davis,0
fumbles,2021,Marcus Davenport,3,1,0,2021_Marcus Davenport,0
fumbles,2021,Ja'Whaun Bentley,3,0,0,2021_Ja'Whaun Bentley,0
fumbles,2021,Vonn Bell,3,1,0,2021_Vonn Bell,0
fumbles,2021,Shaquil Barrett,3,2,0,2021_Shaquil Barrett,0
fumbles,2021,Chase Young,2,0,0,2021_Chase Young,0
fumbles,2021,Xavier Woods,2,0,0,2021_Xavier Woods,0
fumbles,2021,Antoine Winfield Jr.,2,0,0,2021_Antoine Winfield Jr.,0
fumbles,2021,Marco Wilson,2,0,0,2021_Marco Wilson,0
fumbles,2021,Leonard Williams,2,1,0,2021_Leonard Williams,0
fumbles,2021,Kyzir White,2,0,0,2021_Kyzir White,0
fumbles,2021,Tershawn Wharton,2,0,0,2021_Tershawn Wharton,0
fumbles,2021,Armon Watts,2,0,0,2021_Armon Watts,0
fumbles,2021,Kyle Van Noy,2,1,0,2021_Kyle Van Noy,0
fumbles,2021,Solomon Thomas,2,0,0,2021_Solomon Thomas,0
fumbles,2021,Davion Taylor,2,0,0,2021_Davion Taylor,0
fumbles,2021,Preston Smith,2,1,0,2021_Preston Smith,0
fumbles,2021,Logan Ryan,2,1,0,2021_Logan Ryan,0
fumbles,2021,A'Shawn Robinson,2,0,0,2021_A'Shawn Robinson,1
fumbles,2021,Elandon Roberts,2,0,0,2021_Elandon Roberts,0
fumbles,2021,Jalen Reeves-Maybin,2,1,0,2021_Jalen Reeves-Maybin,0
fumbles,2021,Malik Reed,2,1,0,2021_Malik Reed,0
fumbles,2021,Jarran Reed,2,0,0,2021_Jarran Reed,0
fumbles,2021,Haason Reddick,2,1,0,2021_Haason Reddick,0
fumbles,2021,Germaine Pratt,2,2,0,2021_Germaine Pratt,0
fumbles,2021,Jason Pinnock,2,0,0,2021_Jason Pinnock,0
fumbles,2021,Jeremiah Owusu-Koramoah,2,0,0,2021_Jeremiah Owusu-Koramoah,0
fumbles,2021,Obo Okoronkwo,2,0,0,2021_Obo Okoronkwo,0
fumbles,2021,Uchenna Nwosu,2,1,0,2021_Uchenna Nwosu,0
fumbles,2021,Yannick Ngakoue,2,0,0,2021_Yannick Ngakoue,0
fumbles,2021,C.J. Mosley,2,0,0,2021_C.J. Mosley,0
fumbles,2021,Jake Martin,2,0,0,2021_Jake Martin,0
fumbles,2021,Avonte Maddox,2,0,0,2021_Avonte Maddox,0
fumbles,2021,DeMarcus Lawrence,2,0,0,2021_DeMarcus Lawrence,0
fumbles,2021,Damontae Kazee,2,0,0,2021_Damontae Kazee,0
fumbles,2021,Cameron Jordan,2,0,0,2021_Cameron Jordan,0
fumbles,2021,D.J. Jones,2,0,0,2021_D.J. Jones,0
fumbles,2021,Quinton Jefferson,2,0,0,2021_Quinton Jefferson,0
fumbles,2021,Jerry Hughes,2,0,0,2021_Jerry Hughes,0
fumbles,2021,Xavien Howard,2,2,1,2021_Xavien Howard,0
fumbles,2021,Cole Holcomb,2,0,0,2021_Cole Holcomb,0
fumbles,2021,Charles Harris,2,0,0,2021_Charles Harris,0
fumbles,2021,Kamu Grugier-Hill,2,0,0,2021_Kamu Grugier-Hill,0
fumbles,2021,Jonathan Greenard,2,0,0,2021_Jonathan Greenard,0
fumbles,2021,Rashan Gary,2,0,0,2021_Rashan Gary,0
fumbles,2021,Lavonte David,2,1,0,2021_Lavonte David,0
fumbles,2021,Michael Danna,2,0,0,2021_Michael Danna,0
fumbles,2021,Fletcher Cox,2,1,1,2021_Fletcher Cox,0
fumbles,2021,Jadeveon Clowney,2,0,0,2021_Jadeveon Clowney,0
fumbles,2021,Frank Clark,2,0,0,2021_Frank Clark,0
fumbles,2021,Andre Cisco,2,0,0,2021_Andre Cisco,0
fumbles,2021,Lorenzo Carter,2,1,0,2021_Lorenzo Carter,0
fumbles,2021,Tevaughn Campbell,2,0,0,2021_Tevaughn Campbell,0
fumbles,2021,De'Vondre Campbell,2,1,0,2021_De'Vondre Campbell,0
fumbles,2021,Kevin Byard,2,1,1,2021_Kevin Byard,0
fumbles,2021,Brian Burns,2,0,0,2021_Brian Burns,0
fumbles,2021,Bashaud Breeland,2,0,0,2021_Bashaud Breeland,0
fumbles,2021,Tyus Bowser,2,0,0,2021_Tyus Bowser,0
fumbles,2021,Mario Addison,2,0,0,2021_Mario Addison,0
fumbles,2021,Tyrell Adams,2,0,0,2021_Tyrell Adams,0
fumbles,2021,Jabari Zuniga,1,0,0,2021_Jabari Zuniga,0
fumbles,2021,Rock Ya-Sin,1,1,0,2021_Rock Ya-Sin,0
fumbles,2021,Chris Wormley,1,0,0,2021_Chris Wormley,0
fumbles,2021,D.J. Wonnum,1,0,0,2021_D.J. Wonnum,0
fumbles,2021,Deatrich Wise,1,0,0,2021_Deatrich Wise,0
fumbles,2021,Logan Wilson,1,0,0,2021_Logan Wilson,0
fumbles,2021,Damien Wilson,1,0,0,2021_Damien Wilson,0
fumbles,2021,Jordan Willis,1,0,0,2021_Jordan Willis,0
fumbles,2021,Marcus Williams,1,0,0,2021_Marcus Williams,0
fumbles,2021,K'Waun Williams,1,0,0,2021_K'Waun Williams,0
fumbles,2021,P.J. Williams,1,0,0,2021_P.J. Williams,0
fumbles,2021,Avery Williams,1,0,0,2021_Avery Williams,0
fumbles,2021,Christian Wilkins,1,0,0,2021_Christian Wilkins,0
fumbles,2021,Greedy Williams,1,0,0,2021_Greedy Williams,0
fumbles,2021,Jordan Whitehead,1,0,0,2021_Jordan Whitehead,0
fumbles,2021,Tre'Davious White,1,0,0,2021_Tre'Davious White,0
fumbles,2021,Kevin White,1,0,0,2021_Kevin White,0
fumbles,2021,J.J. Watt,1,0,0,2021_J.J. Watt,0
fumbles,2021,Fred Warner,1,3,0,2021_Fred Warner,0
fumbles,2021,Jonathan Ward,1,0,0,2021_Jonathan Ward,0
fumbles,2021,DeMarcus Walker,1,0,0,2021_DeMarcus Walker,0
fumbles,2021,Bobby Wagner,1,0,0,2021_Bobby Wagner,0
fumbles,2021,James Vaughters,1,0,0,2021_James Vaughters,0
fumbles,2021,Andrew Van Ginkel,1,0,0,2021_Andrew Van Ginkel,0
fumbles,2021,Shy Tuttle,1,0,0,2021_Shy Tuttle,0
fumbles,2021,Derrek Tuszka,1,0,0,2021_Derrek Tuszka,0
fumbles,2021,Juan Thornhill,1,0,0,2021_Juan Thornhill,0
fumbles,2021,Tavierre Thomas,1,0,0,2021_Tavierre Thomas,0
fumbles,2021,Mike Thomas,1,0,0,2021_Mike Thomas,0
fumbles,2021,A.J. Terrell,1,0,0,2021_A.J. Terrell,0
fumbles,2021,Keith Taylor,1,0,0,2021_Keith Taylor,0
fumbles,2021,Darrell Taylor,1,0,0,2021_Darrell Taylor,0
fumbles,2021,Sione Takitaki,1,1,0,2021_Sione Takitaki,0
fumbles,2021,Josh Sweat,1,0,0,2021_Josh Sweat,0
fumbles,2021,Cameron Sutton,1,0,0,2021_Cameron Sutton,0
fumbles,2021,Grant Stuard,1,0,0,2021_Grant Stuard,0
fumbles,2021,Kentavius Street,1,0,0,2021_Kentavius Street,0
fumbles,2021,M.J. Stewart,1,0,0,2021_M.J. Stewart,0
fumbles,2021,Grover Stewart,1,0,0,2021_Grover Stewart,0
fumbles,2021,Julian Stanford,1,0,0,2021_Julian Stanford,0
fumbles,2021,E.J. Speed,1,0,0,2021_E.J. Speed,0
fumbles,2021,L'Jarius Sneed,1,0,0,2021_L'Jarius Sneed,0
fumbles,2021,Dawuane Smoot,1,0,0,2021_Dawuane Smoot,0
fumbles,2021,Harrison Smith,1,0,0,2021_Harrison Smith,0
fumbles,2021,Elerson G. Smith,1,0,0,2021_Elerson G. Smith,0
fumbles,2021,DeVonta Smith,1,0,0,2021_DeVonta Smith,0
fumbles,2021,Alex Singleton,1,0,0,2021_Alex Singleton,0
fumbles,2021,Zach Sieler,1,2,0,2021_Zach Sieler,0
fumbles,2021,Andrew Sendejo,1,0,0,2021_Andrew Sendejo,0
fumbles,2021,Joe Schobert,1,0,0,2021_Joe Schobert,0
fumbles,2021,Anthony Rush,1,0,0,2021_Anthony Rush,0
fumbles,2021,Greg Rousseau,1,0,0,2021_Greg Rousseau,0
fumbles,2021,Quincy Roche,1,0,0,2021_Quincy Roche,0
fumbles,2021,Alton Robinson,1,0,0,2021_Alton Robinson,0
fumbles,2021,Christian Ringo,1,1,0,2021_Christian Ringo,0
fumbles,2021,Hassan Ridgeway,1,0,0,2021_Hassan Ridgeway,0
fumbles,2021,Sheldon Richardson,1,1,0,2021_Sheldon Richardson,0
fumbles,2021,Justin Reid,1,0,0,2021_Justin Reid,0
fumbles,2021,Wyatt Ray,1,0,0,2021_Wyatt Ray,0
fumbles,2021,Jalen Ramsey,1,0,0,2021_Jalen Ramsey,1
fumbles,2021,David Quessenberry,1,0,0,2021_David Quessenberry,0
fumbles,2021,Patrick Queen,1,0,0,2021_Patrick Queen,0
fumbles,2021,Jason Pierre-Paul,1,0,0,2021_Jason Pierre-Paul,0
fumbles,2021,Michael Pierce,1,0,0,2021_Michael Pierce,0
fumbles,2021,Adrian Phillips,1,0,0,2021_Adrian Phillips,0
fumbles,2021,Denzel Perryman,1,2,0,2021_Denzel Perryman,0
fumbles,2021,Kyle Peko,1,0,0,2021_Kyle Peko,0
fumbles,2021,Kwity Paye,1,2,0,2021_Kwity Paye,0
fumbles,2021,AJ Parker,1,0,0,2021_AJ Parker,0
fumbles,2021,Foye Oluokun,1,0,0,2021_Foye Oluokun,0
fumbles,2021,Qadree Ollison,1,0,0,2021_Qadree Ollison,0
fumbles,2021,Isaiah Oliver,1,1,0,2021_Isaiah Oliver,0
fumbles,2021,Ed Oliver,1,0,0,2021_Ed Oliver,0
fumbles,2021,Julian Okwara,1,1,0,2021_Julian Okwara,0
fumbles,2021,Alex Okafor,1,0,0,2021_Alex Okafor,0
fumbles,2021,Azeez Ojulari,1,0,0,2021_Azeez Ojulari,0
fumbles,2021,Alec Ogletree,1,0,0,2021_Alec Ogletree,0
fumbles,2021,Emmanuel Ogbah,1,0,0,2021_Emmanuel Ogbah,0
fumbles,2021,George Odum,1,1,0,2021_George Odum,0
fumbles,2021,Dayo Odeyingbo,1,0,0,2021_Dayo Odeyingbo,0
fumbles,2021,Rakeem Nunez-Roches,1,0,0,2021_Rakeem Nunez-Roches,0
fumbles,2021,Siran Neal,1,0,0,2021_Siran Neal,0
fumbles,2021,Carl Nassib,1,0,0,2021_Carl Nassib,0
fumbles,2021,Byron Murphy,1,0,0,2021_Byron Murphy,0
fumbles,2021,Al-Quadin Muhammad,1,0,0,2021_Al-Quadin Muhammad,0
fumbles,2021,Foster Moreau,1,1,0,2021_Foster Moreau,0
fumbles,2021,Kenny Moore II,1,0,0,2021_Kenny Moore II,0
fumbles,2021,A.J. Moore,1,0,0,2021_A.J. Moore,0
fumbles,2021,Bryan Mone,1,0,0,2021_Bryan Mone,0
fumbles,2021,Elijah Molden,1,0,0,2021_Elijah Molden,0
fumbles,2021,Von Miller,1,0,0,2021_Von Miller,1
fumbles,2021,Steve McLendon,1,0,0,2021_Steve McLendon,0
fumbles,2021,Takkarist McKinley,1,0,0,2021_Takkarist McKinley,0
fumbles,2021,Arthur Maulet,1,0,0,2021_Arthur Maulet,0
fumbles,2021,Jake Matthews,1,0,0,2021_Jake Matthews,0
fumbles,2021,Blake Lynch,1,1,0,2021_Blake Lynch,0
fumbles,2021,Frankie Luvu,1,0,0,2021_Frankie Luvu,0
fumbles,2021,Terrell Lewis,1,0,0,2021_Terrell Lewis,1
fumbles,2021,Jourdan Lewis,1,2,0,2021_Jourdan Lewis,0
fumbles,2021,Cam Lewis,1,0,0,2021_Cam Lewis,0
fumbles,2021,Dexter Lawrence,1,0,0,2021_Dexter Lawrence,0
fumbles,2021,Harold Landry,1,0,0,2021_Harold Landry,0
fumbles,2021,Nick Kwiatkoski,1,0,0,2021_Nick Kwiatkoski,0
fumbles,2021,Tanoh Kpassagnon,1,0,0,2021_Tanoh Kpassagnon,0
fumbles,2021,Dawson Knox,1,0,0,2021_Dawson Knox,0
fumbles,2021,Desmond King,1,0,0,2021_Desmond King,0
fumbles,2021,Kingsley Keke,1,0,0,2021_Kingsley Keke,0
fumbles,2021,Khalid Kareem,1,1,0,2021_Khalid Kareem,0
fumbles,2021,Dre'Mont Jones,1,0,0,2021_Dre'Mont Jones,0
fumbles,2021,Deion Jones,1,0,0,2021_Deion Jones,0
fumbles,2021,DaQuan Jones,1,0,0,2021_DaQuan Jones,0
fumbles,2021,Chris Jones,1,1,0,2021_Chris Jones,0
fumbles,2021,Byron Jones,1,0,0,2021_Byron Jones,0
fumbles,2021,Brandon Jones,1,2,0,2021_Brandon Jones,0
fumbles,2021,Clay Johnston,1,0,0,2021_Clay Johnston,0
fumbles,2021,Tyron Johnson,1,0,0,2021_Tyron Johnson,0
fumbles,2021,Taron Johnson,1,0,0,2021_Taron Johnson,0
fumbles,2021,John Johnson,1,0,0,2021_John Johnson,0
fumbles,2021,Jaylon Johnson,1,0,0,2021_Jaylon Johnson,0
fumbles,2021,Dontae Johnson,1,1,0,2021_Dontae Johnson,0
fumbles,2021,Danny Johnson,1,0,0,2021_Danny Johnson,0
fumbles,2021,Josey Jewell,1,0,0,2021_Josey Jewell,0
fumbles,2021,Malcolm Jenkins,1,0,0,2021_Malcolm Jenkins,0
fumbles,2021,Janoris Jenkins,1,0,0,2021_Janoris Jenkins,0
fumbles,2021,Jesse James,1,0,0,2021_Jesse James,0
fumbles,2021,Jerry Jacobs,1,0,0,2021_Jerry Jacobs,0
fumbles,2021,Tarron Jackson,1,0,0,2021_Tarron Jackson,0
fumbles,2021,J.C. Jackson,1,0,0,2021_J.C. Jackson,0
fumbles,2021,Eddie Jackson,1,0,0,2021_Eddie Jackson,0
fumbles,2021,Donte Jackson,1,0,0,2021_Donte Jackson,0
fumbles,2021,Joel Iyiegbuniwe,1,0,0,2021_Joel Iyiegbuniwe,0
fumbles,2021,Melvin Ingram,1,0,0,2021_Melvin Ingram,0
fumbles,2021,Micah Hyde,1,2,0,2021_Micah Hyde,0
fumbles,2021,Marlon Humphrey,1,0,0,2021_Marlon Humphrey,0
fumbles,2021,Sam Hubbard,1,2,0,2021_Sam Hubbard,0
fumbles,2021,Justin Houston,1,0,0,2021_Justin Houston,0
fumbles,2021,Amani Hooker,1,0,0,2021_Amani Hooker,0
fumbles,2021,Travis Homer,1,1,0,2021_Travis Homer,0
fumbles,2021,Justin Hollins,1,0,0,2021_Justin Hollins,1
fumbles,2021,Nate Hobbs,1,0,0,2021_Nate Hobbs,0
fumbles,2021,Mike Hilton,1,0,0,2021_Mike Hilton,0
fumbles,2021,Alex Highsmith,1,0,0,2021_Alex Highsmith,0
fumbles,2021,Jordan Hicks,1,0,0,2021_Jordan Hicks,0
fumbles,2021,Cameron Heyward,1,1,0,2021_Cameron Heyward,0
fumbles,2021,Rob Havenstein,1,0,0,2021_Rob Havenstein,1
fumbles,2021,Shelby Harris,1,0,0,2021_Shelby Harris,0
fumbles,2021,Javon Hargrave,1,0,0,2021_Javon Hargrave,0
fumbles,2021,Will Harris,1,0,0,2021_Will Harris,0
fumbles,2021,Joe Haden,1,0,0,2021_Joe Haden,0
fumbles,2021,Yetur Gross-Matos,1,0,0,2021_Yetur Gross-Matos,0
fumbles,2021,Shaquill Griffin,1,0,0,2021_Shaquill Griffin,0
fumbles,2021,Everson Griffen,1,0,0,2021_Everson Griffen,0
fumbles,2021,Richie Grant,1,0,0,2021_Richie Grant,0
fumbles,2021,Davon Godchaux,1,0,0,2021_Davon Godchaux,0
fumbles,2021,Kevin Givens,1,0,0,2021_Kevin Givens,0
fumbles,2021,Mark Gilbert,1,0,0,2021_Mark Gilbert,0
fumbles,2021,Myles Garrett,1,1,1,2021_Myles Garrett,0
fumbles,2021,John Franklin-Myers,1,0,0,2021_John Franklin-Myers,0
fumbles,2021,Morgan Fox,1,1,0,2021_Morgan Fox,0
fumbles,2021,Leki Fotu,1,0,0,2021_Leki Fotu,0
fumbles,2021,Dee Ford,1,0,0,2021_Dee Ford,0
fumbles,2021,Leonard Floyd,1,1,0,2021_Leonard Floyd,1
fumbles,2021,Trey Flowers,1,0,0,2021_Trey Flowers,0
fumbles,2021,Minkah Fitzpatrick,1,0,0,2021_Minkah Fitzpatrick,0
fumbles,2021,Rashad Fenton,1,0,0,2021_Rashad Fenton,0
fumbles,2021,Demetric Felton,1,0,0,2021_Demetric Felton,0
fumbles,2021,Matthias Farley,1,1,0,2021_Matthias Farley,0
fumbles,2021,George Fant,1,0,0,2021_George Fant,0
fumbles,2021,Kyler Fackrell,1,1,0,2021_Kyler Fackrell,0
fumbles,2021,Rashaan Evans,1,1,0,2021_Rashaan Evans,0
fumbles,2021,Mike Edwards,1,0,0,2021_Mike Edwards,0
fumbles,2021,Samson Ebukam,1,0,0,2021_Samson Ebukam,0
fumbles,2021,Bud Dupree,1,0,0,2021_Bud Dupree,0
fumbles,2021,Carlos Dunlap,1,0,0,2021_Carlos Dunlap,0
fumbles,2021,Rasul Douglas,1,0,0,2021_Rasul Douglas,0
fumbles,2021,Pierre Desir,1,0,0,2021_Pierre Desir,0
fumbles,2021,Grant Delpit,1,0,0,2021_Grant Delpit,0
fumbles,2021,Akeem Davis-Gaither,1,0,0,2021_Akeem Davis-Gaither,0
fumbles,2021,Jalen Davis,1,0,0,2021_Jalen Davis,0
fumbles,2021,Frank Darby,1,0,0,2021_Frank Darby,0
fumbles,2021,Cameron Dantzler,1,0,0,2021_Cameron Dantzler,0
fumbles,2021,DeeJay Dallas,1,0,0,2021_DeeJay Dallas,0
fumbles,2021,Dominique Dafney,1,0,0,2021_Dominique Dafney,0
fumbles,2021,Zach Cunningham,1,0,0,2021_Zach Cunningham,0
fumbles,2021,Dane Cruikshank,1,0,0,2021_Dane Cruikshank,0
fumbles,2021,Tae Crowder,1,0,0,2021_Tae Crowder,0
fumbles,2021,Keion Crossen,1,0,0,2021_Keion Crossen,0
fumbles,2021,Christian Covington,1,0,0,2021_Christian Covington,0
fumbles,2021,Landon Collins,1,1,0,2021_Landon Collins,0
fumbles,2021,A.J. Cole,1,0,0,2021_A.J. Cole,0
fumbles,2021,Dylan Cole,1,0,0,2021_Dylan Cole,0
fumbles,2021,Ross Cockrell,1,0,0,2021_Ross Cockrell,0
fumbles,2021,Jeremy Chinn,1,1,0,2021_Jeremy Chinn,0
fumbles,2021,Sean Chandler,1,0,0,2021_Sean Chandler,0
fumbles,2021,Devin Bush,1,0,0,2021_Devin Bush,0
fumbles,2021,Sean Murphy-Bunting,1,0,0,2021_Sean Murphy-Bunting,0
fumbles,2021,Myles Bryant,1,0,0,2021_Myles Bryant,0
fumbles,2021,Anthony Brown,1,0,0,2021_Anthony Brown,0
fumbles,2021,A.J. Bouye,1,0,0,2021_A.J. Bouye,0
fumbles,2021,Julian Blackmon,1,0,0,2021_Julian Blackmon,0
fumbles,2021,Ross Blacklock,1,0,0,2021_Ross Blacklock,0
fumbles,2021,Henry Black,1,0,0,2021_Henry Black,0
fumbles,2021,Justin Bethel,1,0,0,2021_Justin Bethel,0
fumbles,2021,Nick Bellore,1,0,0,2021_Nick Bellore,0
fumbles,2021,Tarell Basham,1,1,0,2021_Tarell Basham,0
fumbles,2021,Jerome Baker,1,0,0,2021_Jerome Baker,0
fumbles,2021,J.J. Arcega-Whiteside,1,0,0,2021_J.J. Arcega-Whiteside,0
fumbles,2021,Ugo Amadi,1,0,0,2021_Ugo Amadi,0
fumbles,2021,Azeez Al-Shaair,1,2,0,2021_Azeez Al-Shaair,0
fumbles,2021,Josh Allen,1,1,0,2021_Josh Allen,0
fumbles,2021,Dakota Allen,1,0,0,2021_Dakota Allen,0
fumbles,2021,Kwon Alexander,1,1,0,2021_Kwon Alexander,0
fumbles,2021,Nasir Adderley,1,1,0,2021_Nasir Adderley,0
fumbles,2019,T.J. Watt,8,4,0,2019_T.J. Watt,0
fumbles,2019,Chandler Jones,8,3,0,2019_Chandler Jones,0
fumbles,2019,Shaquil Barrett,6,0,0,2019_Shaquil Barrett,0
fumbles,2019,Khalil Mack,5,1,0,2019_Khalil Mack,0
fumbles,2019,Ryan Anderson,5,2,0,2019_Ryan Anderson,0
fumbles,2019,K'Waun Williams,4,0,0,2019_K'Waun Williams,0
fumbles,2019,Terrell Suggs,4,0,0,2019_Terrell Suggs,1
fumbles,2019,Logan Ryan,4,0,0,2019_Logan Ryan,0
fumbles,2019,Yannick Ngakoue,4,1,0,2019_Yannick Ngakoue,0
fumbles,2019,Whitney Mercilus,4,1,0,2019_Whitney Mercilus,0
fumbles,2019,Matt Judon,4,0,0,2019_Matt Judon,0
fumbles,2019,Malcolm Jenkins,4,1,0,2019_Malcolm Jenkins,0
fumbles,2019,Bud Dupree,4,2,0,2019_Bud Dupree,0
fumbles,2019,Maxx Crosby,4,0,0,2019_Maxx Crosby,0
fumbles,2019,Jadeveon Clowney,4,2,1,2019_Jadeveon Clowney,0
fumbles,2019,Devin White,3,1,1,2019_Devin White,0
fumbles,2019,Fred Warner,3,0,0,2019_Fred Warner,0
fumbles,2019,Kyle Van Noy,3,2,1,2019_Kyle Van Noy,0
fumbles,2019,Harrison Smith,3,2,0,2019_Harrison Smith,0
fumbles,2019,Sheldon Richardson,3,0,0,2019_Sheldon Richardson,0
fumbles,2019,Jordan Poyer,3,3,0,2019_Jordan Poyer,0
fumbles,2019,Jabrill Peppers,3,0,0,2019_Jabrill Peppers,0
fumbles,2019,Benson Mayowa,3,0,0,2019_Benson Mayowa,0
fumbles,2019,Danielle Hunter,3,1,0,2019_Danielle Hunter,0
fumbles,2019,Cole Holcomb,3,0,0,2019_Cole Holcomb,0
fumbles,2019,Marcell Harris,3,1,0,2019_Marcell Harris,0
fumbles,2019,Rasheem Green,3,1,0,2019_Rasheem Green,0
fumbles,2019,Jarrad Davis,3,1,0,2019_Jarrad Davis,0
fumbles,2019,Lavonte David,3,1,0,2019_Lavonte David,0
fumbles,2019,Marcus Davenport,3,0,0,2019_Marcus Davenport,0
fumbles,2019,Fletcher Cox,3,0,0,2019_Fletcher Cox,0
fumbles,2019,Jamie Collins,3,1,0,2019_Jamie Collins,0
fumbles,2019,Justin Coleman,3,1,0,2019_Justin Coleman,0
fumbles,2019,Frank Clark,3,1,0,2019_Frank Clark,1
fumbles,2019,De'Vondre Campbell,3,1,0,2019_De'Vondre Campbell,0
fumbles,2019,Vernon Butler,3,0,0,2019_Vernon Butler,0
fumbles,2019,Preston Brown,3,3,0,2019_Preston Brown,0
fumbles,2019,Xavier Woods,2,0,0,2019_Xavier Woods,0
fumbles,2019,Brandon Wilson,2,0,0,2019_Brandon Wilson,0
fumbles,2019,Tre'Davious White,2,0,0,2019_Tre'Davious White,0
fumbles,2019,Trae Waynes,2,1,0,2019_Trae Waynes,0
fumbles,2019,Montez Sweat,2,0,0,2019_Montez Sweat,0
fumbles,2019,Tye Smith,2,0,0,2019_Tye Smith,0
fumbles,2019,Keith Smith,2,0,0,2019_Keith Smith,0
fumbles,2019,Jaylon Smith,2,0,0,2019_Jaylon Smith,0
fumbles,2019,Buster Skrine,2,0,0,2019_Buster Skrine,0
fumbles,2019,Joe Schobert,2,1,0,2019_Joe Schobert,0
fumbles,2019,Brennan Scarlett,2,0,0,2019_Brennan Scarlett,0
fumbles,2019,Orlando Scandrick,2,1,1,2019_Orlando Scandrick,0
fumbles,2019,Darnell Savage,2,0,0,2019_Darnell Savage,0
fumbles,2019,Nickell Robey-Coleman,2,0,0,2019_Nickell Robey-Coleman,0
fumbles,2019,Troy Reeder,2,0,0,2019_Troy Reeder,0
fumbles,2019,Jalen Ramsey,2,0,0,2019_Jalen Ramsey,0
fumbles,2019,Robert Quinn,2,0,0,2019_Robert Quinn,0
fumbles,2019,Jason Pierre-Paul,2,0,0,2019_Jason Pierre-Paul,0
fumbles,2019,Charles Omenihu,2,0,0,2019_Charles Omenihu,0
fumbles,2019,Bobby Okereke,2,1,0,2019_Bobby Okereke,0
fumbles,2019,George Odum,2,1,0,2019_George Odum,0
fumbles,2019,Trent Murphy,2,2,0,2019_Trent Murphy,0
fumbles,2019,Rodney McLeod,2,0,0,2019_Rodney McLeod,0
fumbles,2019,Devin McCourty,2,1,0,2019_Devin McCourty,0
fumbles,2019,Clay Matthews,2,0,0,2019_Clay Matthews,0
fumbles,2019,Cory Littleton,2,3,0,2019_Cory Littleton,0
fumbles,2019,Darius Leonard,2,0,0,2019_Darius Leonard,0
fumbles,2019,DeMarcus Lawrence,2,2,0,2019_DeMarcus Lawrence,0
fumbles,2019,Eric Kendricks,2,0,0,2019_Eric Kendricks,0
fumbles,2019,Jonathan Jones,2,0,0,2019_Jonathan Jones,0
fumbles,2019,A.J. Johnson,2,1,0,2019_A.J. Johnson,0
fumbles,2019,Jordan Jenkins,2,0,0,2019_Jordan Jenkins,0
fumbles,2019,Grady Jarrett,2,0,0,2019_Grady Jarrett,0
fumbles,2019,Micah Hyde,2,0,0,2019_Micah Hyde,0
fumbles,2019,Marlon Humphrey,2,3,2,2019_Marlon Humphrey,0
fumbles,2019,Mike Hughes,2,0,0,2019_Mike Hughes,0
fumbles,2019,Justin Houston,2,3,0,2019_Justin Houston,0
fumbles,2019,Jordan Hicks,2,0,0,2019_Jordan Hicks,0
fumbles,2019,Myles Garrett,2,0,0,2019_Myles Garrett,0
fumbles,2019,Dante Fowler Jr.,2,1,1,2019_Dante Fowler Jr.,0
fumbles,2019,Dee Ford,2,0,0,2019_Dee Ford,0
fumbles,2019,Trey Flowers,2,0,0,2019_Trey Flowers,0
fumbles,2019,Minkah Fitzpatrick,2,1,0,2019_Minkah Fitzpatrick,0
fumbles,2019,Carlos Dunlap,2,0,0,2019_Carlos Dunlap,0
fumbles,2019,Aaron Donald,2,1,0,2019_Aaron Donald,0
fumbles,2019,Landon Collins,2,0,0,2019_Landon Collins,0
fumbles,2019,Adrian Clayborn,2,0,0,2019_Adrian Clayborn,0
fumbles,2019,Chuck Clark,2,0,0,2019_Chuck Clark,0
fumbles,2019,Taco Charlton,2,0,0,2019_Taco Charlton,0
fumbles,2019,Maurice Canady,2,0,0,2019_Maurice Canady,0
fumbles,2019,Calais Campbell,2,0,0,2019_Calais Campbell,0
fumbles,2019,DeForest Buckner,2,1,0,2019_DeForest Buckner,0
fumbles,2019,Briean Boddy-Calhoun,2,0,0,2019_Briean Boddy-Calhoun,0
fumbles,2019,Marquise Blair,2,0,0,2019_Marquise Blair,0
fumbles,2019,Vonn Bell,2,4,1,2019_Vonn Bell,0
fumbles,2019,Vic Beasley,2,0,0,2019_Vic Beasley,0
fumbles,2019,Derek Barnett,2,0,0,2019_Derek Barnett,0
fumbles,2019,Jerome Baker,2,0,0,2019_Jerome Baker,0
fumbles,2019,Arik Armstead,2,1,0,2019_Arik Armstead,0
fumbles,2019,Ezekiel Ansah,2,2,0,2019_Ezekiel Ansah,0
fumbles,2019,Josh Allen,2,0,0,2019_Josh Allen,0
fumbles,2019,Ola Adeniyi,2,0,0,2019_Ola Adeniyi,0
fumbles,2019,Mario Addison,2,0,0,2019_Mario Addison,0
fumbles,2019,Jamal Adams,2,1,1,2019_Jamal Adams,0
fumbles,2019,Kenny Young,1,0,0,2019_Kenny Young,0
fumbles,2019,Wesley Woodyard,1,0,0,2019_Wesley Woodyard,0
fumbles,2019,Derek Wolfe,1,0,0,2019_Derek Wolfe,0
fumbles,2019,Deatrich Wise,1,0,0,2019_Deatrich Wise,0
fumbles,2019,Andrew Wingard,1,0,0,2019_Andrew Wingard,0
fumbles,2019,Mack Wilson,1,0,0,2019_Mack Wilson,0
fumbles,2019,Jarrod Wilson,1,0,0,2019_Jarrod Wilson,0
fumbles,2019,Damien Wilson,1,0,0,2019_Damien Wilson,1
fumbles,2019,Jordan Willis,1,0,0,2019_Jordan Willis,0
fumbles,2019,Xavier Williams,1,0,0,2019_Xavier Williams,1
fumbles,2019,Tramon Williams,1,1,0,2019_Tramon Williams,0
fumbles,2019,Marcus Williams,1,0,0,2019_Marcus Williams,0
fumbles,2019,Leonard Williams,1,0,0,2019_Leonard Williams,0
fumbles,2019,Jermaine Whitehead,1,0,0,2019_Jermaine Whitehead,0
fumbles,2019,Stephen Weatherly,1,0,0,2019_Stephen Weatherly,0
fumbles,2019,J.J. Watt,1,2,0,2019_J.J. Watt,0
fumbles,2019,Armon Watts,1,0,0,2019_Armon Watts,0
fumbles,2019,Charvarius Ward,1,0,0,2019_Charvarius Ward,1
fumbles,2019,Tracy Walker III,1,0,0,2019_Tracy Walker III,0
fumbles,2019,Joe Walker,1,0,0,2019_Joe Walker,0
fumbles,2019,Anthony Walker,1,0,0,2019_Anthony Walker,0
fumbles,2019,Bobby Wagner,1,1,0,2019_Bobby Wagner,0
fumbles,2019,Dee Virgin,1,0,0,2019_Dee Virgin,0
fumbles,2019,Nick Vigil,1,1,0,2019_Nick Vigil,0
fumbles,2019,Olivier Vernon,1,0,0,2019_Olivier Vernon,0
fumbles,2019,Leighton Vander Esch,1,0,0,2019_Leighton Vander Esch,0
fumbles,2019,Tanner Vallejo,1,0,0,2019_Tanner Vallejo,0
fumbles,2019,Malik Turner,1,0,0,2019_Malik Turner,0
fumbles,2019,Kemoko Turay,1,0,0,2019_Kemoko Turay,0
fumbles,2019,Josh Tupou,1,0,0,2019_Josh Tupou,0
fumbles,2019,Jacob Tuioti-Mariner,1,0,0,2019_Jacob Tuioti-Mariner,0
fumbles,2019,Danny Trevathan,1,0,0,2019_Danny Trevathan,0
fumbles,2019,Dalvin Tomlinson,1,0,0,2019_Dalvin Tomlinson,0
fumbles,2019,Joe Thomas,1,0,0,2019_Joe Thomas,0
fumbles,2019,Earl Thomas,1,1,0,2019_Earl Thomas,0
fumbles,2019,Marvell Tell,1,0,0,2019_Marvell Tell,0
fumbles,2019,Jahlani Tavai,1,0,0,2019_Jahlani Tavai,0
fumbles,2019,Josiah Tauaefa,1,0,0,2019_Josiah Tauaefa,0
fumbles,2019,Jaquiski Tartt,1,1,0,2019_Jaquiski Tartt,0
fumbles,2019,Chandon Sullivan,1,0,0,2019_Chandon Sullivan,0
fumbles,2019,Shamar Stephen,1,1,0,2019_Shamar Stephen,0
fumbles,2019,Za'Darius Smith,1,0,0,2019_Za'Darius Smith,0
fumbles,2019,Ryan Smith,1,0,0,2019_Ryan Smith,0
fumbles,2019,Rod Smith,1,0,0,2019_Rod Smith,0
fumbles,2019,Preston Smith,1,0,0,2019_Preston Smith,0
fumbles,2019,Malcolm Smith,1,0,0,2019_Malcolm Smith,0
fumbles,2019,John Simon,1,0,0,2019_John Simon,0
fumbles,2019,Danny Shelton,1,0,0,2019_Danny Shelton,0
fumbles,2019,Kendall Sheffield,1,0,0,2019_Kendall Sheffield,0
fumbles,2019,Eric Rowe,1,0,0,2019_Eric Rowe,0
fumbles,2019,Bradley Roby,1,0,0,2019_Bradley Roby,0
fumbles,2019,A'Shawn Robinson,1,2,0,2019_A'Shawn Robinson,0
fumbles,2019,Curtis Riley,1,0,0,2019_Curtis Riley,0
fumbles,2019,Patrick Ricard,1,0,0,2019_Patrick Ricard,0
fumbles,2019,Xavier Rhodes,1,0,0,2019_Xavier Rhodes,0
fumbles,2019,Eric Reid,1,2,0,2019_Eric Reid,0
fumbles,2019,Jalen Reeves-Maybin,1,1,0,2019_Jalen Reeves-Maybin,0
fumbles,2019,Jarran Reed,1,0,0,2019_Jarran Reed,0
fumbles,2019,D.J. Reed,1,1,1,2019_D.J. Reed,0
fumbles,2019,Brian Poole,1,0,0,2019_Brian Poole,0
fumbles,2019,Jordan Phillips,1,0,0,2019_Jordan Phillips,0
fumbles,2019,Patrick Peterson,1,0,0,2019_Patrick Peterson,0
fumbles,2019,Denzel Perryman,1,0,0,2019_Denzel Perryman,0
fumbles,2019,Will Parks,1,0,0,2019_Will Parks,0
fumbles,2019,Patrick Onwuasor,1,0,0,2019_Patrick Onwuasor,0
fumbles,2019,Foye Oluokun,1,0,0,2019_Foye Oluokun,0
fumbles,2019,Isaiah Oliver,1,0,0,2019_Isaiah Oliver,0
fumbles,2019,Ed Oliver,1,0,0,2019_Ed Oliver,0
fumbles,2019,Romeo Okwara,1,0,0,2019_Romeo Okwara,0
fumbles,2019,Alex Okafor,1,0,0,2019_Alex Okafor,1
fumbles,2019,Emmanuel Ogbah,1,0,0,2019_Emmanuel Ogbah,1
fumbles,2019,Chris Odom,1,0,0,2019_Chris Odom,0
fumbles,2019,Ifeadi Odenigbo,1,2,1,2019_Ifeadi Odenigbo,0
fumbles,2019,Uchenna Nwosu,1,0,0,2019_Uchenna Nwosu,0
fumbles,2019,Josh Norman,1,0,0,2019_Josh Norman,0
fumbles,2019,Derrick Nnadi,1,0,0,2019_Derrick Nnadi,1
fumbles,2019,Anthony Nelson,1,0,0,2019_Anthony Nelson,0
fumbles,2019,Nik Needham,1,0,0,2019_Nik Needham,0
fumbles,2019,Siran Neal,1,0,0,2019_Siran Neal,0
fumbles,2019,Carl Nassib,1,1,0,2019_Carl Nassib,0
fumbles,2019,Johnny Mundt,1,0,0,2019_Johnny Mundt,0
fumbles,2019,Al-Quadin Muhammad,1,0,0,2019_Al-Quadin Muhammad,0
fumbles,2019,Avery Moss,1,0,0,2019_Avery Moss,0
fumbles,2019,Damontre Moore,1,0,0,2019_Damontre Moore,0
fumbles,2019,Ty Montgomery,1,0,0,2019_Ty Montgomery,0
fumbles,2019,Matt Milano,1,1,0,2019_Matt Milano,0
fumbles,2019,Sherrick McManis,1,0,0,2019_Sherrick McManis,0
fumbles,2019,Benardrick McKinney,1,2,0,2019_Benardrick McKinney,0
fumbles,2019,Bradley McDougald,1,0,0,2019_Bradley McDougald,0
fumbles,2019,Blake Martinez,1,0,0,2019_Blake Martinez,0
fumbles,2019,Jake Martin,1,0,0,2019_Jake Martin,0
fumbles,2019,Trey Marshall,1,1,0,2019_Trey Marshall,0
fumbles,2019,Avonte Maddox,1,0,0,2019_Avonte Maddox,0
fumbles,2019,Julian Love,1,0,0,2019_Julian Love,0
fumbles,2019,David Long,1,0,0,2019_David Long,0
fumbles,2019,Shaq Lawson,1,0,0,2019_Shaq Lawson,0
fumbles,2019,Dexter Lawrence,1,0,0,2019_Dexter Lawrence,0
fumbles,2019,Harold Landry,1,2,0,2019_Harold Landry,0
fumbles,2019,Tyler Lancaster,1,1,0,2019_Tyler Lancaster,0
fumbles,2019,Nick Kwiatkoski,1,0,0,2019_Nick Kwiatkoski,0
fumbles,2019,Tanoh Kpassagnon,1,0,0,2019_Tanoh Kpassagnon,1
fumbles,2019,A.J. Klein,1,1,0,2019_A.J. Klein,0
fumbles,2019,Kevin King,1,0,0,2019_Kevin King,0
fumbles,2019,Desmond King,1,1,0,2019_Desmond King,0
fumbles,2019,Ryan Kerrigan,1,0,0,2019_Ryan Kerrigan,0
fumbles,2019,Devon Kennard,1,2,1,2019_Devon Kennard,0
fumbles,2019,Mychal Kendricks,1,0,0,2019_Mychal Kendricks,0
fumbles,2019,Lance Kendricks,1,0,0,2019_Lance Kendricks,0
fumbles,2019,Damontae Kazee,1,0,0,2019_Damontae Kazee,0
fumbles,2019,Linval Joseph,1,0,0,2019_Linval Joseph,0
fumbles,2019,Justin Jones,1,0,0,2019_Justin Jones,0
fumbles,2019,D.J. Jones,1,0,0,2019_D.J. Jones,0
fumbles,2019,Chris Jones,1,1,0,2019_Chris Jones,1
fumbles,2019,Byron Jones,1,0,0,2019_Byron Jones,0
fumbles,2019,Taron Johnson,1,0,0,2019_Taron Johnson,0
fumbles,2019,Kareem Jackson,1,0,0,2019_Kareem Jackson,0
fumbles,2019,Eddie Jackson,1,1,0,2019_Eddie Jackson,0
fumbles,2019,Kemal Ishmael,1,0,0,2019_Kemal Ishmael,0
fumbles,2019,Bruce Irvin,1,1,0,2019_Bruce Irvin,0
fumbles,2019,Sam Hubbard,1,0,0,2019_Sam Hubbard,0
fumbles,2019,Anthony Hitchens,1,0,0,2019_Anthony Hitchens,1
fumbles,2019,Mike Hilton,1,0,0,2019_Mike Hilton,0
fumbles,2019,Cameron Heyward,1,0,0,2019_Cameron Heyward,0
fumbles,2019,Trey Hendrickson,1,0,0,2019_Trey Hendrickson,0
fumbles,2019,D.J. Hayden,1,0,0,2019_D.J. Hayden,0
fumbles,2019,Trent Harris,1,0,0,2019_Trent Harris,0
fumbles,2019,Shelby Harris,1,0,0,2019_Shelby Harris,0
fumbles,2019,Chris Harris,1,0,0,2019_Chris Harris,0
fumbles,2019,Javon Hargrave,1,0,0,2019_Javon Hargrave,0
fumbles,2019,Shaun Dion Hamilton,1,0,0,2019_Shaun Dion Hamilton,0
fumbles,2019,Joe Haden,1,0,0,2019_Joe Haden,0
fumbles,2019,Brandon Graham,1,2,0,2019_Brandon Graham,0
fumbles,2019,Chauncey Gardner-Johnson,1,1,0,2019_Chauncey Gardner-Johnson,0
fumbles,2019,Tre Flowers,1,1,0,2019_Tre Flowers,0
fumbles,2019,Rashad Fenton,1,0,0,2019_Rashad Fenton,1
fumbles,2019,Mario Edwards,1,0,0,2019_Mario Edwards,0
fumbles,2019,Samson Ebukam,1,1,0,2019_Samson Ebukam,0
fumbles,2019,Ross Dwelley,1,0,0,2019_Ross Dwelley,0
fumbles,2019,Quandre Diggs,1,1,0,2019_Quandre Diggs,0
fumbles,2019,Carlton Davis,1,1,0,2019_Carlton Davis,0
fumbles,2019,Darrell Daniels,1,0,0,2019_Darrell Daniels,0
fumbles,2019,Jordan Dangerfield,1,0,0,2019_Jordan Dangerfield,0
fumbles,2019,Brandon Copeland,1,0,0,2019_Brandon Copeland,0
fumbles,2019,Randall Cobb,1,0,0,2019_Randall Cobb,0
fumbles,2019,Kenny Clark,1,0,0,2019_Kenny Clark,0
fumbles,2019,Bradley Chubb,1,0,0,2019_Bradley Chubb,0
fumbles,2019,Jurrell Casey,1,2,0,2019_Jurrell Casey,0
fumbles,2019,Lorenzo Carter,1,0,0,2019_Lorenzo Carter,0
fumbles,2019,T.J. Carrie,1,1,0,2019_T.J. Carrie,0
fumbles,2019,Ibraheim Campbell,1,0,0,2019_Ibraheim Campbell,0
fumbles,2019,Shilique Calhoun,1,0,0,2019_Shilique Calhoun,0
fumbles,2019,Devin Bush,1,4,1,2019_Devin Bush,0
fumbles,2019,Juston Burris,1,0,0,2019_Juston Burris,0
fumbles,2019,Ben Burr-Kirven,1,0,0,2019_Ben Burr-Kirven,0
fumbles,2019,Brian Burns,1,1,1,2019_Brian Burns,0
fumbles,2019,James Burgess,1,1,0,2019_James Burgess,0
fumbles,2019,Sean Murphy-Bunting,1,0,0,2019_Sean Murphy-Bunting,0
fumbles,2019,Taven Bryan,1,0,0,2019_Taven Bryan,0
fumbles,2019,Tyus Bowser,1,1,1,2019_Tyus Bowser,0
fumbles,2019,Nick Bosa,1,1,0,2019_Nick Bosa,0
fumbles,2019,Joey Bosa,1,0,0,2019_Joey Bosa,0
fumbles,2019,Brandon Bolden,1,0,0,2019_Brandon Bolden,0
fumbles,2019,Chris Board,1,0,0,2019_Chris Board,0
fumbles,2019,Jessie Bates,1,1,0,2019_Jessie Bates,0
fumbles,2019,Daren Bates,1,1,0,2019_Daren Bates,0
fumbles,2019,Anthony Barr,1,1,0,2019_Anthony Barr,0
fumbles,2019,Ben Banogu,1,0,0,2019_Ben Banogu,0
fumbles,2019,Budda Baker,1,0,0,2019_Budda Baker,0
fumbles,2019,Denico Autry,1,0,0,2019_Denico Autry,0
fumbles,2019,Blessuan Austin,1,0,0,2019_Blessuan Austin,0
fumbles,2019,Dorance Armstrong,1,0,0,2019_Dorance Armstrong,0
fumbles,2019,Eli Apple,1,0,0,2019_Eli Apple,0
fumbles,2019,Prince Amukamara,1,1,0,2019_Prince Amukamara,0
fumbles,2019,Tyson Alualu,1,0,0,2019_Tyson Alualu,0
fumbles,2019,Lorenzo Alexander,1,0,0,2019_Lorenzo Alexander,0
fumbles,2019,Kwon Alexander,1,0,0,2019_Kwon Alexander,0
fumbles,2019,Jaire Alexander,1,1,0,2019_Jaire Alexander,0
fumbles,2019,Jamal Agnew,1,0,0,2019_Jamal Agnew,0
fumbles,2019,Tyrell Adams,1,0,0,2019_Tyrell Adams,0
fumbles,2019,Andrew Adams,1,0,0,2019_Andrew Adams,0
fumbles,2019,Sam Acho,1,0,0,2019_Sam Acho,0
fumbles,2017,Yannick Ngakoue,6,2,1,2017_Yannick Ngakoue,0
fumbles,2017,Aaron Donald,5,1,0,2017_Aaron Donald,0
fumbles,2017,Lavonte David,5,5,1,2017_Lavonte David,0
fumbles,2017,Terrell Suggs,4,0,0,2017_Terrell Suggs,0
fumbles,2017,Glover Quin,4,1,0,2017_Glover Quin,0
fumbles,2017,Marcus Peters,4,2,1,2017_Marcus Peters,0
fumbles,2017,Chris Long,4,0,0,2017_Chris Long,1
fumbles,2017,DeMarcus Lawrence,4,2,0,2017_DeMarcus Lawrence,0
fumbles,2017,Chris Jones,4,0,0,2017_Chris Jones,0
fumbles,2017,Malik Jackson,4,0,0,2017_Malik Jackson,0
fumbles,2017,Bruce Irvin,4,0,0,2017_Bruce Irvin,0
fumbles,2017,Joey Bosa,4,1,0,2017_Joey Bosa,0
fumbles,2017,Joe Schobert,3,0,0,2017_Joe Schobert,0
fumbles,2017,Brian Orakpo,3,0,0,2017_Brian Orakpo,0
fumbles,2017,Keanu Neal,3,2,0,2017_Keanu Neal,0
fumbles,2017,C.J. Mosley,3,3,0,2017_C.J. Mosley,0
fumbles,2017,Barkevious Mingo,3,3,0,2017_Barkevious Mingo,0
fumbles,2017,Cassius Marsh,3,0,0,2017_Cassius Marsh,0
fumbles,2017,Ryan Kerrigan,3,0,0,2017_Ryan Kerrigan,0
fumbles,2017,Adoree' Jackson,3,0,0,2017_Adoree' Jackson,0
fumbles,2017,Wes Horton,3,0,0,2017_Wes Horton,0
fumbles,2017,Everson Griffen,3,0,0,2017_Everson Griffen,0
fumbles,2017,E.J. Gaines,3,0,0,2017_E.J. Gaines,0
fumbles,2017,Chris Conte,3,0,0,2017_Chris Conte,0
fumbles,2017,Calais Campbell,3,1,1,2017_Calais Campbell,0
fumbles,2017,Malcolm Butler,3,0,0,2017_Malcolm Butler,0
fumbles,2017,Lorenzo Alexander,3,0,0,2017_Lorenzo Alexander,0
fumbles,2017,Avery Williamson,2,0,0,2017_Avery Williamson,0
fumbles,2017,K'Waun Williams,2,1,0,2017_K'Waun Williams,0
fumbles,2017,Eric Weddle,2,1,0,2017_Eric Weddle,0
fumbles,2017,Olivier Vernon,2,0,0,2017_Olivier Vernon,0
fumbles,2017,Korey Toomer,2,0,0,2017_Korey Toomer,0
fumbles,2017,Ndamukong Suh,2,0,0,2017_Ndamukong Suh,0
fumbles,2017,Ryan Smith,2,1,0,2017_Ryan Smith,0
fumbles,2017,Keith Smith,2,0,0,2017_Keith Smith,0
fumbles,2017,Jaylon Smith,2,0,0,2017_Jaylon Smith,0
fumbles,2017,Marcus Smith,2,0,0,2017_Marcus Smith,0
fumbles,2017,Buster Skrine,2,2,0,2017_Buster Skrine,0
fumbles,2017,Kawann Short,2,1,0,2017_Kawann Short,0
fumbles,2017,Jabaal Sheard,2,0,0,2017_Jabaal Sheard,0
fumbles,2017,Ryan Shazier,2,1,0,2017_Ryan Shazier,0
fumbles,2017,Haason Reddick,2,0,0,2017_Haason Reddick,0
fumbles,2017,Robert Quinn,2,0,0,2017_Robert Quinn,0
fumbles,2017,Jason Pierre-Paul,2,0,0,2017_Jason Pierre-Paul,0
fumbles,2017,Julius Peppers,2,2,0,2017_Julius Peppers,0
fumbles,2017,Alex Okafor,2,0,0,2017_Alex Okafor,0
fumbles,2017,Emmanuel Ogbah,2,1,0,2017_Emmanuel Ogbah,0
fumbles,2017,Josh Norman,2,1,0,2017_Josh Norman,0
fumbles,2017,Reggie Nelson,2,0,0,2017_Reggie Nelson,0
fumbles,2017,Von Miller,2,1,0,2017_Von Miller,0
fumbles,2017,Takkarist McKinley,2,1,0,2017_Takkarist McKinley,0
fumbles,2017,Jason McCourty,2,0,0,2017_Jason McCourty,0
fumbles,2017,Chris McCain,2,0,0,2017_Chris McCain,0
fumbles,2017,Byron Maxwell,2,0,0,2017_Byron Maxwell,0
fumbles,2017,Darron Lee,2,0,0,2017_Darron Lee,0
fumbles,2017,Christian Kirksey,2,1,0,2017_Christian Kirksey,0
fumbles,2017,Damontae Kazee,2,0,0,2017_Damontae Kazee,0
fumbles,2017,Matt Judon,2,1,0,2017_Matt Judon,0
fumbles,2017,Cameron Jordan,2,0,0,2017_Cameron Jordan,0
fumbles,2017,Chandler Jones,2,0,0,2017_Chandler Jones,0
fumbles,2017,DeAndre Houston-Carson,2,0,0,2017_DeAndre Houston-Carson,0
fumbles,2017,Cameron Heyward,2,1,0,2017_Cameron Heyward,0
fumbles,2017,Jeff Heath,2,0,0,2017_Jeff Heath,0
fumbles,2017,Andre Hal,2,0,0,2017_Andre Hal,0
fumbles,2017,Brandon Graham,2,1,1,2017_Brandon Graham,1
fumbles,2017,William Gay,2,0,0,2017_William Gay,0
fumbles,2017,Dante Fowler Jr.,2,2,1,2017_Dante Fowler Jr.,0
fumbles,2017,Trey Flowers,2,0,0,2017_Trey Flowers,0
fumbles,2017,Tyeler Davison,2,0,0,2017_Tyeler Davison,0
fumbles,2017,Adrian Colbert,2,1,0,2017_Adrian Colbert,0
fumbles,2017,Jadeveon Clowney,2,2,1,2017_Jadeveon Clowney,0
fumbles,2017,Adrian Clayborn,2,2,1,2017_Adrian Clayborn,0
fumbles,2017,Kenny Clark,2,0,0,2017_Kenny Clark,0
fumbles,2017,Frank Clark,2,1,0,2017_Frank Clark,0
fumbles,2017,Josh Bynes,2,0,0,2017_Josh Bynes,0
fumbles,2017,Darius Butler,2,1,0,2017_Darius Butler,0
fumbles,2017,Deone Bucannon,2,0,0,2017_Deone Bucannon,0
fumbles,2017,Vonn Bell,2,0,0,2017_Vonn Bell,0
fumbles,2017,Shaquil Barrett,2,1,0,2017_Shaquil Barrett,0
fumbles,2017,Budda Baker,2,1,0,2017_Budda Baker,0
fumbles,2017,Robert Ayers,2,0,0,2017_Robert Ayers,0
fumbles,2017,Ray-Ray Armstrong,2,0,0,2017_Ray-Ray Armstrong,0
fumbles,2017,Adrian Amos,2,1,0,2017_Adrian Amos,0
fumbles,2017,Kiko Alonso,2,0,0,2017_Kiko Alonso,0
fumbles,2017,Mario Addison,2,0,0,2017_Mario Addison,0
fumbles,2017,Mike Adams,2,2,0,2017_Mike Adams,0
fumbles,2017,Anthony Zettel,1,1,0,2017_Anthony Zettel,0
fumbles,2017,Shareece Wright,1,0,0,2017_Shareece Wright,0
fumbles,2017,Ahkello Witherspoon,1,0,0,2017_Ahkello Witherspoon,0
fumbles,2017,James Winchester,1,0,0,2017_James Winchester,0
fumbles,2017,Tavon Wilson,1,0,0,2017_Tavon Wilson,0
fumbles,2017,Russell Wilson,1,0,0,2017_Russell Wilson,0
fumbles,2017,Eric Wilson,1,0,0,2017_Eric Wilson,0
fumbles,2017,Xavier Williams,1,0,0,2017_Xavier Williams,0
fumbles,2017,Kyle Wilber,1,0,0,2017_Kyle Wilber,0
fumbles,2017,Tre'Davious White,1,2,1,2017_Tre'Davious White,0
fumbles,2017,Lardarius Webb,1,0,0,2017_Lardarius Webb,0
fumbles,2017,T.J. Watt,1,0,0,2017_T.J. Watt,0
fumbles,2017,Tyrunn Walker,1,1,0,2017_Tyrunn Walker,0
fumbles,2017,Alterraun Verner,1,0,0,2017_Alterraun Verner,0
fumbles,2017,Courtney Upshaw,1,0,0,2017_Courtney Upshaw,0
fumbles,2017,Stephon Tuitt,1,0,0,2017_Stephon Tuitt,0
fumbles,2017,Danny Trevathan,1,1,0,2017_Danny Trevathan,0
fumbles,2017,Laquon Treadwell,1,0,0,2017_Laquon Treadwell,0
fumbles,2017,Earl Thomas,1,0,0,2017_Earl Thomas,0
fumbles,2017,Jamar Taylor,1,0,0,2017_Jamar Taylor,0
fumbles,2017,Aqib Talib,1,0,0,2017_Aqib Talib,0
fumbles,2017,D.J. Swearinger,1,0,0,2017_D.J. Swearinger,0
fumbles,2017,Noah Spence,1,0,0,2017_Noah Spence,0
fumbles,2017,Akeem Spence,1,0,0,2017_Akeem Spence,0
fumbles,2017,Za'Darius Smith,1,0,0,2017_Za'Darius Smith,0
fumbles,2017,Telvin Smith,1,2,1,2017_Telvin Smith,0
fumbles,2017,Preston Smith,1,1,0,2017_Preston Smith,0
fumbles,2017,Chris Smith,1,0,0,2017_Chris Smith,0
fumbles,2017,Wendell Smallwood,1,0,0,2017_Wendell Smallwood,1
fumbles,2017,LeShaun Sims,1,0,0,2017_LeShaun Sims,0
fumbles,2017,Dion Sims,1,0,0,2017_Dion Sims,0
fumbles,2017,Russell Shepard,1,0,0,2017_Russell Shepard,0
fumbles,2017,Logan Ryan,1,0,0,2017_Logan Ryan,0
fumbles,2017,Jake Ryan,1,1,0,2017_Jake Ryan,0
fumbles,2017,Bradley Roby,1,1,0,2017_Bradley Roby,0
fumbles,2017,Rashard Robinson,1,1,0,2017_Rashard Robinson,0
fumbles,2017,Josh Robinson,1,0,0,2017_Josh Robinson,0
fumbles,2017,A'Shawn Robinson,1,0,0,2017_A'Shawn Robinson,0
fumbles,2017,Nickell Robey-Coleman,1,1,0,2017_Nickell Robey-Coleman,0
fumbles,2017,Craig Robertson,1,2,0,2017_Craig Robertson,0
fumbles,2017,Sheldon Richardson,1,2,0,2017_Sheldon Richardson,0
fumbles,2017,Jordan Richards,1,0,0,2017_Jordan Richards,0
fumbles,2017,Jalen Reeves-Maybin,1,0,0,2017_Jalen Reeves-Maybin,0
fumbles,2017,Jarran Reed,1,0,0,2017_Jarran Reed,0
fumbles,2017,Sheldon Rankins,1,0,0,2017_Sheldon Rankins,0
fumbles,2017,Eddie Pleasant,1,0,0,2017_Eddie Pleasant,0
fumbles,2017,Olsen Pierre,1,0,0,2017_Olsen Pierre,0
fumbles,2017,Darius Philon,1,0,0,2017_Darius Philon,0
fumbles,2017,Adrian Phillips,1,0,0,2017_Adrian Phillips,0
fumbles,2017,Nick Perry,1,1,0,2017_Nick Perry,0
fumbles,2017,Nate Orchard,1,0,0,2017_Nate Orchard,0
fumbles,2017,Patrick Onwuasor,1,1,0,2017_Patrick Onwuasor,0
fumbles,2017,Alec Ogletree,1,1,0,2017_Alec Ogletree,0
fumbles,2017,Robert Nkemdiche,1,1,1,2017_Robert Nkemdiche,0
fumbles,2017,Steven Nelson,1,0,0,2017_Steven Nelson,0
fumbles,2017,Calvin Munson,1,0,0,2017_Calvin Munson,0
fumbles,2017,Avery Moss,1,0,0,2017_Avery Moss,0
fumbles,2017,Sterling Moore,1,0,0,2017_Sterling Moore,0
fumbles,2017,Kenny Moore II,1,0,0,2017_Kenny Moore II,0
fumbles,2017,Matt Milano,1,1,1,2017_Matt Milano,0
fumbles,2017,Whitney Mercilus,1,0,0,2017_Whitney Mercilus,0
fumbles,2017,Pernell McPhee,1,0,0,2017_Pernell McPhee,0
fumbles,2017,Rodney McLeod,1,1,0,2017_Rodney McLeod,1
fumbles,2017,Benardrick McKinney,1,0,0,2017_Benardrick McKinney,0
fumbles,2017,Tanner McEvoy,1,0,0,2017_Tanner McEvoy,0
fumbles,2017,Vance McDonald,1,0,0,2017_Vance McDonald,0
fumbles,2017,Dexter McDonald,1,0,0,2017_Dexter McDonald,0
fumbles,2017,Tony McDaniel,1,0,0,2017_Tony McDaniel,0
fumbles,2017,Marcus Maye,1,0,0,2017_Marcus Maye,0
fumbles,2017,Michael Mauti,1,0,0,2017_Michael Mauti,0
fumbles,2017,Clay Matthews,1,1,0,2017_Clay Matthews,0
fumbles,2017,Tyrann Mathieu,1,0,0,2017_Tyrann Mathieu,0
fumbles,2017,Blake Martinez,1,2,0,2017_Blake Martinez,0
fumbles,2017,Kareem Martin,1,0,0,2017_Kareem Martin,0
fumbles,2017,Brandon Marshall,1,1,1,2017_Brandon Marshall,0
fumbles,2017,Khalil Mack,1,1,0,2017_Khalil Mack,0
fumbles,2017,Matt Longacre,1,1,0,2017_Matt Longacre,0
fumbles,2017,Corey Liuget,1,0,0,2017_Corey Liuget,0
fumbles,2017,Cory Littleton,1,0,0,2017_Cory Littleton,0
fumbles,2017,Zach Line,1,0,0,2017_Zach Line,0
fumbles,2017,Elijah Lee,1,0,0,2017_Elijah Lee,0
fumbles,2017,Cre'von LeBlanc,1,0,0,2017_Cre'von LeBlanc,0
fumbles,2017,Shaq Lawson,1,0,0,2017_Shaq Lawson,0
fumbles,2017,Nevin Lawson,1,1,1,2017_Nevin Lawson,0
fumbles,2017,Marshon Lattimore,1,0,0,2017_Marshon Lattimore,0
fumbles,2017,Anthony Lanier,1,1,0,2017_Anthony Lanier,0
fumbles,2017,Nick Kwiatkoski,1,0,0,2017_Nick Kwiatkoski,0
fumbles,2017,Luke Kuechly,1,2,1,2017_Luke Kuechly,0
fumbles,2017,A.J. Klein,1,0,0,2017_A.J. Klein,0
fumbles,2017,Dre Kirkpatrick,1,0,0,2017_Dre Kirkpatrick,0
fumbles,2017,Miles Killebrew,1,0,0,2017_Miles Killebrew,0
fumbles,2017,Case Keenum,1,0,0,2017_Case Keenum,0
fumbles,2017,Lamarcus Joyner,1,0,0,2017_Lamarcus Joyner,0
fumbles,2017,Karl Joseph,1,1,0,2017_Karl Joseph,0
fumbles,2017,Dion Jordan,1,0,0,2017_Dion Jordan,0
fumbles,2017,Christian Jones,1,1,0,2017_Christian Jones,0
fumbles,2017,Byron Jones,1,0,0,2017_Byron Jones,0
fumbles,2017,Abry Jones,1,1,0,2017_Abry Jones,0
fumbles,2017,Trumaine Johnson,1,1,0,2017_Trumaine Johnson,0
fumbles,2017,Leonard Johnson,1,1,0,2017_Leonard Johnson,0
fumbles,2017,Derrick Johnson,1,1,0,2017_Derrick Johnson,0
fumbles,2017,Malcolm Jenkins,1,1,0,2017_Malcolm Jenkins,1
fumbles,2017,Jordan Jenkins,1,2,0,2017_Jordan Jenkins,0
fumbles,2017,Janoris Jenkins,1,0,0,2017_Janoris Jenkins,0
fumbles,2017,Tony Jefferson,1,0,0,2017_Tony Jefferson,0
fumbles,2017,Cory James,1,0,0,2017_Cory James,0
fumbles,2017,Kareem Jackson,1,0,0,2017_Kareem Jackson,0
fumbles,2017,Eddie Jackson,1,3,1,2017_Eddie Jackson,0
fumbles,2017,David Irving,1,0,0,2017_David Irving,0
fumbles,2017,Matthew Ioannidis,1,0,0,2017_Matthew Ioannidis,0
fumbles,2017,Melvin Ingram,1,2,1,2017_Melvin Ingram,0
fumbles,2017,Danielle Hunter,1,1,0,2017_Danielle Hunter,0
fumbles,2017,Adam Humphries,1,0,0,2017_Adam Humphries,0
fumbles,2017,Ramon Humber,1,0,0,2017_Ramon Humber,0
fumbles,2017,Jerry Hughes,1,0,0,2017_Jerry Hughes,0
fumbles,2017,Lamarr Houston,1,1,1,2017_Lamarr Houston,0
fumbles,2017,Anthony Hitchens,1,0,0,2017_Anthony Hitchens,0
fumbles,2017,Mike Hilton,1,0,0,2017_Mike Hilton,0
fumbles,2017,Treyvon Hester,1,0,0,2017_Treyvon Hester,0
fumbles,2017,Thomas Hennessy,1,0,0,2017_Thomas Hennessy,0
fumbles,2017,Trey Hendrickson,1,0,0,2017_Trey Hendrickson,0
fumbles,2017,Casey Hayward,1,2,0,2017_Casey Hayward,0
fumbles,2017,Josh Hawkins,1,0,0,2017_Josh Hawkins,0
fumbles,2017,Stephen Hauschka,1,0,0,2017_Stephen Hauschka,0
fumbles,2017,James Harrison,1,0,0,2017_James Harrison,0
fumbles,2017,Chris Harris,1,0,0,2017_Chris Harris,0
fumbles,2017,Anthony Harris,1,2,0,2017_Anthony Harris,0
fumbles,2017,Javon Hargrave,1,0,0,2017_Javon Hargrave,0
fumbles,2017,Bryce Hager,1,1,0,2017_Bryce Hager,0
fumbles,2017,Kamu Grugier-Hill,1,0,0,2017_Kamu Grugier-Hill,1
fumbles,2017,Shaq Thompson,1,0,0,2017_Shaq Thompson,0
fumbles,2017,Marquise Goodwin,1,0,0,2017_Marquise Goodwin,0
fumbles,2017,B.J. Goodson,1,0,0,2017_B.J. Goodson,0
fumbles,2017,Davon Godchaux,1,0,0,2017_Davon Godchaux,0
fumbles,2017,Adarius Taylor,1,1,1,2017_Adarius Taylor,0
fumbles,2017,Marcus Gilchrist,1,0,0,2017_Marcus Gilchrist,0
fumbles,2017,Terence Garvin,1,0,0,2017_Terence Garvin,0
fumbles,2017,Myles Garrett,1,1,0,2017_Myles Garrett,0
fumbles,2017,Junior Galette,1,0,0,2017_Junior Galette,0
fumbles,2017,Kendall Fuller,1,0,0,2017_Kendall Fuller,0
fumbles,2017,Travis Frederick,1,1,0,2017_Travis Frederick,0
fumbles,2017,Kavon Frazier,1,0,0,2017_Kavon Frazier,0
fumbles,2017,Morgan Fox,1,1,0,2017_Morgan Fox,0
fumbles,2017,Dee Ford,1,0,0,2017_Dee Ford,0
fumbles,2017,Marquis Flowers,1,0,0,2017_Marquis Flowers,0
fumbles,2017,Matthias Farley,1,1,0,2017_Matthias Farley,0
fumbles,2017,Deshazor Everett,1,0,0,2017_Deshazor Everett,0
fumbles,2017,Marwin Evans,1,0,0,2017_Marwin Evans,0
fumbles,2017,Samson Ebukam,1,0,0,2017_Samson Ebukam,0
fumbles,2017,Carlos Dunlap,1,0,0,2017_Carlos Dunlap,0
fumbles,2017,Brandon Dixon,1,0,0,2017_Brandon Dixon,0
fumbles,2017,Quandre Diggs,1,0,0,2017_Quandre Diggs,0
fumbles,2017,Sean Davis,1,0,0,2017_Sean Davis,0
fumbles,2017,Ryan Davis,1,0,0,2017_Ryan Davis,0
fumbles,2017,Jarrad Davis,1,1,0,2017_Jarrad Davis,0
fumbles,2017,Mike Daniels,1,0,0,2017_Mike Daniels,0
fumbles,2017,Vinny Curry,1,0,0,2017_Vinny Curry,1
fumbles,2017,Zach Cunningham,1,0,0,2017_Zach Cunningham,0
fumbles,2017,Tyrone Crawford,1,1,0,2017_Tyrone Crawford,0
fumbles,2017,Brock Coyle,1,0,0,2017_Brock Coyle,0
fumbles,2017,Fletcher Cox,1,2,1,2017_Fletcher Cox,1
fumbles,2017,James Cowser,1,2,0,2017_James Cowser,0
fumbles,2017,Christian Covington,1,0,0,2017_Christian Covington,0
fumbles,2017,Landon Collins,1,2,0,2017_Landon Collins,0
fumbles,2017,Jamie Collins,1,0,0,2017_Jamie Collins,0
fumbles,2017,Taco Charlton,1,0,0,2017_Taco Charlton,0
fumbles,2017,Kam Chancellor,1,0,0,2017_Kam Chancellor,0
fumbles,2017,Jurrell Casey,1,0,0,2017_Jurrell Casey,0
fumbles,2017,Don Carey,1,0,0,2017_Don Carey,0
fumbles,2017,Cap Capi,1,0,0,2017_Cap Capi,0
fumbles,2017,De'Vondre Campbell,1,0,0,2017_De'Vondre Campbell,0
fumbles,2017,Bryce Callahan,1,0,0,2017_Bryce Callahan,0
fumbles,2017,Juston Burris,1,1,0,2017_Juston Burris,0
fumbles,2017,Morgan Burnett,1,0,0,2017_Morgan Burnett,0
fumbles,2017,James Burgess,1,0,0,2017_James Burgess,0
fumbles,2017,Vontaze Burfict,1,0,0,2017_Vontaze Burfict,0
fumbles,2017,Jonathan Bullard,1,0,0,2017_Jonathan Bullard,0
fumbles,2017,DeForest Buckner,1,0,0,2017_DeForest Buckner,0
fumbles,2017,Anthony Brown,1,0,0,2017_Anthony Brown,0
fumbles,2017,Tyvon Branch,1,0,0,2017_Tyvon Branch,0
fumbles,2017,Nigel Bradham,1,1,1,2017_Nigel Bradham,1
fumbles,2017,James Bradberry,1,0,0,2017_James Bradberry,0
fumbles,2017,Nick Boyle,1,0,0,2017_Nick Boyle,0
fumbles,2017,Kendrick Bourne,1,0,0,2017_Kendrick Bourne,0
fumbles,2017,Victor Bolden,1,0,0,2017_Victor Bolden,0
fumbles,2017,Alfred Blue,1,0,0,2017_Alfred Blue,0
fumbles,2017,Ronald Blair,1,0,0,2017_Ronald Blair,0
fumbles,2017,Antoine Bethea,1,0,0,2017_Antoine Bethea,0
fumbles,2017,Kendell Beckwith,1,0,0,2017_Kendell Beckwith,0
fumbles,2017,Vic Beasley,1,0,0,2017_Vic Beasley,0
fumbles,2017,Tarell Basham,1,0,0,2017_Tarell Basham,0
fumbles,2017,Derek Barnett,1,2,1,2017_Derek Barnett,1
fumbles,2017,Chris Banjo,1,1,0,2017_Chris Banjo,0
fumbles,2017,Chidobe Awuzie,1,0,0,2017_Chidobe Awuzie,0
fumbles,2017,Ezekiel Ansah,1,1,0,2017_Ezekiel Ansah,0
fumbles,2017,Henry Anderson,1,0,0,2017_Henry Anderson,0
fumbles,2017,Chase Allen,1,0,0,2017_Chase Allen,0
fumbles,2017,Kwon Alexander,1,0,0,2017_Kwon Alexander,0
fumbles,2017,Walt Aikens,1,0,0,2017_Walt Aikens,0
fumbles,2017,Jamal Adams,1,2,0,2017_Jamal Adams,0
fumbles,2017,Andrew Adams,1,0,0,2017_Andrew Adams,0
fumbles,2017,Sam Acho,1,0,0,2017_Sam Acho,0
fumbles,2017,Jared Abbrederis,1,0,0,2017_Jared Abbrederis,0
fumbles,2016,Bruce Irvin,6,0,0,2016_Bruce Irvin,0
fumbles,2016,Vic Beasley,6,1,1,2016_Vic Beasley,0
fumbles,2016,Cameron Wake,5,0,0,2016_Cameron Wake,0
fumbles,2016,Keanu Neal,5,1,0,2016_Keanu Neal,0
fumbles,2016,Khalil Mack,5,3,0,2016_Khalil Mack,0
fumbles,2016,Cliff Avril,5,0,0,2016_Cliff Avril,0
fumbles,2016,Yannick Ngakoue,4,0,0,2016_Yannick Ngakoue,0
fumbles,2016,Byron Maxwell,4,0,0,2016_Byron Maxwell,0
fumbles,2016,Chandler Jones,4,2,0,2016_Chandler Jones,0
fumbles,2016,David Irving,4,1,0,2016_David Irving,0
fumbles,2016,Melvin Ingram,4,0,0,2016_Melvin Ingram,0
fumbles,2016,Markus Golden,4,1,0,2016_Markus Golden,0
fumbles,2016,Lavonte David,4,2,0,2016_Lavonte David,0
fumbles,2016,T.J. Ward,3,2,0,2016_T.J. Ward,0
fumbles,2016,Erik Walden,3,0,0,2016_Erik Walden,0
fumbles,2016,Korey Toomer,3,1,0,2016_Korey Toomer,0
fumbles,2016,Terrell Suggs,3,0,0,2016_Terrell Suggs,0
fumbles,2016,Noah Spence,3,0,0,2016_Noah Spence,0
fumbles,2016,Ryan Shazier,3,1,0,2016_Ryan Shazier,0
fumbles,2016,Orlando Scandrick,3,0,0,2016_Orlando Scandrick,0
fumbles,2016,Ahtyba Rubin,3,0,0,2016_Ahtyba Rubin,0
fumbles,2016,Brian Robison,3,0,0,2016_Brian Robison,0
fumbles,2016,Jason Pierre-Paul,3,1,1,2016_Jason Pierre-Paul,0
fumbles,2016,Trent Murphy,3,1,0,2016_Trent Murphy,0
fumbles,2016,Von Miller,3,0,0,2016_Von Miller,0
fumbles,2016,Robert Mathis,3,2,1,2016_Robert Mathis,0
fumbles,2016,Linval Joseph,3,0,0,2016_Linval Joseph,0
fumbles,2016,Charles Johnson,3,0,0,2016_Charles Johnson,0
fumbles,2016,Carlos Dunlap,3,0,0,2016_Carlos Dunlap,0
fumbles,2016,Lorenzo Alexander,3,0,0,2016_Lorenzo Alexander,0
fumbles,2016,Leonard Williams,2,0,0,2016_Leonard Williams,0
fumbles,2016,Kenny Vaccaro,2,1,0,2016_Kenny Vaccaro,0
fumbles,2016,Stephon Tuitt,2,0,0,2016_Stephon Tuitt,0
fumbles,2016,Desmond Trufant,2,0,0,2016_Desmond Trufant,0
fumbles,2016,Michael Thomas,2,0,0,2016_Michael Thomas,0
fumbles,2016,Nate Stupar,2,2,0,2016_Nate Stupar,0
fumbles,2016,Daniel Sorensen,2,3,0,2016_Daniel Sorensen,0
fumbles,2016,Malcolm Smith,2,1,0,2016_Malcolm Smith,0
fumbles,2016,Anthony Sherman,2,0,0,2016_Anthony Sherman,0
fumbles,2016,Perry Riley,2,0,0,2016_Perry Riley,0
fumbles,2016,Keith Reaser,2,0,0,2016_Keith Reaser,0
fumbles,2016,Robert Quinn,2,0,0,2016_Robert Quinn,0
fumbles,2016,Julius Peppers,2,1,0,2016_Julius Peppers,0
fumbles,2016,Ron Parker,2,0,0,2016_Ron Parker,0
fumbles,2016,Josh Norman,2,0,0,2016_Josh Norman,0
fumbles,2016,Sio Moore,2,0,0,2016_Sio Moore,0
fumbles,2016,Rontez Miles,2,0,0,2016_Rontez Miles,0
fumbles,2016,Rashaan Melvin,2,0,0,2016_Rashaan Melvin,0
fumbles,2016,Stacy McGee,2,0,0,2016_Stacy McGee,0
fumbles,2016,Gerald McCoy,2,2,0,2016_Gerald McCoy,0
fumbles,2016,Terrell McClain,2,0,0,2016_Terrell McClain,0
fumbles,2016,Bennie Logan,2,1,0,2016_Bennie Logan,0
fumbles,2016,A.J. Klein,2,0,0,2016_A.J. Klein,0
fumbles,2016,Ryan Kerrigan,2,0,0,2016_Ryan Kerrigan,0
fumbles,2016,Jarvis Jones,2,1,0,2016_Jarvis Jones,0
fumbles,2016,Cam Johnson,2,0,0,2016_Cam Johnson,0
fumbles,2016,Tony Jefferson,2,2,0,2016_Tony Jefferson,0
fumbles,2016,Wes Horton,2,2,0,2016_Wes Horton,0
fumbles,2016,Akiem Hicks,2,1,0,2016_Akiem Hicks,0
fumbles,2016,James Harrison,2,0,0,2016_James Harrison,0
fumbles,2016,LaDarius Gunter,2,0,0,2016_LaDarius Gunter,0
fumbles,2016,Everson Griffen,2,3,1,2016_Everson Griffen,0
fumbles,2016,Brandon Graham,2,1,0,2016_Brandon Graham,0
fumbles,2016,Phillip Gaines,2,0,0,2016_Phillip Gaines,0
fumbles,2016,Dominique Easley,2,0,0,2016_Dominique Easley,0
fumbles,2016,Kony Ealy,2,0,0,2016_Kony Ealy,0
fumbles,2016,Elvis Dumervil,2,1,0,2016_Elvis Dumervil,0
fumbles,2016,Aaron Donald,2,0,0,2016_Aaron Donald,0
fumbles,2016,Jared Crick,2,0,0,2016_Jared Crick,0
fumbles,2016,Jamie Collins,2,0,0,2016_Jamie Collins,1
fumbles,2016,Frank Clark,2,1,0,2016_Frank Clark,0
fumbles,2016,Anthony Chickillo,2,0,0,2016_Anthony Chickillo,0
fumbles,2016,Calais Campbell,2,3,1,2016_Calais Campbell,0
fumbles,2016,Zach Brown,2,0,0,2016_Zach Brown,0
fumbles,2016,Jatavis Brown,2,1,0,2016_Jatavis Brown,0
fumbles,2016,Terrence Brooks,2,0,0,2016_Terrence Brooks,0
fumbles,2016,Bashaud Breeland,2,0,0,2016_Bashaud Breeland,0
fumbles,2016,Andre Branch,2,0,0,2016_Andre Branch,0
fumbles,2016,Nigel Bradham,2,1,0,2016_Nigel Bradham,0
fumbles,2016,Vonn Bell,2,1,0,2016_Vonn Bell,0
fumbles,2016,Chris Baker,2,0,0,2016_Chris Baker,0
fumbles,2016,Mario Addison,2,1,0,2016_Mario Addison,0
fumbles,2016,Mike Adams,2,2,0,2016_Mike Adams,0
fumbles,2016,Frank Zombo,1,0,0,2016_Frank Zombo,0
fumbles,2016,Willie Young,1,0,0,2016_Willie Young,0
fumbles,2016,K.J. Wright,1,1,0,2016_K.J. Wright,0
fumbles,2016,Ramik Wilson,1,2,0,2016_Ramik Wilson,0
fumbles,2016,Avery Williamson,1,0,0,2016_Avery Williamson,0
fumbles,2016,Marcus Williams,1,0,0,2016_Marcus Williams,0
fumbles,2016,Muhammad Wilkerson,1,0,0,2016_Muhammad Wilkerson,0
fumbles,2016,Michael Wilhoite,1,1,0,2016_Michael Wilhoite,0
fumbles,2016,J.J. Wilcox,1,0,0,2016_J.J. Wilcox,0
fumbles,2016,Kyle Wilber,1,2,0,2016_Kyle Wilber,0
fumbles,2016,Donte Whitner,1,0,0,2016_Donte Whitner,0
fumbles,2016,Eric Weddle,1,0,0,2016_Eric Weddle,0
fumbles,2016,Dekoda Watson,1,0,0,2016_Dekoda Watson,0
fumbles,2016,Jimmie Ward,1,1,0,2016_Jimmie Ward,0
fumbles,2016,Olivier Vernon,1,1,0,2016_Olivier Vernon,0
fumbles,2016,Kyle Van Noy,1,0,0,2016_Kyle Van Noy,1
fumbles,2016,Destiny Vaeao,1,0,0,2016_Destiny Vaeao,0
fumbles,2016,Courtney Upshaw,1,1,0,2016_Courtney Upshaw,0
fumbles,2016,Mike Tolbert,1,0,0,2016_Mike Tolbert,0
fumbles,2016,Lawrence Timmons,1,0,0,2016_Lawrence Timmons,0
fumbles,2016,Khyri Thornton,1,0,0,2016_Khyri Thornton,0
fumbles,2016,Cedric Thornton,1,1,0,2016_Cedric Thornton,0
fumbles,2016,Mike Thomas,1,0,0,2016_Mike Thomas,0
fumbles,2016,Julius Thomas,1,0,0,2016_Julius Thomas,0
fumbles,2016,Devin Taylor,1,0,0,2016_Devin Taylor,0
fumbles,2016,Darian Stewart,1,1,0,2016_Darian Stewart,0
fumbles,2016,C.J. Spiller,1,0,0,2016_C.J. Spiller,0
fumbles,2016,Sean Spence,1,0,0,2016_Sean Spence,0
fumbles,2016,Za'Darius Smith,1,0,0,2016_Za'Darius Smith,0
fumbles,2016,Steve Smith,1,0,0,2016_Steve Smith,0
fumbles,2016,Darius Slay,1,0,0,2016_Darius Slay,0
fumbles,2016,John Simon,1,0,0,2016_John Simon,0
fumbles,2016,Kawann Short,1,0,0,2016_Kawann Short,0
fumbles,2016,DeShawn Shead,1,0,0,2016_DeShawn Shead,0
fumbles,2016,Coty Sensabaugh,1,0,0,2016_Coty Sensabaugh,0
fumbles,2016,Logan Ryan,1,0,0,2016_Logan Ryan,1
fumbles,2016,Frostee Rucker,1,0,0,2016_Frostee Rucker,0
fumbles,2016,Dominique Rodgers-Cromartie,1,0,0,2016_Dominique Rodgers-Cromartie,0
fumbles,2016,Bradley Roby,1,0,0,2016_Bradley Roby,0
fumbles,2016,Patrick Robinson,1,0,0,2016_Patrick Robinson,0
fumbles,2016,Nickell Robey-Coleman,1,1,1,2016_Nickell Robey-Coleman,0
fumbles,2016,Elandon Roberts,1,0,0,2016_Elandon Roberts,1
fumbles,2016,Christian Ringo,1,0,0,2016_Christian Ringo,0
fumbles,2016,Sheldon Richardson,1,2,0,2016_Sheldon Richardson,0
fumbles,2016,Xavier Rhodes,1,0,0,2016_Xavier Rhodes,0
fumbles,2016,Eric Reid,1,0,0,2016_Eric Reid,0
fumbles,2016,Brooks Reed,1,0,0,2016_Brooks Reed,0
fumbles,2016,Shane Ray,1,2,1,2016_Shane Ray,0
fumbles,2016,Sheldon Rankins,1,0,0,2016_Sheldon Rankins,0
fumbles,2016,Jalen Ramsey,1,0,0,2016_Jalen Ramsey,0
fumbles,2016,Glover Quin,1,0,0,2016_Glover Quin,0
fumbles,2016,Ryan Quigley,1,0,0,2016_Ryan Quigley,0
fumbles,2016,Mike Purcell,1,0,0,2016_Mike Purcell,0
fumbles,2016,Calvin Pryor,1,0,0,2016_Calvin Pryor,0
fumbles,2016,Walt Powell,1,0,0,2016_Walt Powell,0
fumbles,2016,Tracy Porter,1,0,0,2016_Tracy Porter,0
fumbles,2016,Dontari Poe,1,0,0,2016_Dontari Poe,0
fumbles,2016,Marcus Peters,1,3,0,2016_Marcus Peters,0
fumbles,2016,Joshua Perry,1,0,0,2016_Joshua Perry,0
fumbles,2016,Zach Orr,1,2,0,2016_Zach Orr,0
fumbles,2016,Brian Orakpo,1,0,0,2016_Brian Orakpo,0
fumbles,2016,Patrick Onwuasor,1,0,0,2016_Patrick Onwuasor,0
fumbles,2016,Alex Okafor,1,1,0,2016_Alex Okafor,0
fumbles,2016,Alec Ogletree,1,1,0,2016_Alec Ogletree,0
fumbles,2016,Jared Odrick,1,0,0,2016_Jared Odrick,0
fumbles,2016,Ty Nsekhe,1,0,0,2016_Ty Nsekhe,0
fumbles,2016,Rob Ninkovich,1,0,0,2016_Rob Ninkovich,1
fumbles,2016,Captain Munnerlyn,1,0,0,2016_Captain Munnerlyn,0
fumbles,2016,C.J. Mosley,1,0,0,2016_C.J. Mosley,0
fumbles,2016,Ifeanyi Momah,1,1,0,2016_Ifeanyi Momah,0
fumbles,2016,Whitney Mercilus,1,4,0,2016_Whitney Mercilus,0
fumbles,2016,Steven Means,1,0,0,2016_Steven Means,0
fumbles,2016,Pernell McPhee,1,0,0,2016_Pernell McPhee,0
fumbles,2016,Josh McNary,1,0,0,2016_Josh McNary,0
fumbles,2016,Rodney McLeod,1,0,0,2016_Rodney McLeod,0
fumbles,2016,Steve McLendon,1,0,0,2016_Steve McLendon,0
fumbles,2016,Benardrick McKinney,1,0,0,2016_Benardrick McKinney,0
fumbles,2016,Sean McGrath,1,0,0,2016_Sean McGrath,0
fumbles,2016,T.Y. McGill,1,0,0,2016_T.Y. McGill,0
fumbles,2016,Lerentee McCray,1,0,0,2016_Lerentee McCray,0
fumbles,2016,Devin McCourty,1,1,0,2016_Devin McCourty,1
fumbles,2016,Bobby McCain,1,0,0,2016_Bobby McCain,0
fumbles,2016,Benson Mayowa,1,1,0,2016_Benson Mayowa,0
fumbles,2016,Michael Mauti,1,0,0,2016_Michael Mauti,0
fumbles,2016,Clay Matthews,1,0,0,2016_Clay Matthews,0
fumbles,2016,Tyrann Mathieu,1,0,0,2016_Tyrann Mathieu,0
fumbles,2016,Kareem Martin,1,0,0,2016_Kareem Martin,0
fumbles,2016,Brandon Marshall,1,1,0,2016_Brandon Marshall,0
fumbles,2016,Cassius Marsh,1,1,0,2016_Cassius Marsh,0
fumbles,2016,Dwight Lowery,1,1,1,2016_Dwight Lowery,0
fumbles,2016,Kyle Love,1,1,0,2016_Kyle Love,0
fumbles,2016,Ricardo Louis,1,0,0,2016_Ricardo Louis,0
fumbles,2016,Star Lotulelei,1,0,0,2016_Star Lotulelei,0
fumbles,2016,Chris Long,1,1,0,2016_Chris Long,1
fumbles,2016,Brandon Linder,1,0,0,2016_Brandon Linder,0
fumbles,2016,Roger Lewis,1,0,0,2016_Roger Lewis,0
fumbles,2016,Kendrick Lewis,1,0,0,2016_Kendrick Lewis,0
fumbles,2016,Corey Lemonier,1,1,0,2016_Corey Lemonier,0
fumbles,2016,Shaq Lawson,1,0,0,2016_Shaq Lawson,0
fumbles,2016,DeMarcus Lawrence,1,0,0,2016_DeMarcus Lawrence,0
fumbles,2016,DaVonte Lambert,1,0,0,2016_DaVonte Lambert,0
fumbles,2016,Nick Kwiatkoski,1,0,0,2016_Nick Kwiatkoski,0
fumbles,2016,Luke Kuechly,1,0,0,2016_Luke Kuechly,0
fumbles,2016,Paul Kruger,1,2,0,2016_Paul Kruger,0
fumbles,2016,Devon Kennard,1,1,0,2016_Devon Kennard,0
fumbles,2016,Eric Kendricks,1,1,0,2016_Eric Kendricks,0
fumbles,2016,Lamarcus Joyner,1,0,0,2016_Lamarcus Joyner,0
fumbles,2016,Johnathan Joseph,1,0,0,2016_Johnathan Joseph,0
fumbles,2016,Cameron Jordan,1,0,0,2016_Cameron Jordan,0
fumbles,2016,Jonathan Jones,1,1,0,2016_Jonathan Jones,1
fumbles,2016,Deion Jones,1,0,0,2016_Deion Jones,0
fumbles,2016,Byron Jones,1,0,0,2016_Byron Jones,0
fumbles,2016,Adam Jones,1,0,0,2016_Adam Jones,0
fumbles,2016,Steven Johnson,1,0,0,2016_Steven Johnson,0
fumbles,2016,Rashad Johnson,1,0,0,2016_Rashad Johnson,0
fumbles,2016,Jordan Jenkins,1,1,0,2016_Jordan Jenkins,0
fumbles,2016,Janoris Jenkins,1,0,0,2016_Janoris Jenkins,0
fumbles,2016,Cory James,1,0,0,2016_Cory James,0
fumbles,2016,Danielle Hunter,1,1,1,2016_Danielle Hunter,0
fumbles,2016,Jerry Hughes,1,0,0,2016_Jerry Hughes,0
fumbles,2016,Xavien Howard,1,0,0,2016_Xavien Howard,0
fumbles,2016,Justin Houston,1,0,0,2016_Justin Houston,0
fumbles,2016,Ziggy Hood,1,0,0,2016_Ziggy Hood,0
fumbles,2016,Gerald Hodges,1,1,0,2016_Gerald Hodges,0
fumbles,2016,Dont'a Hightower,1,0,0,2016_Dont'a Hightower,1
fumbles,2016,Darrius Heyward-Bey,1,0,0,2016_Darrius Heyward-Bey,0
fumbles,2016,D.J. Hayden,1,0,0,2016_D.J. Hayden,0
fumbles,2016,Stephen Hauschka,1,0,0,2016_Stephen Hauschka,0
fumbles,2016,Damon Harrison,1,0,0,2016_Damon Harrison,0
fumbles,2016,Chris Harris,1,1,0,2016_Chris Harris,0
fumbles,2016,Eli Harold,1,1,0,2016_Eli Harold,0
fumbles,2016,Duron Harmon,1,1,0,2016_Duron Harmon,1
fumbles,2016,Vernon Hargreaves III,1,0,0,2016_Vernon Hargreaves III,0
fumbles,2016,Johnathan Hankins,1,0,0,2016_Johnathan Hankins,0
fumbles,2016,Leon Hall,1,0,0,2016_Leon Hall,0
fumbles,2016,Lawrence Guy,1,1,0,2016_Lawrence Guy,0
fumbles,2016,Jonathan Grimes,1,0,0,2016_Jonathan Grimes,0
fumbles,2016,Brent Grimes,1,0,0,2016_Brent Grimes,0
fumbles,2016,B.J. Goodson,1,0,0,2016_B.J. Goodson,0
fumbles,2016,Jacoby Glenn,1,0,0,2016_Jacoby Glenn,0
fumbles,2016,Marcus Gilchrist,1,0,0,2016_Marcus Gilchrist,0
fumbles,2016,William Gholston,1,1,0,2016_William Gholston,0
fumbles,2016,Clayton Geathers,1,0,0,2016_Clayton Geathers,0
fumbles,2016,William Gay,1,0,0,2016_William Gay,0
fumbles,2016,E.J. Gaines,1,1,0,2016_E.J. Gaines,0
fumbles,2016,Nolan Frese,1,0,0,2016_Nolan Frese,0
fumbles,2016,Jonathan Freeny,1,0,0,2016_Jonathan Freeny,1
fumbles,2016,Morgan Fox,1,1,0,2016_Morgan Fox,0
fumbles,2016,Mason Foster,1,0,0,2016_Mason Foster,0
fumbles,2016,Dee Ford,1,0,0,2016_Dee Ford,0
fumbles,2016,Leonard Floyd,1,1,1,2016_Leonard Floyd,0
fumbles,2016,Kyler Fackrell,1,0,0,2016_Kyler Fackrell,0
fumbles,2016,Kyle Emanuel,1,1,0,2016_Kyle Emanuel,0
fumbles,2016,Nate Ebner,1,0,0,2016_Nate Ebner,1
fumbles,2016,Bud Dupree,1,0,0,2016_Bud Dupree,0
fumbles,2016,Quandre Diggs,1,0,0,2016_Quandre Diggs,0
fumbles,2016,Quintin Demps,1,0,0,2016_Quintin Demps,0
fumbles,2016,Todd Davis,1,1,0,2016_Todd Davis,0
fumbles,2016,Thomas Davis,1,2,1,2016_Thomas Davis,0
fumbles,2016,Kellen Davis,1,0,0,2016_Kellen Davis,0
fumbles,2016,Demario Davis,1,0,0,2016_Demario Davis,0
fumbles,2016,Johnathan Cyprien,1,1,0,2016_Johnathan Cyprien,0
fumbles,2016,Ken Crawley,1,1,0,2016_Ken Crawley,0
fumbles,2016,Fletcher Cox,1,1,0,2016_Fletcher Cox,0
fumbles,2016,Kamalei Correa,1,0,0,2016_Kamalei Correa,0
fumbles,2016,Brandon Copeland,1,0,0,2016_Brandon Copeland,0
fumbles,2016,Will Compton,1,2,0,2016_Will Compton,0
fumbles,2016,Maliek Collins,1,1,0,2016_Maliek Collins,0
fumbles,2016,Kurt Coleman,1,0,0,2016_Kurt Coleman,0
fumbles,2016,Randall Cobb,1,1,0,2016_Randall Cobb,0
fumbles,2016,Jadeveon Clowney,1,0,0,2016_Jadeveon Clowney,0
fumbles,2016,Ha Ha Clinton-Dix,1,0,0,2016_Ha Ha Clinton-Dix,0
fumbles,2016,Barry Church,1,0,0,2016_Barry Church,0
fumbles,2016,Kam Chancellor,1,0,0,2016_Kam Chancellor,0
fumbles,2016,Garrett Celek,1,0,0,2016_Garrett Celek,0
fumbles,2016,Jonathan Casillas,1,0,0,2016_Jonathan Casillas,0
fumbles,2016,Nolan Carroll,1,0,0,2016_Nolan Carroll,0
fumbles,2016,T.J. Carrie,1,1,0,2016_T.J. Carrie,0
fumbles,2016,Don Carey,1,0,0,2016_Don Carey,0
fumbles,2016,De'Vondre Campbell,1,0,0,2016_De'Vondre Campbell,0
fumbles,2016,Malcolm Butler,1,2,0,2016_Malcolm Butler,1
fumbles,2016,Darius Butler,1,0,0,2016_Darius Butler,0
fumbles,2016,Trey Burton,1,1,0,2016_Trey Burton,0
fumbles,2016,Rex Burkhead,1,0,0,2016_Rex Burkhead,0
fumbles,2016,Vontaze Burfict,1,0,0,2016_Vontaze Burfict,0
fumbles,2016,Armonty Bryant,1,0,0,2016_Armonty Bryant,0
fumbles,2016,Preston Brown,1,2,0,2016_Preston Brown,0
fumbles,2016,Malcom Brown,1,0,0,2016_Malcom Brown,1
fumbles,2016,Anthony Brown,1,0,0,2016_Anthony Brown,0
fumbles,2016,Ahmad Brooks,1,0,0,2016_Ahmad Brooks,0
fumbles,2016,Tramaine Brock,1,0,0,2016_Tramaine Brock,0
fumbles,2016,Alan Branch,1,0,0,2016_Alan Branch,1
fumbles,2016,NaVorro Bowman,1,0,0,2016_NaVorro Bowman,0
fumbles,2016,Joey Bosa,1,0,0,2016_Joey Bosa,0
fumbles,2016,Brandon Bolden,1,0,0,2016_Brandon Bolden,1
fumbles,2016,Will Blackmon,1,0,0,2016_Will Blackmon,0
fumbles,2016,Justin Bethel,1,1,0,2016_Justin Bethel,0
fumbles,2016,Antoine Bethea,1,1,0,2016_Antoine Bethea,0
fumbles,2016,Eric Berry,1,0,0,2016_Eric Berry,0
fumbles,2016,Nat Berhe,1,0,0,2016_Nat Berhe,0
fumbles,2016,Nick Bellore,1,1,0,2016_Nick Bellore,0
fumbles,2016,Josh Bellamy,1,0,0,2016_Josh Bellamy,0
fumbles,2016,Connor Barwin,1,0,0,2016_Connor Barwin,0
fumbles,2016,Shaquil Barrett,1,0,0,2016_Shaquil Barrett,0
fumbles,2016,Anthony Barr,1,1,0,2016_Anthony Barr,0
fumbles,2016,Robert Ayers,1,0,0,2016_Robert Ayers,0
fumbles,2016,Arik Armstead,1,0,0,2016_Arik Armstead,0
fumbles,2016,Eli Apple,1,1,0,2016_Eli Apple,0
fumbles,2016,Zaire Anderson,1,0,0,2016_Zaire Anderson,0
fumbles,2016,Adrian Amos,1,1,0,2016_Adrian Amos,0
fumbles,2016,Tyson Alualu,1,0,0,2016_Tyson Alualu,0
fumbles,2016,Kiko Alonso,1,4,0,2016_Kiko Alonso,0
fumbles,2016,Kwon Alexander,1,1,0,2016_Kwon Alexander,0
fumbles,2016,D.J. Alexander,1,0,0,2016_D.J. Alexander,0
fumbles,2016,Jude Adjei-Barimah,1,0,0,2016_Jude Adjei-Barimah,0
fumbles,2016,Sam Acho,1,0,0,2016_Sam Acho,0
fumbles,2018,J.J. Watt,7,0,0,2018_J.J. Watt,0
fumbles,2018,Dee Ford,7,0,0,2018_Dee Ford,0
fumbles,2018,T.J. Watt,6,0,0,2018_T.J. Watt,0
fumbles,2018,Khalil Mack,6,2,0,2018_Khalil Mack,0
fumbles,2018,Justin Houston,5,3,0,2018_Justin Houston,0
fumbles,2018,Von Miller,4,3,0,2018_Von Miller,0
fumbles,2018,Darius Leonard,4,2,0,2018_Darius Leonard,0
fumbles,2018,Marshon Lattimore,4,3,0,2018_Marshon Lattimore,0
fumbles,2018,Aaron Donald,4,2,0,2018_Aaron Donald,0
fumbles,2018,D.J. Swearinger,3,1,0,2018_D.J. Swearinger,0
fumbles,2018,Josh Norman,3,1,0,2018_Josh Norman,0
fumbles,2018,Fabian Moreau,3,0,0,2018_Fabian Moreau,0
fumbles,2018,Bradley McDougald,3,1,0,2018_Bradley McDougald,0
fumbles,2018,Kyle Love,3,2,0,2018_Kyle Love,0
fumbles,2018,Ryan Kerrigan,3,1,0,2018_Ryan Kerrigan,0
fumbles,2018,Chandler Jones,3,1,0,2018_Chandler Jones,0
fumbles,2018,Malcolm Jenkins,3,1,0,2018_Malcolm Jenkins,0
fumbles,2018,Grady Jarrett,3,0,0,2018_Grady Jarrett,0
fumbles,2018,Jerry Hughes,3,0,0,2018_Jerry Hughes,0
fumbles,2018,Akiem Hicks,3,0,0,2018_Akiem Hicks,0
fumbles,2018,Myles Garrett,3,0,0,2018_Myles Garrett,0
fumbles,2018,Trey Flowers,3,0,0,2018_Trey Flowers,1
fumbles,2018,Tre Flowers,3,1,0,2018_Tre Flowers,0
fumbles,2018,Samson Ebukam,3,2,1,2018_Samson Ebukam,0
fumbles,2018,Frank Clark,3,2,0,2018_Frank Clark,0
fumbles,2018,Alex Anzalone,3,0,0,2018_Alex Anzalone,0
fumbles,2018,Kiko Alonso,3,1,0,2018_Kiko Alonso,0
fumbles,2018,Jamal Adams,3,1,0,2018_Jamal Adams,0
fumbles,2018,Kerry Wynn,2,0,0,2018_Kerry Wynn,0
fumbles,2018,Avery Williamson,2,1,0,2018_Avery Williamson,0
fumbles,2018,P.J. Williams,2,0,0,2018_P.J. Williams,0
fumbles,2018,Bobby Wagner,2,1,0,2018_Bobby Wagner,0
fumbles,2018,Jaylon Smith,2,2,1,2018_Jaylon Smith,0
fumbles,2018,Joe Schobert,2,2,0,2018_Joe Schobert,0
fumbles,2018,Bradley Roby,2,0,0,2018_Bradley Roby,0
fumbles,2018,Robert Quinn,2,0,0,2018_Robert Quinn,0
fumbles,2018,Julius Peppers,2,1,0,2018_Julius Peppers,0
fumbles,2018,Patrick Onwuasor,2,0,0,2018_Patrick Onwuasor,0
fumbles,2018,Bilal Nichols,2,1,0,2018_Bilal Nichols,0
fumbles,2018,Carl Nassib,2,0,0,2018_Carl Nassib,0
fumbles,2018,Trent Murphy,2,1,0,2018_Trent Murphy,0
fumbles,2018,Terrance Mitchell,2,1,0,2018_Terrance Mitchell,0
fumbles,2018,Mike Mitchell,2,0,0,2018_Mike Mitchell,0
fumbles,2018,Barkevious Mingo,2,1,0,2018_Barkevious Mingo,0
fumbles,2018,Whitney Mercilus,2,0,0,2018_Whitney Mercilus,0
fumbles,2018,Raekwon McMillan,2,1,0,2018_Raekwon McMillan,0
fumbles,2018,Jake Martin,2,1,0,2018_Jake Martin,0
fumbles,2018,Chris Long,2,0,0,2018_Chris Long,0
fumbles,2018,Ryan Lewis,2,0,0,2018_Ryan Lewis,0
fumbles,2018,Shaq Lawson,2,0,0,2018_Shaq Lawson,0
fumbles,2018,DeMarcus Lawrence,2,1,0,2018_DeMarcus Lawrence,0
fumbles,2018,Luke Kuechly,2,1,0,2018_Luke Kuechly,0
fumbles,2018,Chris Jones,2,0,0,2018_Chris Jones,0
fumbles,2018,Jordan Jenkins,2,2,0,2018_Jordan Jenkins,0
fumbles,2018,Kareem Jackson,2,1,0,2018_Kareem Jackson,0
fumbles,2018,Eddie Jackson,2,1,1,2018_Eddie Jackson,0
fumbles,2018,Damon Harrison,2,1,0,2018_Damon Harrison,0
fumbles,2018,Da'Shawn Hand,2,1,0,2018_Da'Shawn Hand,0
fumbles,2018,Rodney Gunter,2,0,0,2018_Rodney Gunter,0
fumbles,2018,Randy Gregory,2,1,0,2018_Randy Gregory,0
fumbles,2018,Adam Gotsis,2,1,0,2018_Adam Gotsis,0
fumbles,2018,Stephon Gilmore,2,1,0,2018_Stephon Gilmore,1
fumbles,2018,Dante Fowler Jr.,2,2,0,2018_Dante Fowler Jr.,0
fumbles,2018,Sharif Finch,2,1,0,2018_Sharif Finch,0
fumbles,2018,Tremaine Edmunds,2,0,0,2018_Tremaine Edmunds,0
fumbles,2018,Carlos Dunlap,2,1,0,2018_Carlos Dunlap,0
fumbles,2018,Pierre Desir,2,1,0,2018_Pierre Desir,0
fumbles,2018,Darqueze Dennard,2,1,0,2018_Darqueze Dennard,0
fumbles,2018,Demario Davis,2,1,0,2018_Demario Davis,0
fumbles,2018,Zach Cunningham,2,1,0,2018_Zach Cunningham,0
fumbles,2018,Ha Ha Clinton-Dix,2,1,0,2018_Ha Ha Clinton-Dix,0
fumbles,2018,Bradley Chubb,2,1,0,2018_Bradley Chubb,0
fumbles,2018,Jurrell Casey,2,1,0,2018_Jurrell Casey,0
fumbles,2018,T.J. Carrie,2,1,0,2018_T.J. Carrie,0
fumbles,2018,Zach Brown,2,0,0,2018_Zach Brown,0
fumbles,2018,Tony Brown,2,0,0,2018_Tony Brown,0
fumbles,2018,Jayon Brown,2,1,0,2018_Jayon Brown,0
fumbles,2018,Michael Bennett,2,0,0,2018_Michael Bennett,0
fumbles,2018,Allen Bailey,2,4,1,2018_Allen Bailey,0
fumbles,2018,Denico Autry,2,1,0,2018_Denico Autry,0
fumbles,2018,Prince Amukamara,2,0,0,2018_Prince Amukamara,0
fumbles,2018,Lorenzo Alexander,2,1,0,2018_Lorenzo Alexander,0
fumbles,2018,Kwon Alexander,2,0,0,2018_Kwon Alexander,0
fumbles,2018,Mario Addison,2,0,0,2018_Mario Addison,0
fumbles,2018,Kenny Young,1,0,0,2018_Kenny Young,0
fumbles,2018,Xavier Woods,1,0,0,2018_Xavier Woods,0
fumbles,2018,Anthony Wint,1,0,0,2018_Anthony Wint,0
fumbles,2018,James Winchester,1,1,0,2018_James Winchester,0
fumbles,2018,Ramik Wilson,1,1,0,2018_Ramik Wilson,0
fumbles,2018,Jarrod Wilson,1,0,0,2018_Jarrod Wilson,0
fumbles,2018,Damien Wilson,1,0,0,2018_Damien Wilson,0
fumbles,2018,Xavier Williams,1,0,0,2018_Xavier Williams,0
fumbles,2018,Shawn Williams,1,0,0,2018_Shawn Williams,0
fumbles,2018,Marcus Williams,1,1,0,2018_Marcus Williams,0
fumbles,2018,Kyle Williams,1,1,0,2018_Kyle Williams,0
fumbles,2018,Tahir Whitehead,1,0,0,2018_Tahir Whitehead,0
fumbles,2018,B.W. Webb,1,0,0,2018_B.W. Webb,0
fumbles,2018,Stephen Weatherly,1,0,0,2018_Stephen Weatherly,0
fumbles,2018,Dekoda Watson,1,0,0,2018_Dekoda Watson,0
fumbles,2018,Fred Warner,1,1,0,2018_Fred Warner,0
fumbles,2018,Jimmie Ward,1,0,0,2018_Jimmie Ward,0
fumbles,2018,Denzel Ward,1,2,0,2018_Denzel Ward,0
fumbles,2018,Cameron Wake,1,0,0,2018_Cameron Wake,0
fumbles,2018,Olivier Vernon,1,1,0,2018_Olivier Vernon,0
fumbles,2018,Kyle Van Noy,1,2,1,2018_Kyle Van Noy,1
fumbles,2018,Tanner Vallejo,1,0,0,2018_Tanner Vallejo,0
fumbles,2018,Kemoko Turay,1,0,0,2018_Kemoko Turay,0
fumbles,2018,Danny Trevathan,1,1,0,2018_Danny Trevathan,0
fumbles,2018,Tedric Thompson,1,0,0,2018_Tedric Thompson,0
fumbles,2018,Corey Thompson,1,0,0,2018_Corey Thompson,0
fumbles,2018,Michael Thomas,1,0,0,2018_Michael Thomas,0
fumbles,2018,Logan Thomas,1,0,0,2018_Logan Thomas,0
fumbles,2018,De'Anthony Thomas,1,0,0,2018_De'Anthony Thomas,0
fumbles,2018,Jamar Taylor,1,0,0,2018_Jamar Taylor,0
fumbles,2018,Aqib Talib,1,1,0,2018_Aqib Talib,0
fumbles,2018,Cameron Sutton,1,0,0,2018_Cameron Sutton,0
fumbles,2018,Terrell Suggs,1,1,1,2018_Terrell Suggs,0
fumbles,2018,Greg Stroman,1,0,0,2018_Greg Stroman,0
fumbles,2018,Julian Stanford,1,0,0,2018_Julian Stanford,0
fumbles,2018,Breeland Speaks,1,2,0,2018_Breeland Speaks,0
fumbles,2018,Za'Darius Smith,1,0,0,2018_Za'Darius Smith,0
fumbles,2018,Telvin Smith,1,1,0,2018_Telvin Smith,0
fumbles,2018,Ryan Smith,1,1,0,2018_Ryan Smith,0
fumbles,2018,Harrison Smith,1,2,0,2018_Harrison Smith,0
fumbles,2018,Chris Smith,1,0,0,2018_Chris Smith,0
fumbles,2018,Buster Skrine,1,1,0,2018_Buster Skrine,0
fumbles,2018,Kawann Short,1,0,0,2018_Kawann Short,0
fumbles,2018,DeShawn Shead,1,0,0,2018_DeShawn Shead,0
fumbles,2018,Coty Sensabaugh,1,0,0,2018_Coty Sensabaugh,0
fumbles,2018,Brennan Scarlett,1,1,0,2018_Brennan Scarlett,0
fumbles,2018,Orlando Scandrick,1,0,0,2018_Orlando Scandrick,0
fumbles,2018,Daniel Ross,1,1,0,2018_Daniel Ross,0
fumbles,2018,Dominique Rodgers-Cromartie,1,0,0,2018_Dominique Rodgers-Cromartie,0
fumbles,2018,A'Shawn Robinson,1,1,0,2018_A'Shawn Robinson,0
fumbles,2018,Justin Reid,1,2,0,2018_Justin Reid,0
fumbles,2018,Caraun Reid,1,0,0,2018_Caraun Reid,0
fumbles,2018,D.J. Reed,1,0,0,2018_D.J. Reed,0
fumbles,2018,Brooks Reed,1,0,0,2018_Brooks Reed,0
fumbles,2018,Haason Reddick,1,0,0,2018_Haason Reddick,0
fumbles,2018,Shane Ray,1,0,0,2018_Shane Ray,0
fumbles,2018,Sheldon Rankins,1,0,0,2018_Sheldon Rankins,0
fumbles,2018,Jordan Poyer,1,1,0,2018_Jordan Poyer,0
fumbles,2018,Tyvis Powell,1,0,0,2018_Tyvis Powell,0
fumbles,2018,Jason Pierre-Paul,1,1,0,2018_Jason Pierre-Paul,0
fumbles,2018,Kevin Pierre-Louis,1,0,0,2018_Kevin Pierre-Louis,0
fumbles,2018,Darius Philon,1,0,0,2018_Darius Philon,0
fumbles,2018,Darius Phillips,1,0,0,2018_Darius Phillips,0
fumbles,2018,Adrian Phillips,1,0,0,2018_Adrian Phillips,0
fumbles,2018,Nick Perry,1,0,0,2018_Nick Perry,0
fumbles,2018,Daron Payne,1,1,0,2018_Daron Payne,0
fumbles,2018,Cordarrelle Patterson,1,0,0,2018_Cordarrelle Patterson,1
fumbles,2018,Will Parks,1,0,0,2018_Will Parks,0
fumbles,2018,Brian Orakpo,1,1,0,2018_Brian Orakpo,0
fumbles,2018,David Onyemata,1,0,0,2018_David Onyemata,0
fumbles,2018,James Onwualu,1,0,0,2018_James Onwualu,0
fumbles,2018,Foye Oluokun,1,0,0,2018_Foye Oluokun,0
fumbles,2018,Romeo Okwara,1,0,0,2018_Romeo Okwara,0
fumbles,2018,Larry Ogunjobi,1,0,0,2018_Larry Ogunjobi,0
fumbles,2018,Mark Nzeocha,1,0,0,2018_Mark Nzeocha,0
fumbles,2018,Robert Nkemdiche,1,0,0,2018_Robert Nkemdiche,0
fumbles,2018,Roosevelt Nix,1,0,0,2018_Roosevelt Nix,0
fumbles,2018,Hardy Nickerson,1,0,0,2018_Hardy Nickerson,0
fumbles,2018,Haloti Ngata,1,0,0,2018_Haloti Ngata,0
fumbles,2018,Siran Neal,1,0,0,2018_Siran Neal,0
fumbles,2018,Nicholas Morrow,1,0,0,2018_Nicholas Morrow,0
fumbles,2018,Tarvarius Moore,1,0,0,2018_Tarvarius Moore,0
fumbles,2018,Kenny Moore II,1,0,0,2018_Kenny Moore II,0
fumbles,2018,Brandon Mebane,1,0,0,2018_Brandon Mebane,0
fumbles,2018,Tony McRae,1,0,0,2018_Tony McRae,0
fumbles,2018,Benardrick McKinney,1,0,0,2018_Benardrick McKinney,0
fumbles,2018,Jason McCourty,1,0,0,2018_Jason McCourty,1
fumbles,2018,Devin McCourty,1,2,0,2018_Devin McCourty,1
fumbles,2018,Benson Mayowa,1,1,0,2018_Benson Mayowa,0
fumbles,2018,Marcus Maye,1,0,0,2018_Marcus Maye,0
fumbles,2018,Clay Matthews,1,0,0,2018_Clay Matthews,0
fumbles,2018,Avonte Maddox,1,0,0,2018_Avonte Maddox,0
fumbles,2018,Greg Mabin,1,1,0,2018_Greg Mabin,0
fumbles,2018,Dean Lowry,1,1,0,2018_Dean Lowry,0
fumbles,2018,Elijah Lee,1,0,0,2018_Elijah Lee,0
fumbles,2018,Harold Landry,1,0,0,2018_Harold Landry,0
fumbles,2018,Nick Kwiatkoski,1,0,0,2018_Nick Kwiatkoski,0
fumbles,2018,Desmond King,1,1,0,2018_Desmond King,0
fumbles,2018,Derrick Kindred,1,0,0,2018_Derrick Kindred,0
fumbles,2018,Eric Kendricks,1,1,0,2018_Eric Kendricks,0
fumbles,2018,Damontae Kazee,1,0,0,2018_Damontae Kazee,0
fumbles,2018,Matt Judon,1,0,0,2018_Matt Judon,0
fumbles,2018,Linval Joseph,1,1,1,2018_Linval Joseph,0
fumbles,2018,Dion Jordan,1,0,0,2018_Dion Jordan,0
fumbles,2018,Cameron Jordan,1,1,0,2018_Cameron Jordan,0
fumbles,2018,Jonathan Jones,1,0,0,2018_Jonathan Jones,1
fumbles,2018,Deion Jones,1,0,0,2018_Deion Jones,0
fumbles,2018,Christian Jones,1,0,0,2018_Christian Jones,0
fumbles,2018,Trumaine Johnson,1,1,0,2018_Trumaine Johnson,0
fumbles,2018,Taron Johnson,1,0,0,2018_Taron Johnson,0
fumbles,2018,John Johnson,1,0,0,2018_John Johnson,0
fumbles,2018,Jaleel Johnson,1,0,0,2018_Jaleel Johnson,0
fumbles,2018,Janoris Jenkins,1,0,0,2018_Janoris Jenkins,0
fumbles,2018,Tony Jefferson,1,1,0,2018_Tony Jefferson,0
fumbles,2018,Lamar Jackson,1,0,0,2018_Lamar Jackson,0
fumbles,2018,Donte Jackson,1,0,0,2018_Donte Jackson,0
fumbles,2018,Myles Jack,1,1,0,2018_Myles Jack,0
fumbles,2018,Bruce Irvin,1,0,0,2018_Bruce Irvin,0
fumbles,2018,Matthew Ioannidis,1,1,0,2018_Matthew Ioannidis,0
fumbles,2018,Melvin Ingram,1,1,0,2018_Melvin Ingram,0
fumbles,2018,George Iloka,1,0,0,2018_George Iloka,0
fumbles,2018,Maurice Hurst,1,0,0,2018_Maurice Hurst,0
fumbles,2018,Margus Hunt,1,1,0,2018_Margus Hunt,0
fumbles,2018,Marlon Humphrey,1,0,0,2018_Marlon Humphrey,0
fumbles,2018,Charley Hughlett,1,0,0,2018_Charley Hughlett,0
fumbles,2018,Mike Hughes,1,0,0,2018_Mike Hughes,0
fumbles,2018,Sam Hubbard,1,1,1,2018_Sam Hubbard,0
fumbles,2018,Buddy Howell,1,0,0,2018_Buddy Howell,0
fumbles,2018,Anthony Hitchens,1,0,0,2018_Anthony Hitchens,0
fumbles,2018,Cameron Heyward,1,1,0,2018_Cameron Heyward,0
fumbles,2018,Jeff Heath,1,0,0,2018_Jeff Heath,0
fumbles,2018,Vernon Hargreaves III,1,0,0,2018_Vernon Hargreaves III,0
fumbles,2018,Shaun Dion Hamilton,1,0,0,2018_Shaun Dion Hamilton,0
fumbles,2018,Joe Haden,1,0,0,2018_Joe Haden,0
fumbles,2018,Lawrence Guy,1,0,0,2018_Lawrence Guy,1
fumbles,2018,Kamu Grugier-Hill,1,0,0,2018_Kamu Grugier-Hill,0
fumbles,2018,Brent Grimes,1,0,0,2018_Brent Grimes,0
fumbles,2018,Shaq Thompson,1,0,0,2018_Shaq Thompson,0
fumbles,2018,Raven Greene,1,0,0,2018_Raven Greene,0
fumbles,2018,Brandon Graham,1,1,0,2018_Brandon Graham,0
fumbles,2018,Kenny Golladay,1,1,0,2018_Kenny Golladay,0
fumbles,2018,Adarius Taylor,1,0,0,2018_Adarius Taylor,0
fumbles,2018,Clayton Geathers,1,0,0,2018_Clayton Geathers,0
fumbles,2018,Kendall Fuller,1,0,0,2018_Kendall Fuller,0
fumbles,2018,John Franklin-Myers,1,1,0,2018_John Franklin-Myers,0
fumbles,2018,Clayton Fejedelem,1,1,1,2018_Clayton Fejedelem,0
fumbles,2018,Matthias Farley,1,0,0,2018_Matthias Farley,0
fumbles,2018,Antone Exum,1,0,0,2018_Antone Exum,0
fumbles,2018,Rhett Ellison,1,0,0,2018_Rhett Ellison,0
fumbles,2018,Mario Edwards,1,0,0,2018_Mario Edwards,0
fumbles,2018,Bud Dupree,1,0,0,2018_Bud Dupree,0
fumbles,2018,Brandon Dunn,1,0,0,2018_Brandon Dunn,0
fumbles,2018,Patrick DiMarco,1,0,0,2018_Patrick DiMarco,0
fumbles,2018,James Develin,1,0,0,2018_James Develin,1
fumbles,2018,A.J. Derby,1,0,0,2018_A.J. Derby,0
fumbles,2018,Nick DeLuca,1,0,0,2018_Nick DeLuca,0
fumbles,2018,Tyeler Davison,1,0,0,2018_Tyeler Davison,0
fumbles,2018,Michael Davis,1,0,0,2018_Michael Davis,0
fumbles,2018,Jarrad Davis,1,1,0,2018_Jarrad Davis,0
fumbles,2018,Jalen Davis,1,0,0,2018_Jalen Davis,0
fumbles,2018,Corey Davis,1,0,0,2018_Corey Davis,0
fumbles,2018,Carlton Davis,1,1,0,2018_Carlton Davis,0
fumbles,2018,Lavonte David,1,2,0,2018_Lavonte David,0
fumbles,2018,Marcus Davenport,1,0,0,2018_Marcus Davenport,0
fumbles,2018,Marcell Dareus,1,0,0,2018_Marcell Dareus,0
fumbles,2018,Tyrone Crawford,1,0,0,2018_Tyrone Crawford,0
fumbles,2018,Jack Crawford,1,0,0,2018_Jack Crawford,0
fumbles,2018,Fletcher Cox,1,1,0,2018_Fletcher Cox,0
fumbles,2018,Kamalei Correa,1,0,0,2018_Kamalei Correa,0
fumbles,2018,Marcus Cooper,1,0,0,2018_Marcus Cooper,0
fumbles,2018,Will Compton,1,0,0,2018_Will Compton,0
fumbles,2018,Landon Collins,1,0,0,2018_Landon Collins,0
fumbles,2018,Jamie Collins,1,1,0,2018_Jamie Collins,0
fumbles,2018,Kurt Coleman,1,0,0,2018_Kurt Coleman,0
fumbles,2018,Justin Coleman,1,2,1,2018_Justin Coleman,0
fumbles,2018,Jadeveon Clowney,1,3,1,2018_Jadeveon Clowney,0
fumbles,2018,Adrian Clayborn,1,0,0,2018_Adrian Clayborn,1
fumbles,2018,Kenny Clark,1,2,0,2018_Kenny Clark,0
fumbles,2018,Ibraheim Campbell,1,0,0,2018_Ibraheim Campbell,0
fumbles,2018,Calais Campbell,1,1,0,2018_Calais Campbell,0
fumbles,2018,Malcolm Butler,1,0,0,2018_Malcolm Butler,0
fumbles,2018,Adam Butler,1,0,0,2018_Adam Butler,1
fumbles,2018,Deon Bush,1,0,0,2018_Deon Bush,0
fumbles,2018,Deante Burton,1,0,0,2018_Deante Burton,0
fumbles,2018,Artie Burns,1,0,0,2018_Artie Burns,0
fumbles,2018,Deone Bucannon,1,1,0,2018_Deone Bucannon,0
fumbles,2018,Jatavis Brown,1,0,0,2018_Jatavis Brown,0
fumbles,2018,Anthony Brown,1,0,0,2018_Anthony Brown,0
fumbles,2018,Andre Branch,1,1,0,2018_Andre Branch,0
fumbles,2018,James Bradberry,1,0,0,2018_James Bradberry,0
fumbles,2018,Tre Boston,1,1,0,2018_Tre Boston,0
fumbles,2018,Briean Boddy-Calhoun,1,0,0,2018_Briean Boddy-Calhoun,0
fumbles,2018,Antoine Bethea,1,0,0,2018_Antoine Bethea,0
fumbles,2018,Bene' Benwikere,1,0,0,2018_Bene' Benwikere,0
fumbles,2018,Vonn Bell,1,1,0,2018_Vonn Bell,0
fumbles,2018,Mark Barron,1,0,0,2018_Mark Barron,0
fumbles,2018,Anthony Barr,1,0,0,2018_Anthony Barr,0
fumbles,2018,Budda Baker,1,2,1,2018_Budda Baker,0
fumbles,2018,Chidobe Awuzie,1,0,0,2018_Chidobe Awuzie,0
fumbles,2018,Genard Avery,1,1,0,2018_Genard Avery,0
fumbles,2018,Antony Auclair,1,0,0,2018_Antony Auclair,0
fumbles,2018,Jeremiah Attaochu,1,0,0,2018_Jeremiah Attaochu,0
fumbles,2018,Eli Apple,1,1,0,2018_Eli Apple,0
fumbles,2018,Montravius Adams,1,0,0,2018_Montravius Adams,0
fumbles,2020,Marlon Humphrey,8,0,0,2020_Marlon Humphrey,0
fumbles,2020,Haason Reddick,6,0,0,2020_Haason Reddick,0
fumbles,2020,Yannick Ngakoue,6,0,0,2020_Yannick Ngakoue,0
fumbles,2020,Chase Young,4,2,1,2020_Chase Young,0
fumbles,2020,Za'Darius Smith,4,2,0,2020_Za'Darius Smith,0
fumbles,2020,Jason Pierre-Paul,4,2,0,2020_Jason Pierre-Paul,1
fumbles,2020,Marcus Peters,4,2,0,2020_Marcus Peters,0
fumbles,2020,Foye Oluokun,4,1,0,2020_Foye Oluokun,0
fumbles,2020,Michael Ojemudia,4,0,0,2020_Michael Ojemudia,0
fumbles,2020,DeMarcus Lawrence,4,1,0,2020_DeMarcus Lawrence,0
fumbles,2020,Javelin Guidry,4,0,0,2020_Javelin Guidry,0
fumbles,2020,Myles Garrett,4,2,0,2020_Myles Garrett,0
fumbles,2020,Aaron Donald,4,1,0,2020_Aaron Donald,0
fumbles,2020,Donovan Wilson,3,2,0,2020_Donovan Wilson,0
fumbles,2020,Andrew Van Ginkel,3,1,1,2020_Andrew Van Ginkel,0
fumbles,2020,A.J. Terrell,3,0,0,2020_A.J. Terrell,0
fumbles,2020,Josh Sweat,3,0,0,2020_Josh Sweat,0
fumbles,2020,Cameron Sutton,3,0,0,2020_Cameron Sutton,0
fumbles,2020,Logan Ryan,3,1,0,2020_Logan Ryan,0
fumbles,2020,Robert Quinn,3,1,0,2020_Robert Quinn,0
fumbles,2020,Daron Payne,3,1,0,2020_Daron Payne,0
fumbles,2020,Romeo Okwara,3,1,0,2020_Romeo Okwara,0
fumbles,2020,Emmanuel Ogbah,3,0,0,2020_Emmanuel Ogbah,0
fumbles,2020,Terrance Mitchell,3,0,0,2020_Terrance Mitchell,0
fumbles,2020,Khalil Mack,3,2,0,2020_Khalil Mack,0
fumbles,2020,Darius Leonard,3,2,0,2020_Darius Leonard,0
fumbles,2020,Eddie Jackson,3,1,1,2020_Eddie Jackson,0
fumbles,2020,Randy Gregory,3,0,0,2020_Randy Gregory,0
fumbles,2020,Lavonte David,3,2,0,2020_Lavonte David,1
fumbles,2020,Jamie Collins,3,1,0,2020_Jamie Collins,0
fumbles,2020,Brian Burns,3,0,0,2020_Brian Burns,0
fumbles,2020,Vonn Bell,3,2,0,2020_Vonn Bell,0
fumbles,2020,Tarell Basham,3,0,0,2020_Tarell Basham,0
fumbles,2020,Kwon Alexander,3,1,0,2020_Kwon Alexander,0
fumbles,2020,Antoine Winfield Jr.,2,0,0,2020_Antoine Winfield Jr.,1
fumbles,2020,Quinnen Williams,2,0,0,2020_Quinnen Williams,0
fumbles,2020,T.J. Watt,2,0,0,2020_T.J. Watt,0
fumbles,2020,J.J. Watt,2,1,0,2020_J.J. Watt,0
fumbles,2020,Jimmie Ward,2,0,0,2020_Jimmie Ward,0
fumbles,2020,Kyle Van Noy,2,1,0,2020_Kyle Van Noy,0
fumbles,2020,Stephon Tuitt,2,0,0,2020_Stephon Tuitt,0
fumbles,2020,Jerry Tillery,2,1,0,2020_Jerry Tillery,0
fumbles,2020,Jahlani Tavai,2,1,0,2020_Jahlani Tavai,0
fumbles,2020,Montez Sweat,2,0,0,2020_Montez Sweat,0
fumbles,2020,Daniel Sorensen,2,0,0,2020_Daniel Sorensen,0
fumbles,2020,Dawuane Smoot,2,0,0,2020_Dawuane Smoot,0
fumbles,2020,Joe Schobert,2,0,0,2020_Joe Schobert,0
fumbles,2020,Patrick Queen,2,2,1,2020_Patrick Queen,0
fumbles,2020,Jordan Poyer,2,0,0,2020_Jordan Poyer,0
fumbles,2020,Jordan Phillips,2,1,0,2020_Jordan Phillips,0
fumbles,2020,Darius Phillips,2,0,0,2020_Darius Phillips,0
fumbles,2020,Hardy Nickerson,2,0,0,2020_Hardy Nickerson,0
fumbles,2020,Steven Means,2,0,0,2020_Steven Means,0
fumbles,2020,Benson Mayowa,2,1,0,2020_Benson Mayowa,0
fumbles,2020,Marcus Maye,2,0,0,2020_Marcus Maye,0
fumbles,2020,Blake Martinez,2,1,0,2020_Blake Martinez,0
fumbles,2020,Nevin Lawson,2,1,0,2020_Nevin Lawson,0
fumbles,2020,Carl Lawson,2,0,0,2020_Carl Lawson,0
fumbles,2020,A.J. Klein,2,1,0,2020_A.J. Klein,0
fumbles,2020,Johnathan Joseph,2,0,0,2020_Johnathan Joseph,0
fumbles,2020,Chris Jones,2,0,0,2020_Chris Jones,0
fumbles,2020,A.J. Johnson,2,0,0,2020_A.J. Johnson,0
fumbles,2020,Jerry Hughes,2,1,0,2020_Jerry Hughes,0
fumbles,2020,Marcell Harris,2,0,0,2020_Marcell Harris,0
fumbles,2020,Shaq Thompson,2,1,0,2020_Shaq Thompson,0
fumbles,2020,Carl Granderson,2,0,0,2020_Carl Granderson,0
fumbles,2020,Brandon Graham,2,1,0,2020_Brandon Graham,0
fumbles,2020,Trey Flowers,2,0,0,2020_Trey Flowers,0
fumbles,2020,Clelin Ferrell,2,0,0,2020_Clelin Ferrell,0
fumbles,2020,DeShon Elliott,2,0,0,2020_DeShon Elliott,0
fumbles,2020,T.J. Edwards,2,0,0,2020_T.J. Edwards,0
fumbles,2020,Bud Dupree,2,0,0,2020_Bud Dupree,0
fumbles,2020,Jarrad Davis,2,0,0,2020_Jarrad Davis,0
fumbles,2020,Chuck Clark,2,0,0,2020_Chuck Clark,0
fumbles,2020,Jeremy Chinn,2,2,2,2020_Jeremy Chinn,0
fumbles,2020,Shilique Calhoun,2,0,0,2020_Shilique Calhoun,0
fumbles,2020,Oren Burks,2,0,0,2020_Oren Burks,0
fumbles,2020,DeForest Buckner,2,1,0,2020_DeForest Buckner,0
fumbles,2020,Jayon Brown,2,0,0,2020_Jayon Brown,0
fumbles,2020,James Bradberry,2,1,0,2020_James Bradberry,0
fumbles,2020,Vic Beasley,2,0,0,2020_Vic Beasley,0
fumbles,2020,Cody Barton,2,0,0,2020_Cody Barton,0
fumbles,2020,Shaquil Barrett,2,0,0,2020_Shaquil Barrett,1
fumbles,2020,Jerome Baker,2,0,0,2020_Jerome Baker,0
fumbles,2020,Tyrell Adams,2,0,0,2020_Tyrell Adams,0
fumbles,2020,Justin Zimmer,1,0,0,2020_Justin Zimmer,0
fumbles,2020,Isaac Yiadom,1,0,0,2020_Isaac Yiadom,0
fumbles,2020,Rock Ya-Sin,1,0,0,2020_Rock Ya-Sin,0
fumbles,2020,K.J. Wright,1,0,0,2020_K.J. Wright,0
fumbles,2020,D.J. Wonnum,1,0,0,2020_D.J. Wonnum,0
fumbles,2020,Chase Winovich,1,0,0,2020_Chase Winovich,0
fumbles,2020,Eric Wilson,1,0,0,2020_Eric Wilson,0
fumbles,2020,Damien Wilson,1,0,0,2020_Damien Wilson,0
fumbles,2020,Ced Wilson,1,0,0,2020_Ced Wilson,0
fumbles,2020,Brandon Wilson,1,0,0,2020_Brandon Wilson,0
fumbles,2020,Khari Willis,1,0,0,2020_Khari Willis,0
fumbles,2020,Quincy Williams,1,0,0,2020_Quincy Williams,0
fumbles,2020,K'Waun Williams,1,0,0,2020_K'Waun Williams,0
fumbles,2020,Jordan Whitehead,1,0,0,2020_Jordan Whitehead,1
fumbles,2020,Tre'Davious White,1,2,0,2020_Tre'Davious White,0
fumbles,2020,Devin White,1,1,0,2020_Devin White,1
fumbles,2020,Tershawn Wharton,1,1,0,2020_Tershawn Wharton,0
fumbles,2020,Ken Webster,1,0,0,2020_Ken Webster,0
fumbles,2020,Sammy Watkins,1,0,0,2020_Sammy Watkins,0
fumbles,2020,Charles Washington,1,0,0,2020_Charles Washington,0
fumbles,2020,Fred Warner,1,2,0,2020_Fred Warner,0
fumbles,2020,Denzel Ward,1,0,0,2020_Denzel Ward,0
fumbles,2020,Mykal Walker,1,0,0,2020_Mykal Walker,0
fumbles,2020,DeMarcus Walker,1,0,0,2020_DeMarcus Walker,0
fumbles,2020,Nick Vigil,1,2,0,2020_Nick Vigil,0
fumbles,2020,Olivier Vernon,1,1,0,2020_Olivier Vernon,0
fumbles,2020,Leighton Vander Esch,1,0,0,2020_Leighton Vander Esch,0
fumbles,2020,Jacob Tuioti-Mariner,1,2,0,2020_Jacob Tuioti-Mariner,0
fumbles,2020,Danny Trevathan,1,0,0,2020_Danny Trevathan,0
fumbles,2020,Darian Thompson,1,0,0,2020_Darian Thompson,0
fumbles,2020,Tavierre Thomas,1,0,0,2020_Tavierre Thomas,0
fumbles,2020,Ndamukong Suh,1,0,0,2020_Ndamukong Suh,1
fumbles,2020,Roquan Smith,1,0,0,2020_Roquan Smith,0
fumbles,2020,Malcolm Smith,1,0,0,2020_Malcolm Smith,0
fumbles,2020,Andre Smith,1,0,0,2020_Andre Smith,0
fumbles,2020,Buster Skrine,1,0,0,2020_Buster Skrine,0
fumbles,2020,Jeffery Simmons,1,2,0,2020_Jeffery Simmons,0
fumbles,2020,Isaiah Simmons,1,1,0,2020_Isaiah Simmons,0
fumbles,2020,Laviska Shenault Jr.,1,0,0,2020_Laviska Shenault Jr.,0
fumbles,2020,Kendall Sheffield,1,0,0,2020_Kendall Sheffield,0
fumbles,2020,Jabaal Sheard,1,0,0,2020_Jabaal Sheard,0
fumbles,2020,Andrew Sendejo,1,0,0,2020_Andrew Sendejo,0
fumbles,2020,Reggie Robinson II,1,0,0,2020_Reggie Robinson II,0
fumbles,2020,Alton Robinson,1,0,0,2020_Alton Robinson,0
fumbles,2020,Nickell Robey-Coleman,1,1,0,2020_Nickell Robey-Coleman,0
fumbles,2020,Craig Robertson,1,0,0,2020_Craig Robertson,0
fumbles,2020,Elandon Roberts,1,0,0,2020_Elandon Roberts,0
fumbles,2020,Derick Roberson,1,0,0,2020_Derick Roberson,0
fumbles,2020,Duke Riley,1,0,0,2020_Duke Riley,0
fumbles,2020,Sheldon Richardson,1,0,0,2020_Sheldon Richardson,0
fumbles,2020,LaRoy Reynolds,1,1,0,2020_LaRoy Reynolds,0
fumbles,2020,Malik Reed,1,0,0,2020_Malik Reed,0
fumbles,2020,Jarran Reed,1,0,0,2020_Jarran Reed,0
fumbles,2020,Taylor Rapp,1,0,0,2020_Taylor Rapp,0
fumbles,2020,Reggie Ragland,1,0,0,2020_Reggie Ragland,0
fumbles,2020,Kevin Pierre-Louis,1,0,0,2020_Kevin Pierre-Louis,0
fumbles,2020,Denzel Perryman,1,0,0,2020_Denzel Perryman,0
fumbles,2020,Jabrill Peppers,1,1,0,2020_Jabrill Peppers,0
fumbles,2020,Isaiah Oliver,1,0,0,2020_Isaiah Oliver,0
fumbles,2020,Ed Oliver,1,0,0,2020_Ed Oliver,0
fumbles,2020,Alex Okafor,1,0,0,2020_Alex Okafor,0
fumbles,2020,Larry Ogunjobi,1,0,0,2020_Larry Ogunjobi,0
fumbles,2020,George Odum,1,0,0,2020_George Odum,0
fumbles,2020,Efe Obada,1,2,0,2020_Efe Obada,0
fumbles,2020,Josh Norman,1,1,0,2020_Josh Norman,0
fumbles,2020,Ben Niemann,1,2,0,2020_Ben Niemann,0
fumbles,2020,Eric Murray,1,0,0,2020_Eric Murray,0
fumbles,2020,Al-Quadin Muhammad,1,0,0,2020_Al-Quadin Muhammad,0
fumbles,2020,Morgan Moses,1,0,0,2020_Morgan Moses,0
fumbles,2020,Nicholas Morrow,1,1,0,2020_Nicholas Morrow,0
fumbles,2020,Jimmy Moreland,1,0,0,2020_Jimmy Moreland,0
fumbles,2020,Tarvarius Moore,1,1,0,2020_Tarvarius Moore,0
fumbles,2020,Kenny Moore II,1,0,0,2020_Kenny Moore II,0
fumbles,2020,D.J. Moore,1,0,0,2020_D.J. Moore,0
fumbles,2020,Damontre Moore,1,0,0,2020_Damontre Moore,0
fumbles,2020,A.J. Moore,1,0,0,2020_A.J. Moore,0
fumbles,2020,Jalen Mills,1,0,0,2020_Jalen Mills,0
fumbles,2020,Bruce Miller,1,0,0,2020_Bruce Miller,0
fumbles,2020,Raekwon McMillan,1,0,0,2020_Raekwon McMillan,0
fumbles,2020,Sherrick McManis,1,0,0,2020_Sherrick McManis,0
fumbles,2020,David Mayo,1,0,0,2020_David Mayo,0
fumbles,2020,Jake Martin,1,0,0,2020_Jake Martin,0
fumbles,2020,Cassius Marsh,1,0,0,2020_Cassius Marsh,0
fumbles,2020,Cameron Malveaux,1,0,0,2020_Cameron Malveaux,0
fumbles,2020,Jordan Mailata,1,0,0,2020_Jordan Mailata,0
fumbles,2020,Frankie Luvu,1,0,0,2020_Frankie Luvu,0
fumbles,2020,David Long,1,0,0,2020_David Long,0
fumbles,2020,Cre'von LeBlanc,1,0,0,2020_Cre'von LeBlanc,0
fumbles,2020,Shaq Lawson,1,0,0,2020_Shaq Lawson,0
fumbles,2020,Nick Kwiatkoski,1,0,0,2020_Nick Kwiatkoski,0
fumbles,2020,Micah Kiser,1,0,0,2020_Micah Kiser,0
fumbles,2020,Kevin King,1,1,0,2020_Kevin King,0
fumbles,2020,Zach Kerr,1,0,0,2020_Zach Kerr,0
fumbles,2020,Kingsley Keke,1,0,0,2020_Kingsley Keke,0
fumbles,2020,Jayron Kearse,1,0,0,2020_Jayron Kearse,0
fumbles,2020,Damontae Kazee,1,0,0,2020_Damontae Kazee,0
fumbles,2020,Joshua Kalu,1,0,0,2020_Joshua Kalu,0
fumbles,2020,Sebastian Joseph-Day,1,0,0,2020_Sebastian Joseph-Day,0
fumbles,2020,Dion Jordan,1,1,0,2020_Dion Jordan,0
fumbles,2020,Cameron Jordan,1,0,0,2020_Cameron Jordan,0
fumbles,2020,Sidney Jones,1,0,0,2020_Sidney Jones,0
fumbles,2020,Jonathan Jones,1,0,0,2020_Jonathan Jones,0
fumbles,2020,Deion Jones,1,1,0,2020_Deion Jones,0
fumbles,2020,DaQuan Jones,1,0,0,2020_DaQuan Jones,0
fumbles,2020,Byron Jones,1,0,0,2020_Byron Jones,0
fumbles,2020,Brandon Jones,1,0,0,2020_Brandon Jones,0
fumbles,2020,Taron Johnson,1,0,0,2020_Taron Johnson,0
fumbles,2020,Marcus Johnson,1,0,0,2020_Marcus Johnson,0
fumbles,2020,Austin Johnson,1,0,0,2020_Austin Johnson,0
fumbles,2020,Kevin Johnson,1,0,0,2020_Kevin Johnson,0
fumbles,2020,Malcolm Jenkins,1,1,0,2020_Malcolm Jenkins,0
fumbles,2020,Jordan Jenkins,1,0,0,2020_Jordan Jenkins,0
fumbles,2020,Quinton Jefferson,1,1,0,2020_Quinton Jefferson,0
fumbles,2020,Michael Jacquet,1,0,0,2020_Michael Jacquet,0
fumbles,2020,Myles Jack,1,0,0,2020_Myles Jack,0
fumbles,2020,Sam Hubbard,1,0,0,2020_Sam Hubbard,0
fumbles,2020,Xavien Howard,1,0,0,2020_Xavien Howard,0
fumbles,2020,Justin Houston,1,1,0,2020_Justin Houston,0
fumbles,2020,Justin Hollins,1,0,0,2020_Justin Hollins,0
fumbles,2020,Mike Hilton,1,1,0,2020_Mike Hilton,0
fumbles,2020,Tyreek Hill,1,0,0,2020_Tyreek Hill,0
fumbles,2020,Troy Hill,1,2,1,2020_Troy Hill,0
fumbles,2020,Justice Hill,1,0,0,2020_Justice Hill,0
fumbles,2020,Neville Hewitt,1,1,0,2020_Neville Hewitt,0
fumbles,2020,Trey Hendrickson,1,0,0,2020_Trey Hendrickson,0
fumbles,2020,C.J. Henderson,1,0,0,2020_C.J. Henderson,0
fumbles,2020,Marquis Haynes,1,2,0,2020_Marquis Haynes,0
fumbles,2020,Damon Harrison,1,0,0,2020_Damon Harrison,0
fumbles,2020,Shelby Harris,1,0,0,2020_Shelby Harris,0
fumbles,2020,Erik Harris,1,0,0,2020_Erik Harris,0
fumbles,2020,Demetrius Harris,1,0,0,2020_Demetrius Harris,0
fumbles,2020,Davontae Harris,1,0,0,2020_Davontae Harris,0
fumbles,2020,Da'Shawn Hand,1,0,0,2020_Da'Shawn Hand,0
fumbles,2020,Nate Hall,1,0,0,2020_Nate Hall,0
fumbles,2020,Yetur Gross-Matos,1,0,0,2020_Yetur Gross-Matos,0
fumbles,2020,Raven Greene,1,0,0,2020_Raven Greene,0
fumbles,2020,Adam Gotsis,1,0,0,2020_Adam Gotsis,0
fumbles,2020,Markus Golden,1,1,0,2020_Markus Golden,0
fumbles,2020,Graham Glasgow,1,0,0,2020_Graham Glasgow,0
fumbles,2020,Jeff Gladney,1,0,0,2020_Jeff Gladney,0
fumbles,2020,Stephon Gilmore,1,0,0,2020_Stephon Gilmore,0
fumbles,2020,Reggie Gilliam,1,0,0,2020_Reggie Gilliam,0
fumbles,2020,Willie Gay Jr.,1,0,0,2020_Willie Gay Jr.,0
fumbles,2020,Kyle Fuller,1,0,0,2020_Kyle Fuller,0
fumbles,2020,Morgan Fox,1,0,0,2020_Morgan Fox,0
fumbles,2020,Dante Fowler Jr.,1,0,0,2020_Dante Fowler Jr.,0
fumbles,2020,L.J. Fort,1,1,0,2020_L.J. Fort,0
fumbles,2020,Poona Ford,1,0,0,2020_Poona Ford,0
fumbles,2020,Leonard Floyd,1,2,0,2020_Leonard Floyd,0
fumbles,2020,Tre Flowers,1,0,0,2020_Tre Flowers,0
fumbles,2020,Minkah Fitzpatrick,1,0,0,2020_Minkah Fitzpatrick,0
fumbles,2020,Kylie Fitts,1,0,0,2020_Kylie Fitts,0
fumbles,2020,Clayton Fejedelem,1,1,0,2020_Clayton Fejedelem,0
fumbles,2020,Foley Fatukasi,1,0,0,2020_Foley Fatukasi,0
fumbles,2020,Brandon Facyson,1,0,0,2020_Brandon Facyson,0
fumbles,2020,Kyler Fackrell,1,0,0,2020_Kyler Fackrell,0
fumbles,2020,Deshazor Everett,1,0,0,2020_Deshazor Everett,0
fumbles,2020,Corn Elder,1,0,0,2020_Corn Elder,0
fumbles,2020,Tyler Eifert,1,0,0,2020_Tyler Eifert,0
fumbles,2020,Gus Edwards,1,0,0,2020_Gus Edwards,0
fumbles,2020,Samson Ebukam,1,0,0,2020_Samson Ebukam,0
fumbles,2020,Trevon Diggs,1,0,0,2020_Trevon Diggs,0
fumbles,2020,Pierre Desir,1,0,0,2020_Pierre Desir,0
fumbles,2020,Cameron Dantzler,1,1,0,2020_Cameron Dantzler,0
fumbles,2020,Darrell Daniels,1,0,0,2020_Darrell Daniels,0
fumbles,2020,Johnathan Cyprien,1,0,0,2020_Johnathan Cyprien,0
fumbles,2020,Zach Cunningham,1,0,0,2020_Zach Cunningham,0
fumbles,2020,Jack Crawford,1,0,0,2020_Jack Crawford,0
fumbles,2020,Fletcher Cox,1,0,0,2020_Fletcher Cox,0
fumbles,2020,Landon Collins,1,0,0,2020_Landon Collins,0
fumbles,2020,Jadeveon Clowney,1,0,0,2020_Jadeveon Clowney,0
fumbles,2020,Adrian Clayborn,1,0,0,2020_Adrian Clayborn,0
fumbles,2020,Bradley Chubb,1,0,0,2020_Bradley Chubb,0
fumbles,2020,Taco Charlton,1,0,0,2020_Taco Charlton,0
fumbles,2020,Tevaughn Campbell,1,0,0,2020_Tevaughn Campbell,0
fumbles,2020,De'Vondre Campbell,1,0,0,2020_De'Vondre Campbell,0
fumbles,2020,Kevin Byard,1,0,0,2020_Kevin Byard,0
fumbles,2020,Vernon Butler,1,0,0,2020_Vernon Butler,0
fumbles,2020,Sean Murphy-Bunting,1,1,0,2020_Sean Murphy-Bunting,1
fumbles,2020,Cameron Brown,1,0,0,2020_Cameron Brown,0
fumbles,2020,Bashaud Breeland,1,0,0,2020_Bashaud Breeland,0
fumbles,2020,Jordan Brailford,1,1,0,2020_Jordan Brailford,0
fumbles,2020,Kris Boyd,1,0,0,2020_Kris Boyd,0
fumbles,2020,Tre Boston,1,0,0,2020_Tre Boston,0
fumbles,2020,Nick Bosa,1,0,0,2020_Nick Bosa,0
fumbles,2020,Mike Boone,1,0,0,2020_Mike Boone,0
fumbles,2020,Chris Board,1,0,0,2020_Chris Board,0
fumbles,2020,Marquise Blair,1,0,0,2020_Marquise Blair,0
fumbles,2020,Julian Blackmon,1,0,0,2020_Julian Blackmon,0
fumbles,2020,Henry Black,1,0,0,2020_Henry Black,0
fumbles,2020,Jessie Bates,1,0,0,2020_Jessie Bates,0
fumbles,2020,Krys Barnes,1,0,0,2020_Krys Barnes,0
fumbles,2020,Budda Baker,1,0,0,2020_Budda Baker,0
fumbles,2020,Blessuan Austin,1,0,0,2020_Blessuan Austin,0
fumbles,2020,Jeremiah Attaochu,1,0,0,2020_Jeremiah Attaochu,0
fumbles,2020,Dorance Armstrong,1,2,0,2020_Dorance Armstrong,0
fumbles,2020,Ugo Amadi,1,0,0,2020_Ugo Amadi,0
fumbles,2020,Tyson Alualu,1,0,0,2020_Tyson Alualu,0
fumbles,2020,Azeez Al-Shaair,1,0,0,2020_Azeez Al-Shaair,0
fumbles,2020,Jaire Alexander,1,0,0,2020_Jaire Alexander,0
fumbles,2020,Ola Adeniyi,1,0,0,2020_Ola Adeniyi,0
fumbles,2020,Jamal Adams,1,0,0,2020_Jamal Adams,0
