stats_type,year,Player,Pass Yds,Yds/Att,Att,Cmp,Cmp %,TD,INT,Rate,1st,1st%,20+,40+,Lng,Sck,SckY,year_player,won_super_bowl
passing,2017,Tom Brady,4577,7.9,581,385,0.663,32,8,102.8,230,0.396,62,10,64,35,201,2017_Tom Brady,0
passing,2017,Philip Rivers,4515,7.9,575,360,0.626,28,10,96.0,216,0.376,61,12,75,18,120,2017_Philip Rivers,0
passing,2017,Matthew Stafford,4446,7.9,565,371,0.657,29,10,99.3,209,0.37,61,16,71,47,287,2017_Matthew Stafford,0
passing,2017,Drew Brees,4334,8.1,536,386,0.72,23,8,103.9,201,0.375,72,11,54,20,145,2017_Drew Brees,0
passing,2017,Ben Roethlisberger,4251,7.6,561,360,0.642,28,14,93.4,207,0.369,52,14,97,21,139,2017_Ben Roethlisberger,0
passing,2017,Matt Ryan,4095,7.7,529,342,0.647,20,12,91.4,199,0.376,54,8,88,24,156,2017_Matt Ryan,0
passing,2017,Kirk Cousins,4093,7.6,540,347,0.643,27,13,93.9,191,0.354,59,9,74,41,342,2017_Kirk Cousins,0
passing,2017,Alex Smith,4042,8.0,505,341,0.675,26,5,104.7,184,0.364,52,13,79,35,207,2017_Alex Smith,0
passing,2017,Russell Wilson,3983,7.2,553,339,0.613,34,11,95.4,183,0.331,58,12,74,43,322,2017_Russell Wilson,0
passing,2017,Jared Goff,3804,8.0,477,296,0.621,28,7,100.5,176,0.369,54,12,94,25,172,2017_Jared Goff,0
passing,2017,Blake Bortles,3687,7.0,523,315,0.602,21,13,84.7,192,0.367,41,7,75,24,123,2017_Blake Bortles,0
passing,2017,Case Keenum,3547,7.4,481,325,0.676,22,7,98.3,179,0.372,45,8,65,22,136,2017_Case Keenum,0
passing,2017,Jameis Winston,3504,7.9,442,282,0.638,19,11,92.2,180,0.407,32,5,70,33,207,2017_Jameis Winston,0
passing,2017,Derek Carr,3496,6.8,515,323,0.627,22,13,86.4,165,0.32,43,9,87,20,101,2017_Derek Carr,0
passing,2017,Eli Manning,3468,6.1,571,352,0.616,19,13,80.4,170,0.298,30,5,77,31,189,2017_Eli Manning,0
passing,2017,Dak Prescott,3324,6.8,490,308,0.629,22,13,86.6,162,0.331,34,8,81,32,185,2017_Dak Prescott,0
passing,2017,Andy Dalton,3320,6.7,496,297,0.599,25,12,86.6,162,0.327,33,9,77,39,255,2017_Andy Dalton,0
passing,2017,Cam Newton,3302,6.7,492,291,0.591,22,16,80.7,166,0.337,46,5,64,35,242,2017_Cam Newton,0
passing,2017,Carson Wentz,3296,7.5,440,265,0.602,33,7,101.9,160,0.364,40,9,72,28,162,2017_Carson Wentz,1
passing,2017,Marcus Mariota,3232,7.1,453,281,0.62,13,15,79.3,147,0.325,39,6,75,27,173,2017_Marcus Mariota,0
passing,2017,Joe Flacco,3141,5.7,549,352,0.641,18,13,80.4,161,0.293,28,5,66,27,205,2017_Joe Flacco,0
passing,2017,Jacoby Brissett,3098,6.6,469,276,0.588,13,7,81.7,143,0.305,32,9,80,52,305,2017_Jacoby Brissett,0
passing,2017,Josh McCown,2926,7.4,397,267,0.673,18,9,94.5,133,0.335,40,7,69,39,264,2017_Josh McCown,0
passing,2017,DeShone Kizer,2894,6.1,476,255,0.536,11,22,60.5,130,0.273,43,3,56,38,226,2017_DeShone Kizer,0
passing,2017,Tyrod Taylor,2799,6.7,420,263,0.626,14,4,89.2,134,0.319,36,4,47,46,256,2017_Tyrod Taylor,0
passing,2017,Jay Cutler,2666,6.2,429,266,0.62,19,14,80.8,134,0.312,27,2,65,20,154,2017_Jay Cutler,0
passing,2017,Trevor Siemian,2285,6.5,349,206,0.59,12,14,73.3,112,0.321,37,2,44,33,220,2017_Trevor Siemian,0
passing,2017,Mitchell Trubisky,2193,6.6,330,196,0.594,7,7,77.5,100,0.303,24,4,70,31,196,2017_Mitchell Trubisky,0
passing,2017,Carson Palmer,1978,7.4,267,164,0.614,9,7,84.4,94,0.352,28,2,46,22,150,2017_Carson Palmer,0
passing,2017,Brett Hundley,1836,5.8,316,192,0.608,9,12,70.6,89,0.282,17,4,55,29,197,2017_Brett Hundley,0
passing,2017,Deshaun Watson,1699,8.3,204,126,0.618,19,8,103.0,84,0.412,28,4,72,19,116,2017_Deshaun Watson,0
passing,2017,Aaron Rodgers,1675,7.0,238,154,0.647,16,6,97.2,85,0.357,21,4,72,22,168,2017_Aaron Rodgers,0
passing,2017,Jimmy Garoppolo,1560,8.8,178,120,0.674,7,5,96.2,78,0.438,20,5,61,8,57,2017_Jimmy Garoppolo,0
passing,2017,C.J. Beathard,1430,6.4,224,123,0.549,4,6,69.2,66,0.295,16,6,83,19,141,2017_C.J. Beathard,0
passing,2017,Tom Savage,1412,6.3,223,125,0.561,5,6,71.4,68,0.305,18,1,57,21,159,2017_Tom Savage,0
passing,2017,Brian Hoyer,1287,6.1,211,123,0.583,4,4,74.5,64,0.303,14,3,86,16,112,2017_Brian Hoyer,0
passing,2017,Ryan Fitzpatrick,1103,6.8,163,96,0.589,7,3,86.0,63,0.387,15,1,41,7,34,2017_Ryan Fitzpatrick,0
passing,2017,Brock Osweiler,1088,6.3,172,96,0.558,5,5,72.5,53,0.308,14,1,54,10,64,2017_Brock Osweiler,0
passing,2017,Blaine Gabbert,1086,6.4,171,95,0.556,6,6,71.9,55,0.322,17,2,52,23,149,2017_Blaine Gabbert,0
passing,2017,Drew Stanton,894,5.6,159,79,0.497,6,5,66.4,50,0.314,9,1,52,7,40,2017_Drew Stanton,0
passing,2017,Matt Moore,861,6.8,127,78,0.614,4,5,75.6,38,0.299,11,3,61,12,95,2017_Matt Moore,0
passing,2017,Mike Glennon,833,6.0,140,93,0.664,4,5,76.9,42,0.3,4,0,29,8,78,2017_Mike Glennon,0
passing,2017,Bryce Petty,544,4.9,112,55,0.491,1,3,55.1,23,0.205,5,1,46,8,55,2017_Bryce Petty,0
passing,2017,Nick Foles,537,5.3,101,57,0.564,5,2,79.5,29,0.287,3,0,35,5,44,2017_Nick Foles,1
passing,2017,T.J. Yates,523,5.4,97,47,0.485,4,3,65.8,27,0.278,7,1,40,13,75,2017_T.J. Yates,0
passing,2017,Kevin Hogan,517,6.9,75,46,0.613,4,5,71.9,21,0.28,8,2,49,6,35,2017_Kevin Hogan,0
passing,2017,Sam Bradford,382,8.9,43,32,0.744,3,0,124.4,17,0.395,8,1,44,5,40,2017_Sam Bradford,0
passing,2017,Paxton Lynch,295,6.6,45,30,0.667,2,3,72.0,15,0.333,4,0,30,9,51,2017_Paxton Lynch,0
passing,2017,Patrick Mahomes,284,8.1,35,22,0.629,0,1,76.4,14,0.4,2,1,51,2,15,2017_Patrick Mahomes,0
passing,2017,EJ Manuel,265,6.2,43,24,0.558,1,1,72.3,13,0.302,4,1,41,4,29,2017_EJ Manuel,0
passing,2017,David Fales,265,6.2,43,29,0.674,1,1,82.0,15,0.349,3,0,26,1,8,2017_David Fales,0
passing,2017,Nathan Peterman,252,5.1,49,24,0.49,2,5,38.4,14,0.286,3,0,21,1,5,2017_Nathan Peterman,0
passing,2017,Landry Jones,239,8.5,28,23,0.821,1,1,99.3,9,0.321,3,1,46,3,15,2017_Landry Jones,0
passing,2017,Geno Smith,212,5.9,36,21,0.583,1,0,84.5,8,0.222,3,1,47,3,12,2017_Geno Smith,0
passing,2017,Sean Mannion,185,5.0,37,22,0.595,0,0,72.5,8,0.216,2,1,50,3,20,2017_Sean Mannion,0
passing,2017,Matt Cassel,162,3.9,42,25,0.595,1,2,55.9,10,0.238,0,0,17,8,30,2017_Matt Cassel,0
passing,2017,Nate Sudfeld,134,5.8,23,19,0.826,0,0,90.9,4,0.174,0,0,16,3,24,2017_Nate Sudfeld,1
passing,2017,Cody Kessler,126,5.5,23,11,0.478,0,1,46.6,6,0.261,2,0,31,6,48,2017_Cody Kessler,0
passing,2019,Jameis Winston,5109,8.2,626,380,0.607,33,30,84.3,243,0.388,75,13,71,47,282,2019_Jameis Winston,0
passing,2019,Dak Prescott,4902,8.2,596,388,0.651,30,11,99.7,229,0.384,68,16,62,23,151,2019_Dak Prescott,0
passing,2019,Jared Goff,4638,7.4,626,394,0.629,22,16,86.5,220,0.351,72,6,66,22,170,2019_Jared Goff,0
passing,2019,Philip Rivers,4615,7.8,591,390,0.66,23,20,88.5,217,0.367,57,12,84,34,222,2019_Philip Rivers,0
passing,2019,Matt Ryan,4466,7.3,616,408,0.662,26,14,92.1,228,0.37,47,5,93,48,316,2019_Matt Ryan,0
passing,2019,Russell Wilson,4110,8.0,516,341,0.661,31,5,106.3,190,0.368,55,10,60,48,319,2019_Russell Wilson,0
passing,2019,Tom Brady,4057,6.6,613,373,0.608,24,8,88.0,193,0.315,60,6,59,27,185,2019_Tom Brady,0
passing,2019,Derek Carr,4054,7.9,513,361,0.704,21,8,100.8,191,0.372,54,10,75,29,184,2019_Derek Carr,0
passing,2019,Carson Wentz,4039,6.7,607,388,0.639,27,7,93.1,213,0.351,52,6,53,37,230,2019_Carson Wentz,0
passing,2019,Patrick Mahomes,4031,8.3,484,319,0.659,26,5,105.3,176,0.364,50,15,83,17,127,2019_Patrick Mahomes,1
passing,2019,Aaron Rodgers,4002,7.0,569,353,0.62,26,4,95.4,189,0.332,52,12,74,36,284,2019_Aaron Rodgers,0
passing,2019,Jimmy Garoppolo,3978,8.4,476,329,0.691,27,13,102.0,193,0.405,61,8,75,36,237,2019_Jimmy Garoppolo,0
passing,2019,Deshaun Watson,3852,7.8,495,333,0.673,26,12,98.0,191,0.386,47,10,54,44,257,2019_Deshaun Watson,0
passing,2019,Baker Mayfield,3827,7.2,534,317,0.594,22,21,78.8,179,0.335,57,9,89,40,285,2019_Baker Mayfield,0
passing,2019,Kyler Murray,3722,6.9,542,349,0.644,20,12,87.4,173,0.319,47,10,88,48,309,2019_Kyler Murray,0
passing,2019,Kirk Cousins,3603,8.1,444,307,0.691,26,6,107.4,165,0.372,52,11,66,28,206,2019_Kirk Cousins,0
passing,2019,Ryan Fitzpatrick,3529,7.0,502,311,0.62,20,13,85.5,182,0.363,43,6,51,40,209,2019_Ryan Fitzpatrick,0
passing,2019,Andy Dalton,3494,6.6,528,314,0.595,16,14,78.3,170,0.322,41,6,66,37,249,2019_Andy Dalton,0
passing,2019,Kyle Allen,3322,6.8,489,303,0.62,17,16,80.0,188,0.384,35,5,52,46,397,2019_Kyle Allen,0
passing,2019,Gardner Minshew,3271,7.0,470,285,0.606,21,6,91.2,150,0.319,43,6,70,33,184,2019_Gardner Minshew,0
passing,2019,Mitchell Trubisky,3138,6.1,516,326,0.632,17,10,83.0,156,0.302,35,2,53,38,234,2019_Mitchell Trubisky,0
passing,2019,Lamar Jackson,3127,7.8,401,265,0.661,36,6,113.3,161,0.401,42,8,83,23,106,2019_Lamar Jackson,0
passing,2019,Josh Allen,3089,6.7,461,271,0.588,20,9,85.3,146,0.317,47,7,53,38,237,2019_Josh Allen,0
passing,2019,Daniel Jones,3027,6.6,459,284,0.619,24,12,87.7,140,0.305,39,7,75,38,295,2019_Daniel Jones,0
passing,2019,Sam Darnold,3024,6.9,441,273,0.619,19,13,84.3,147,0.333,40,6,92,33,212,2019_Sam Darnold,0
passing,2019,Drew Brees,2979,7.9,378,281,0.743,27,4,116.3,159,0.421,37,7,61,12,89,2019_Drew Brees,0
passing,2019,Jacoby Brissett,2942,6.6,447,272,0.609,18,6,88.0,143,0.32,32,3,50,27,159,2019_Jacoby Brissett,0
passing,2019,Ryan Tannehill,2742,9.6,286,201,0.703,22,6,117.5,126,0.441,41,9,91,31,212,2019_Ryan Tannehill,0
passing,2019,Matthew Stafford,2499,8.6,291,187,0.643,19,5,106.0,117,0.402,41,8,66,18,137,2019_Matthew Stafford,0
passing,2019,Joe Flacco,1822,7.0,262,171,0.653,6,5,85.1,86,0.328,24,5,70,26,194,2019_Joe Flacco,0
passing,2019,Mason Rudolph,1765,6.2,283,176,0.622,13,9,82.0,80,0.283,21,5,76,15,124,2019_Mason Rudolph,0
passing,2019,Case Keenum,1707,6.9,247,160,0.648,11,5,91.3,83,0.336,18,3,69,15,145,2019_Case Keenum,0
passing,2019,Teddy Bridgewater,1384,7.1,196,133,0.679,9,2,99.1,67,0.342,16,2,45,12,89,2019_Teddy Bridgewater,0
passing,2019,Dwayne Haskins,1365,6.7,203,119,0.586,7,7,76.1,65,0.32,19,3,75,29,204,2019_Dwayne Haskins,0
passing,2019,Marcus Mariota,1203,7.5,160,95,0.594,7,2,92.3,50,0.313,17,6,75,25,162,2019_Marcus Mariota,0
passing,2019,Devlin Hodges,1063,6.6,160,100,0.625,5,8,71.4,51,0.319,11,2,79,15,102,2019_Devlin Hodges,0
passing,2019,Eli Manning,1042,7.1,147,91,0.619,6,5,82.6,47,0.32,15,4,55,5,44,2019_Eli Manning,0
passing,2019,Drew Lock,1020,6.5,156,100,0.641,7,3,89.7,54,0.346,13,2,48,5,26,2019_Drew Lock,0
passing,2019,David Blough,984,5.7,174,94,0.54,4,6,64.0,47,0.27,10,4,75,14,104,2019_David Blough,0
passing,2019,Nick Foles,736,6.3,117,77,0.658,3,2,84.6,31,0.265,10,0,39,8,60,2019_Nick Foles,0
passing,2019,Jeff Driskel,685,6.5,105,62,0.59,4,4,75.3,31,0.295,9,1,47,11,46,2019_Jeff Driskel,0
passing,2019,Matt Moore,659,7.2,91,59,0.648,4,0,100.9,35,0.385,9,3,57,8,65,2019_Matt Moore,1
passing,2019,Matt Schaub,580,8.7,67,50,0.746,3,1,109.0,30,0.448,5,0,35,2,19,2019_Matt Schaub,0
passing,2019,Cam Newton,572,6.4,89,50,0.562,0,1,71.0,29,0.326,4,2,44,6,43,2019_Cam Newton,0
passing,2019,Josh Rosen,567,5.2,109,58,0.532,1,5,52.0,26,0.239,5,1,40,16,93,2019_Josh Rosen,0
passing,2019,Brandon Allen,515,6.1,84,39,0.464,3,2,68.3,20,0.238,8,3,75,9,59,2019_Brandon Allen,0
passing,2019,Ryan Finley,474,5.4,87,41,0.471,2,2,62.1,20,0.23,6,1,47,11,93,2019_Ryan Finley,0
passing,2019,Chase Daniel,435,6.8,64,45,0.703,3,2,91.6,22,0.344,4,0,37,7,48,2019_Chase Daniel,0
passing,2019,Luke Falk,416,5.7,73,47,0.644,0,3,62.4,15,0.205,4,0,36,16,96,2019_Luke Falk,0
passing,2019,Brian Hoyer,372,5.7,65,35,0.538,4,4,65.7,22,0.338,6,0,23,5,47,2019_Brian Hoyer,0
passing,2019,Matt Barkley,359,7.0,51,27,0.529,0,3,51.0,15,0.294,6,1,41,2,10,2019_Matt Barkley,0
passing,2019,Ben Roethlisberger,351,5.7,62,35,0.565,0,1,66.0,14,0.226,4,1,45,2,7,2019_Ben Roethlisberger,0
passing,2019,Will Grier,228,4.4,52,28,0.538,0,4,33.2,12,0.231,1,0,28,6,44,2019_Will Grier,0
passing,2019,AJ McCarron,225,6.1,37,21,0.568,0,1,63.5,11,0.297,4,0,21,5,43,2019_AJ McCarron,0
passing,2019,Robert Griffin III,225,5.9,38,23,0.605,1,2,64.0,10,0.263,2,0,39,5,19,2019_Robert Griffin III,0
passing,2019,Sean Mannion,126,6.0,21,12,0.571,0,2,35.1,6,0.286,1,0,35,0,0,2019_Sean Mannion,0
passing,2019,Colt McCoy,122,4.5,27,18,0.667,0,1,61.0,5,0.185,1,0,22,6,44,2019_Colt McCoy,0
passing,2021,Tom Brady,5316,7.4,719,485,0.675,43,12,102.1,269,0.374,75,10,62,22,144,2021_Tom Brady,0
passing,2021,Justin Herbert,5014,7.5,672,443,0.659,38,15,97.7,256,0.381,53,15,72,31,214,2021_Justin Herbert,0
passing,2021,Matthew Stafford,4886,8.1,601,404,0.672,41,17,102.9,233,0.388,65,18,79,30,243,2021_Matthew Stafford,1
passing,2021,Patrick Mahomes,4839,7.4,658,436,0.663,37,13,98.5,260,0.395,58,11,75,28,146,2021_Patrick Mahomes,0
passing,2021,Derek Carr,4804,7.7,626,428,0.684,23,14,94.0,217,0.347,67,10,61,40,241,2021_Derek Carr,0
passing,2021,Joe Burrow,4611,8.9,520,366,0.704,34,14,108.3,202,0.388,60,15,82,51,370,2021_Joe Burrow,0
passing,2021,Dak Prescott,4449,7.5,596,410,0.688,37,10,104.2,227,0.381,55,7,51,30,144,2021_Dak Prescott,0
passing,2021,Josh Allen,4407,6.8,646,409,0.633,36,15,92.2,234,0.362,51,8,61,26,164,2021_Josh Allen,0
passing,2021,Kirk Cousins,4221,7.5,561,372,0.663,33,7,103.1,192,0.342,60,10,64,28,197,2021_Kirk Cousins,0
passing,2021,Aaron Rodgers,4115,7.7,531,366,0.689,37,4,111.9,213,0.401,55,10,75,30,188,2021_Aaron Rodgers,0
passing,2021,Matt Ryan,3968,7.1,560,375,0.67,20,12,90.4,195,0.348,44,7,64,40,274,2021_Matt Ryan,0
passing,2021,Jimmy Garoppolo,3810,8.6,441,301,0.683,20,12,98.7,172,0.39,54,8,83,29,201,2021_Jimmy Garoppolo,0
passing,2021,Mac Jones,3801,7.3,521,352,0.676,22,13,92.5,177,0.34,52,6,75,28,241,2021_Mac Jones,0
passing,2021,Kyler Murray,3787,7.9,481,333,0.692,24,10,100.6,172,0.358,49,9,77,31,286,2021_Kyler Murray,0
passing,2021,Ben Roethlisberger,3740,6.2,605,390,0.645,22,10,86.8,188,0.311,39,9,59,38,239,2021_Ben Roethlisberger,0
passing,2021,Ryan Tannehill,3734,7.0,531,357,0.672,21,14,89.6,192,0.362,35,7,57,47,327,2021_Ryan Tannehill,0
passing,2021,Trevor Lawrence,3641,6.0,602,359,0.596,12,17,71.9,177,0.294,43,5,58,32,238,2021_Trevor Lawrence,0
passing,2021,Carson Wentz,3563,6.9,516,322,0.624,27,7,94.6,165,0.32,42,9,76,32,227,2021_Carson Wentz,0
passing,2021,Taylor Heinicke,3419,6.9,494,321,0.65,20,15,85.9,167,0.338,40,6,73,38,278,2021_Taylor Heinicke,0
passing,2021,Jared Goff,3245,6.6,494,332,0.672,19,8,91.5,162,0.328,39,3,63,35,280,2021_Jared Goff,0
passing,2021,Jalen Hurts,3144,7.3,432,265,0.613,16,9,87.2,143,0.331,44,5,91,26,150,2021_Jalen Hurts,0
passing,2021,Russell Wilson,3113,7.8,400,259,0.648,25,6,103.1,135,0.338,45,10,69,33,266,2021_Russell Wilson,0
passing,2021,Teddy Bridgewater,3052,7.2,426,285,0.669,18,7,94.9,146,0.343,33,5,64,31,211,2021_Teddy Bridgewater,0
passing,2021,Baker Mayfield,3010,7.2,418,253,0.605,17,13,83.1,143,0.342,42,9,71,43,269,2021_Baker Mayfield,0
passing,2021,Lamar Jackson,2882,7.5,382,246,0.644,16,13,87.0,135,0.353,41,5,49,38,190,2021_Lamar Jackson,0
passing,2021,Davis Mills,2664,6.8,394,263,0.668,16,10,88.8,118,0.299,31,5,67,31,206,2021_Davis Mills,0
passing,2021,Tua Tagovailoa,2653,6.8,388,263,0.678,16,10,90.1,137,0.353,30,6,65,20,152,2021_Tua Tagovailoa,0
passing,2021,Sam Darnold,2527,6.2,406,243,0.599,9,13,71.9,123,0.303,30,4,63,35,204,2021_Sam Darnold,0
passing,2021,Daniel Jones,2428,6.7,361,232,0.643,10,7,84.8,116,0.321,24,5,54,22,160,2021_Daniel Jones,0
passing,2021,Zach Wilson,2334,6.1,383,213,0.556,9,11,69.7,112,0.292,32,5,54,44,370,2021_Zach Wilson,0
passing,2021,Justin Fields,1870,6.9,270,159,0.589,7,10,73.2,83,0.307,28,4,64,36,264,2021_Justin Fields,0
passing,2021,Andy Dalton,1515,6.4,236,149,0.631,8,9,76.9,83,0.352,11,3,60,18,143,2021_Andy Dalton,0
passing,2021,Jacoby Brissett,1283,5.7,225,141,0.627,5,4,78.1,69,0.307,15,2,52,18,132,2021_Jacoby Brissett,0
passing,2021,Jameis Winston,1170,7.3,161,95,0.59,14,3,102.8,56,0.348,11,4,72,11,69,2021_Jameis Winston,0
passing,2021,Trevor Siemian,1154,6.1,188,108,0.574,11,3,88.4,61,0.324,15,1,46,9,64,2021_Trevor Siemian,0
passing,2021,Tyler Huntley,1081,5.8,188,122,0.649,3,4,76.6,55,0.293,11,1,43,18,107,2021_Tyler Huntley,0
passing,2021,Taysom Hill,978,7.3,134,78,0.582,4,5,75.4,43,0.321,14,2,70,9,64,2021_Taysom Hill,0
passing,2021,Tyrod Taylor,966,6.4,150,91,0.607,5,5,76.7,44,0.293,13,3,52,13,119,2021_Tyrod Taylor,0
passing,2021,Mike White,953,7.2,132,88,0.667,5,8,75.1,49,0.371,11,0,28,4,18,2021_Mike White,0
passing,2021,Mike Glennon,790,4.7,167,90,0.539,4,10,49.7,43,0.257,5,1,60,9,72,2021_Mike Glennon,0
passing,2021,Drew Lock,787,7.1,111,67,0.604,2,2,80.4,32,0.288,13,2,44,9,52,2021_Drew Lock,0
passing,2021,Colt McCoy,740,7.5,99,74,0.747,3,1,101.4,39,0.394,11,2,50,6,40,2021_Colt McCoy,0
passing,2021,Geno Smith,702,7.4,95,65,0.684,5,1,103.0,31,0.326,11,2,84,13,117,2021_Geno Smith,0
passing,2021,Cam Newton,684,5.4,126,69,0.548,4,5,64.4,32,0.254,5,1,64,10,83,2021_Cam Newton,0
passing,2021,Josh Johnson,638,7.5,85,57,0.671,5,2,99.0,39,0.459,5,0,54,3,23,2021_Josh Johnson,0
passing,2021,Trey Lance,603,8.5,71,41,0.577,5,2,97.3,27,0.38,8,3,76,4,15,2021_Trey Lance,0
passing,2021,Tim Boyle,526,5.6,94,61,0.649,3,6,63.5,28,0.298,8,1,42,0,0,2021_Tim Boyle,0
passing,2021,Case Keenum,462,6.4,72,47,0.653,3,1,91.3,25,0.347,4,0,34,5,29,2021_Case Keenum,0
passing,2021,Gardner Minshew,439,7.3,60,41,0.683,4,1,104.8,24,0.4,7,0,36,5,31,2021_Gardner Minshew,0
passing,2021,Cooper Rush,422,9.0,47,30,0.638,3,1,105.1,18,0.383,5,2,73,3,19,2021_Cooper Rush,0
passing,2021,Jordan Love,411,6.6,62,36,0.581,2,3,68.7,22,0.355,6,1,62,3,23,2021_Jordan Love,0
passing,2021,P.J. Walker,362,5.5,66,36,0.545,1,3,56.5,19,0.288,1,0,24,7,47,2021_P.J. Walker,0
passing,2021,Joe Flacco,338,8.0,42,27,0.643,3,0,113.0,14,0.333,6,1,62,2,13,2021_Joe Flacco,0
passing,2021,Mason Rudolph,277,4.8,58,35,0.603,1,1,70.8,16,0.276,2,0,36,0,0,2021_Mason Rudolph,0
passing,2021,Nick Foles,250,7.1,35,24,0.686,1,0,98.5,14,0.4,1,0,30,4,21,2021_Nick Foles,0
passing,2021,Jake Fromm,210,3.5,60,27,0.45,1,3,38.9,10,0.167,2,0,36,6,33,2021_Jake Fromm,0
passing,2021,Garrett Gilbert,194,6.3,31,20,0.645,0,0,81.9,8,0.258,2,1,46,2,20,2021_Garrett Gilbert,0
passing,2021,Sean Mannion,189,5.3,36,22,0.611,1,0,84.1,8,0.222,2,0,30,2,15,2021_Sean Mannion,0
passing,2021,Brandon Allen,149,4.4,34,17,0.5,2,0,81.6,5,0.147,2,0,26,4,33,2021_Brandon Allen,0
passing,2021,Nick Mullens,147,4.9,30,20,0.667,1,0,89.2,9,0.3,1,0,25,0,0,2021_Nick Mullens,0
passing,2020,Deshaun Watson,4823,8.9,544,382,0.702,33,7,112.4,221,0.406,69,11,77,49,293,2020_Deshaun Watson,0
passing,2020,Patrick Mahomes,4740,8.1,588,390,0.663,38,6,108.2,238,0.405,67,8,75,22,147,2020_Patrick Mahomes,0
passing,2020,Tom Brady,4633,7.6,610,401,0.657,40,12,102.2,233,0.382,63,12,50,21,143,2020_Tom Brady,1
passing,2020,Matt Ryan,4581,7.3,626,407,0.65,26,11,93.3,242,0.387,58,8,63,41,257,2020_Matt Ryan,0
passing,2020,Josh Allen,4544,7.9,572,396,0.692,37,10,107.2,228,0.399,62,8,55,26,159,2020_Josh Allen,0
passing,2020,Justin Herbert,4336,7.3,595,396,0.666,31,10,98.3,216,0.363,51,10,72,32,218,2020_Justin Herbert,0
passing,2020,Aaron Rodgers,4299,8.2,526,372,0.707,48,5,121.5,216,0.411,57,14,78,20,182,2020_Aaron Rodgers,0
passing,2020,Kirk Cousins,4265,8.3,516,349,0.676,35,13,105.0,212,0.411,58,7,71,39,256,2020_Kirk Cousins,0
passing,2020,Russell Wilson,4212,7.5,558,384,0.688,40,13,105.1,213,0.382,45,11,62,47,301,2020_Russell Wilson,0
passing,2020,Philip Rivers,4169,7.7,543,369,0.68,24,11,97.0,200,0.368,56,8,55,19,118,2020_Philip Rivers,0
passing,2020,Derek Carr,4103,7.9,517,348,0.673,27,9,101.4,193,0.373,54,12,85,26,150,2020_Derek Carr,0
passing,2020,Matthew Stafford,4084,7.7,528,339,0.642,26,10,96.3,205,0.388,54,8,73,38,254,2020_Matthew Stafford,0
passing,2020,Kyler Murray,3971,7.1,558,375,0.672,26,12,94.3,205,0.367,44,14,80,27,176,2020_Kyler Murray,0
passing,2020,Jared Goff,3952,7.2,552,370,0.67,20,13,90.0,194,0.351,47,6,56,23,161,2020_Jared Goff,0
passing,2020,Ryan Tannehill,3819,7.9,481,315,0.655,33,7,106.5,202,0.42,44,13,75,24,173,2020_Ryan Tannehill,0
passing,2020,Ben Roethlisberger,3803,6.3,608,399,0.656,33,10,94.1,193,0.317,43,4,84,13,118,2020_Ben Roethlisberger,0
passing,2020,Teddy Bridgewater,3733,7.6,492,340,0.691,15,11,92.1,174,0.354,49,8,75,31,205,2020_Teddy Bridgewater,0
passing,2020,Baker Mayfield,3563,7.3,486,305,0.628,26,8,95.9,188,0.387,43,5,75,26,162,2020_Baker Mayfield,0
passing,2020,Daniel Jones,2943,6.6,448,280,0.625,11,10,80.4,158,0.353,31,5,53,45,286,2020_Daniel Jones,0
passing,2020,Drew Brees,2942,7.5,390,275,0.705,24,6,106.4,149,0.382,31,8,52,13,89,2020_Drew Brees,0
passing,2020,Drew Lock,2933,6.6,443,254,0.573,16,15,75.4,145,0.327,38,8,92,19,123,2020_Drew Lock,0
passing,2020,Lamar Jackson,2757,7.3,376,242,0.644,26,9,99.3,138,0.367,37,4,47,29,160,2020_Lamar Jackson,0
passing,2020,Joe Burrow,2688,6.7,404,264,0.653,13,5,89.8,150,0.371,23,3,67,32,231,2020_Joe Burrow,0
passing,2020,Cam Newton,2657,7.2,368,242,0.658,8,10,82.9,133,0.361,31,3,50,31,195,2020_Cam Newton,0
passing,2020,Carson Wentz,2620,6.0,437,251,0.574,16,15,72.8,130,0.297,27,6,59,50,326,2020_Carson Wentz,0
passing,2020,Nick Mullens,2437,7.5,326,211,0.647,12,12,84.1,120,0.368,33,4,49,19,139,2020_Nick Mullens,0
passing,2020,Gardner Minshew,2259,6.9,327,216,0.661,16,5,95.9,117,0.358,27,3,51,27,147,2020_Gardner Minshew,0
passing,2020,Sam Darnold,2208,6.1,364,217,0.596,9,11,72.7,109,0.299,27,2,69,35,234,2020_Sam Darnold,0
passing,2020,Andy Dalton,2170,6.5,333,216,0.649,14,8,87.3,116,0.348,20,5,69,24,184,2020_Andy Dalton,0
passing,2020,Ryan Fitzpatrick,2091,7.8,267,183,0.685,13,8,95.6,106,0.397,24,4,70,14,65,2020_Ryan Fitzpatrick,0
passing,2020,Mitchell Trubisky,2055,6.9,297,199,0.67,16,8,93.5,124,0.418,18,1,53,18,125,2020_Mitchell Trubisky,0
passing,2020,Dak Prescott,1856,8.4,222,151,0.68,9,4,99.6,93,0.419,25,6,58,10,66,2020_Dak Prescott,0
passing,2020,Nick Foles,1852,6.0,311,202,0.65,10,8,81.0,93,0.299,24,2,50,18,145,2020_Nick Foles,0
passing,2020,Tua Tagovailoa,1814,6.3,290,186,0.641,11,5,87.1,100,0.345,15,0,35,20,136,2020_Tua Tagovailoa,0
passing,2020,Alex Smith,1582,6.3,252,168,0.667,6,8,78.5,74,0.294,16,3,68,22,139,2020_Alex Smith,0
passing,2020,Dwayne Haskins,1439,6.0,241,148,0.614,5,7,73.0,73,0.303,14,2,50,20,141,2020_Dwayne Haskins,0
passing,2020,Jimmy Garoppolo,1096,7.8,140,94,0.671,7,5,92.4,55,0.393,10,3,76,11,77,2020_Jimmy Garoppolo,0
passing,2020,Mike Glennon,1072,6.0,179,111,0.62,7,5,80.1,57,0.318,13,1,46,9,53,2020_Mike Glennon,0
passing,2020,Jalen Hurts,1061,7.2,148,77,0.52,6,4,77.6,45,0.304,16,3,81,13,59,2020_Jalen Hurts,0
passing,2020,Taysom Hill,928,7.7,121,88,0.727,4,2,98.8,45,0.372,13,1,44,14,87,2020_Taysom Hill,0
passing,2020,Brandon Allen,925,6.5,142,90,0.634,5,4,82.0,42,0.296,10,2,72,7,51,2020_Brandon Allen,0
passing,2020,Joe Flacco,864,6.4,134,74,0.552,6,3,80.6,36,0.269,11,3,52,7,69,2020_Joe Flacco,0
passing,2020,C.J. Beathard,787,7.6,104,66,0.635,6,0,105.7,42,0.404,12,3,49,9,71,2020_C.J. Beathard,0
passing,2020,Jake Luton,624,5.7,110,60,0.545,2,6,54.5,31,0.282,5,1,73,7,52,2020_Jake Luton,0
passing,2020,Kyle Allen,610,7.0,87,60,0.69,4,1,99.3,30,0.345,7,1,52,7,44,2020_Kyle Allen,0
passing,2020,Jeff Driskel,432,6.8,64,35,0.547,3,2,78.4,18,0.281,6,1,45,11,98,2020_Jeff Driskel,0
passing,2020,Colt McCoy,375,5.7,66,40,0.606,1,1,75.0,19,0.288,5,0,35,5,24,2020_Colt McCoy,0
passing,2020,P.J. Walker,368,6.6,56,32,0.571,1,5,45.8,17,0.304,5,1,52,4,31,2020_P.J. Walker,0
passing,2020,Mason Rudolph,324,7.5,43,25,0.581,2,1,87.7,13,0.302,5,3,47,1,8,2020_Mason Rudolph,0
passing,2020,Brett Rypien,295,7.4,40,27,0.675,2,4,66.1,12,0.3,5,2,48,1,0,2020_Brett Rypien,0
passing,2020,Chase Daniel,264,6.1,43,29,0.674,1,2,72.2,14,0.326,3,0,28,3,29,2020_Chase Daniel,0
passing,2020,Jarrett Stidham,256,5.8,44,22,0.5,2,3,54.7,12,0.273,4,0,38,4,21,2020_Jarrett Stidham,0
passing,2020,Chad Henne,248,6.5,38,28,0.737,2,0,108.2,15,0.395,2,0,37,2,4,2020_Chad Henne,0
passing,2020,Garrett Gilbert,243,6.4,38,21,0.553,1,1,72.6,10,0.263,4,0,32,2,23,2020_Garrett Gilbert,0
passing,2020,John Wolford,231,6.1,38,22,0.579,0,1,64.7,12,0.316,3,0,38,2,8,2020_John Wolford,0
passing,2020,Marcus Mariota,226,8.1,28,17,0.607,1,1,83.3,11,0.393,4,0,35,0,0,2020_Marcus Mariota,0
passing,2020,Ben DiNucci,219,5.1,43,23,0.535,0,0,67.9,11,0.256,1,0,32,7,73,2020_Ben DiNucci,0
passing,2020,Tyrod Taylor,208,6.9,30,16,0.533,0,0,75.4,10,0.333,3,0,37,2,1,2020_Tyrod Taylor,0
passing,2020,Matt Barkley,197,9.4,21,11,0.524,1,1,80.9,9,0.429,3,2,56,1,7,2020_Matt Barkley,0
passing,2020,Ryan Finley,164,5.1,32,17,0.531,1,2,52.1,8,0.25,2,0,30,9,63,2020_Ryan Finley,0
passing,2020,Brian Hoyer,130,5.4,24,15,0.625,0,1,59.4,8,0.333,1,0,25,2,18,2020_Brian Hoyer,0
passing,2018,Ben Roethlisberger,5129,7.6,675,452,0.67,34,16,96.5,248,0.367,61,16,97,24,166,2018_Ben Roethlisberger,0
passing,2018,Patrick Mahomes,5097,8.8,580,383,0.66,50,12,113.8,237,0.409,75,15,89,26,171,2018_Patrick Mahomes,0
passing,2018,Matt Ryan,4924,8.1,608,422,0.694,35,7,108.1,236,0.388,56,9,75,42,296,2018_Matt Ryan,0
passing,2018,Jared Goff,4688,8.4,561,364,0.649,32,12,101.1,233,0.415,69,9,70,33,223,2018_Jared Goff,0
passing,2018,Andrew Luck,4593,7.2,639,430,0.673,39,15,98.7,236,0.369,53,7,68,18,134,2018_Andrew Luck,0
passing,2018,Aaron Rodgers,4442,7.4,597,372,0.623,25,2,97.6,200,0.335,55,16,75,49,353,2018_Aaron Rodgers,0
passing,2018,Tom Brady,4355,7.6,570,375,0.658,29,11,97.7,205,0.36,53,8,63,21,147,2018_Tom Brady,1
passing,2018,Philip Rivers,4308,8.5,508,347,0.683,32,12,105.5,213,0.419,60,10,75,32,204,2018_Philip Rivers,0
passing,2018,Eli Manning,4299,7.5,576,380,0.66,21,11,92.4,206,0.358,57,10,58,47,358,2018_Eli Manning,0
passing,2018,Kirk Cousins,4298,7.1,606,425,0.701,30,10,99.7,218,0.36,47,7,75,40,262,2018_Kirk Cousins,0
passing,2018,Deshaun Watson,4165,8.2,505,345,0.683,26,9,103.1,202,0.4,51,8,73,62,384,2018_Deshaun Watson,0
passing,2018,Derek Carr,4049,7.3,553,381,0.689,19,10,93.9,197,0.356,52,7,66,51,299,2018_Derek Carr,0
passing,2018,Drew Brees,3992,8.2,489,364,0.744,32,5,115.7,199,0.407,58,6,72,17,121,2018_Drew Brees,0
passing,2018,Case Keenum,3890,6.6,586,365,0.623,18,15,81.2,179,0.305,52,11,64,34,235,2018_Case Keenum,0
passing,2018,Dak Prescott,3885,7.4,526,356,0.677,22,8,96.9,184,0.35,39,9,90,56,347,2018_Dak Prescott,0
passing,2018,Matthew Stafford,3777,6.8,555,367,0.661,21,11,89.9,198,0.357,44,6,67,40,255,2018_Matthew Stafford,0
passing,2018,Baker Mayfield,3725,7.7,486,310,0.638,27,14,93.7,171,0.352,52,9,71,25,173,2018_Baker Mayfield,0
passing,2018,Russell Wilson,3448,8.1,427,280,0.656,35,7,110.9,156,0.365,47,13,66,51,355,2018_Russell Wilson,0
passing,2018,Cam Newton,3395,7.2,471,320,0.679,24,13,94.2,180,0.382,44,3,82,29,213,2018_Cam Newton,0
passing,2018,Mitchell Trubisky,3223,7.4,434,289,0.666,24,12,95.4,151,0.348,40,10,70,24,143,2018_Mitchell Trubisky,0
passing,2018,Carson Wentz,3074,7.7,401,279,0.696,21,7,102.2,159,0.397,37,5,58,31,202,2018_Carson Wentz,0
passing,2018,Jameis Winston,2992,7.9,378,244,0.646,19,14,90.2,152,0.402,34,6,64,27,157,2018_Jameis Winston,0
passing,2018,Sam Darnold,2865,6.9,414,239,0.577,17,15,77.6,130,0.314,40,4,76,30,204,2018_Sam Darnold,0
passing,2018,Blake Bortles,2718,6.7,403,243,0.603,13,11,79.8,128,0.318,36,3,80,31,173,2018_Blake Bortles,0
passing,2018,Andy Dalton,2566,7.0,365,226,0.619,21,11,89.6,132,0.362,38,1,49,21,157,2018_Andy Dalton,0
passing,2018,Marcus Mariota,2528,7.6,331,228,0.689,11,8,92.3,121,0.366,31,5,61,42,243,2018_Marcus Mariota,0
passing,2018,Joe Flacco,2465,6.5,379,232,0.612,12,6,84.2,122,0.322,29,4,71,16,79,2018_Joe Flacco,0
passing,2018,Ryan Fitzpatrick,2366,9.6,246,164,0.667,17,12,100.4,113,0.459,37,8,75,14,76,2018_Ryan Fitzpatrick,0
passing,2018,Josh Rosen,2278,5.8,393,217,0.552,11,14,66.7,112,0.285,23,4,75,45,320,2018_Josh Rosen,0
passing,2018,Nick Mullens,2277,8.3,274,176,0.642,13,10,90.8,106,0.387,35,7,85,17,127,2018_Nick Mullens,0
passing,2018,Alex Smith,2180,6.6,328,205,0.625,10,5,85.7,106,0.323,28,4,52,22,121,2018_Alex Smith,0
passing,2018,Josh Allen,2074,6.5,320,169,0.528,10,12,67.9,89,0.278,30,5,75,28,213,2018_Josh Allen,0
passing,2018,Ryan Tannehill,1979,7.2,274,176,0.642,17,9,92.7,92,0.336,19,5,75,35,279,2018_Ryan Tannehill,0
passing,2018,Nick Foles,1413,7.2,195,141,0.723,7,4,96.0,60,0.308,14,4,83,9,47,2018_Nick Foles,0
passing,2018,C.J. Beathard,1252,7.4,169,102,0.604,8,7,81.8,60,0.355,17,4,82,18,156,2018_C.J. Beathard,0
passing,2018,Brock Osweiler,1247,7.0,178,113,0.635,6,4,86.0,58,0.326,13,3,75,17,130,2018_Brock Osweiler,0
passing,2018,Lamar Jackson,1201,7.1,170,99,0.582,6,3,84.5,60,0.353,13,2,74,16,71,2018_Lamar Jackson,0
passing,2018,Jeff Driskel,1003,5.7,176,105,0.597,6,2,82.2,50,0.284,15,0,37,16,122,2018_Jeff Driskel,0
passing,2018,Jimmy Garoppolo,718,8.1,89,53,0.596,5,3,90.0,35,0.393,9,1,56,13,97,2018_Jimmy Garoppolo,0
passing,2018,Cody Kessler,709,5.4,131,85,0.649,2,2,77.4,35,0.267,5,0,35,22,149,2018_Cody Kessler,0
passing,2018,Blaine Gabbert,626,6.2,101,61,0.604,4,4,74.9,32,0.317,4,0,35,5,37,2018_Blaine Gabbert,0
passing,2018,Josh Johnson,590,6.5,91,52,0.571,3,4,69.4,29,0.319,7,1,79,9,67,2018_Josh Johnson,0
passing,2018,Josh McCown,539,4.9,110,60,0.545,1,4,55.8,27,0.245,4,1,41,7,35,2018_Josh McCown,0
passing,2018,Chase Daniel,515,6.8,76,53,0.697,3,2,90.6,24,0.316,6,1,46,9,40,2018_Chase Daniel,0
passing,2018,Tyrod Taylor,473,5.6,85,42,0.494,2,2,64.5,17,0.2,7,1,47,13,81,2018_Tyrod Taylor,0
passing,2018,Derek Anderson,465,6.6,70,42,0.6,0,4,56.0,22,0.314,6,1,40,5,33,2018_Derek Anderson,0
passing,2018,Sam Bradford,400,5.0,80,50,0.625,2,4,62.5,16,0.2,6,0,35,6,33,2018_Sam Bradford,0
passing,2018,Colt McCoy,372,6.9,54,34,0.63,3,3,78.6,17,0.315,4,1,53,6,36,2018_Colt McCoy,0
passing,2018,Taylor Heinicke,320,5.6,57,35,0.614,1,3,60.6,19,0.333,2,0,33,2,17,2018_Taylor Heinicke,0
passing,2018,Nathan Peterman,296,3.7,81,44,0.543,1,7,30.7,13,0.16,3,0,26,7,34,2018_Nathan Peterman,0
passing,2018,Kyle Allen,266,8.6,31,20,0.645,2,0,113.1,11,0.355,4,1,53,0,0,2018_Kyle Allen,0
passing,2018,Matt Barkley,232,9.3,25,15,0.6,2,0,117.4,12,0.48,4,2,47,1,8,2018_Matt Barkley,0
passing,2018,DeShone Kizer,187,4.5,42,20,0.476,0,2,40.5,8,0.19,2,0,29,4,38,2018_DeShone Kizer,0
passing,2018,Mike Glennon,174,8.3,21,15,0.714,1,0,112.0,8,0.381,1,0,26,1,8,2018_Mike Glennon,0
passing,2018,Mark Sanchez,138,3.9,35,19,0.543,0,3,28.0,3,0.086,1,0,20,7,42,2018_Mark Sanchez,0
passing,2018,Teddy Bridgewater,118,5.1,23,14,0.609,1,1,70.6,8,0.348,0,0,18,2,8,2018_Teddy Bridgewater,0
passing,2016,Drew Brees,5208,7.7,673,471,0.7,37,15,101.7,264,0.392,70,10,98,27,184,2016_Drew Brees,0
passing,2016,Matt Ryan,4944,9.3,534,373,0.699,38,7,117.1,238,0.446,69,17,76,37,235,2016_Matt Ryan,0
passing,2016,Kirk Cousins,4917,8.1,606,406,0.67,25,12,97.2,225,0.371,69,13,80,23,190,2016_Kirk Cousins,0
passing,2016,Aaron Rodgers,4428,7.3,610,401,0.657,40,7,104.2,222,0.364,57,10,66,35,246,2016_Aaron Rodgers,0
passing,2016,Philip Rivers,4386,7.6,578,349,0.604,33,21,87.9,214,0.37,57,16,59,36,188,2016_Philip Rivers,0
passing,2016,Matthew Stafford,4327,7.3,594,388,0.653,24,10,93.3,217,0.365,52,10,73,37,216,2016_Matthew Stafford,0
passing,2016,Joe Flacco,4317,6.4,672,436,0.649,20,15,83.5,204,0.304,40,11,95,33,243,2016_Joe Flacco,0
passing,2016,Andrew Luck,4240,7.8,545,346,0.635,31,13,96.4,206,0.378,61,8,64,41,268,2016_Andrew Luck,0
passing,2016,Carson Palmer,4233,7.1,597,364,0.61,26,14,87.2,218,0.365,48,6,80,40,281,2016_Carson Palmer,0
passing,2016,Russell Wilson,4219,7.7,546,353,0.647,21,11,92.6,193,0.353,51,11,59,41,293,2016_Russell Wilson,0
passing,2016,Andy Dalton,4206,7.5,563,364,0.647,18,8,91.8,204,0.362,53,13,86,41,264,2016_Andy Dalton,0
passing,2016,Jameis Winston,4090,7.2,567,345,0.608,28,18,86.1,214,0.377,43,4,45,35,239,2016_Jameis Winston,0
passing,2016,Eli Manning,4027,6.7,598,377,0.63,26,16,86.0,190,0.318,46,11,75,21,142,2016_Eli Manning,0
passing,2016,Derek Carr,3937,7.0,560,357,0.638,28,6,96.7,189,0.338,50,8,75,16,79,2016_Derek Carr,0
passing,2016,Blake Bortles,3905,6.2,625,368,0.589,23,16,78.8,206,0.33,43,4,51,34,197,2016_Blake Bortles,0
passing,2016,Sam Bradford,3877,7.0,552,395,0.716,20,5,99.3,197,0.357,49,8,71,37,276,2016_Sam Bradford,0
passing,2016,Ben Roethlisberger,3819,7.5,509,328,0.644,29,13,95.4,184,0.361,59,8,72,17,141,2016_Ben Roethlisberger,0
passing,2016,Carson Wentz,3782,6.2,607,379,0.624,16,14,79.3,191,0.315,39,6,73,33,213,2016_Carson Wentz,0
passing,2016,Dak Prescott,3667,8.0,459,311,0.678,23,4,104.9,182,0.397,38,8,83,25,143,2016_Dak Prescott,0
passing,2016,Tom Brady,3554,8.2,432,291,0.674,28,2,112.2,163,0.377,45,8,79,15,87,2016_Tom Brady,1
passing,2016,Cam Newton,3509,6.9,510,270,0.529,19,14,75.8,172,0.337,42,8,88,36,277,2016_Cam Newton,0
passing,2016,Alex Smith,3502,7.2,489,328,0.671,15,8,91.2,181,0.37,39,8,80,28,140,2016_Alex Smith,0
passing,2016,Marcus Mariota,3426,7.6,451,276,0.612,26,9,95.6,158,0.35,50,7,60,23,156,2016_Marcus Mariota,0
passing,2016,Trevor Siemian,3401,7.0,486,289,0.595,18,10,84.6,155,0.319,37,8,76,31,187,2016_Trevor Siemian,0
passing,2016,Tyrod Taylor,3023,6.9,436,269,0.617,17,6,89.7,147,0.337,33,7,84,42,192,2016_Tyrod Taylor,0
passing,2016,Ryan Tannehill,2995,7.7,389,261,0.671,19,12,93.5,132,0.339,37,11,74,29,216,2016_Ryan Tannehill,0
passing,2016,Brock Osweiler,2957,5.8,510,301,0.59,15,16,72.2,153,0.3,29,4,53,27,206,2016_Brock Osweiler,0
passing,2016,Ryan Fitzpatrick,2710,6.7,403,228,0.566,12,17,69.6,128,0.318,38,5,57,19,81,2016_Ryan Fitzpatrick,0
passing,2016,Colin Kaepernick,2241,6.8,331,196,0.592,16,4,90.7,101,0.305,25,5,65,36,207,2016_Colin Kaepernick,0
passing,2016,Case Keenum,2201,6.8,322,196,0.609,9,11,76.4,102,0.317,31,8,65,23,140,2016_Case Keenum,0
passing,2016,Matt Barkley,1611,7.5,216,129,0.597,8,14,68.3,89,0.412,21,0,37,6,43,2016_Matt Barkley,0
passing,2016,Brian Hoyer,1445,7.2,200,134,0.67,6,0,98.0,75,0.375,13,1,64,4,18,2016_Brian Hoyer,0
passing,2016,Cody Kessler,1380,7.1,195,128,0.656,6,2,92.3,67,0.344,17,4,44,21,140,2016_Cody Kessler,0
passing,2016,Josh McCown,1100,6.7,165,90,0.545,6,6,72.3,56,0.339,14,2,54,18,126,2016_Josh McCown,0
passing,2016,Jared Goff,1089,5.3,205,112,0.546,5,7,63.6,47,0.229,12,1,66,26,222,2016_Jared Goff,0
passing,2016,Jay Cutler,1059,7.7,137,81,0.591,4,5,78.1,45,0.328,15,3,54,17,104,2016_Jay Cutler,0
passing,2016,Blaine Gabbert,925,5.8,160,91,0.569,5,6,68.4,51,0.319,10,1,75,11,48,2016_Blaine Gabbert,0
passing,2016,Robert Griffin III,886,6.0,147,87,0.592,2,3,72.5,43,0.293,9,3,58,22,138,2016_Robert Griffin III,0
passing,2016,Bryce Petty,809,6.1,133,75,0.564,3,7,60.0,35,0.263,9,4,52,13,79,2016_Bryce Petty,0
passing,2016,Matt Moore,721,8.3,87,55,0.632,8,3,105.6,35,0.402,9,4,66,1,0,2016_Matt Moore,0
passing,2016,Landry Jones,558,6.5,86,53,0.616,4,2,86.3,26,0.302,5,2,51,4,34,2016_Landry Jones,0
passing,2016,Jimmy Garoppolo,502,8.0,63,43,0.683,4,0,113.3,22,0.349,7,0,37,3,15,2016_Jimmy Garoppolo,1
passing,2016,Paxton Lynch,497,6.0,83,49,0.59,2,1,79.2,25,0.301,3,0,31,9,42,2016_Paxton Lynch,0
passing,2016,Tom Savage,461,6.3,73,46,0.63,0,0,80.9,20,0.274,5,0,32,5,36,2016_Tom Savage,0
passing,2016,Derek Anderson,453,8.5,53,36,0.679,2,5,67.6,22,0.415,7,1,48,0,0,2016_Derek Anderson,0
passing,2016,Nick Foles,410,7.5,55,36,0.655,3,0,105.9,15,0.273,7,1,49,4,34,2016_Nick Foles,0
passing,2016,Jacoby Brissett,400,7.3,55,34,0.618,0,0,83.9,18,0.327,4,1,58,6,46,2016_Jacoby Brissett,1
passing,2016,Matt Cassel,284,5.6,51,30,0.588,2,2,71.0,16,0.314,3,1,50,5,23,2016_Matt Cassel,0
passing,2016,Shaun Hill,242,6.9,35,19,0.543,0,0,76.1,12,0.343,3,0,33,1,7,2016_Shaun Hill,0
passing,2016,Scott Tolzien,216,5.8,37,23,0.622,1,2,64.7,13,0.351,1,0,32,3,21,2016_Scott Tolzien,0
passing,2016,Drew Stanton,192,4.0,48,19,0.396,2,3,39.6,11,0.229,3,0,29,1,8,2016_Drew Stanton,0
passing,2016,Charlie Whitehurst,182,7.6,24,14,0.583,1,1,78.8,8,0.333,3,0,31,2,14,2016_Charlie Whitehurst,0
passing,2016,Connor Cook,150,7.1,21,14,0.667,1,1,83.4,6,0.286,1,0,32,2,7,2016_Connor Cook,0
passing,2016,EJ Manuel,131,5.0,26,11,0.423,0,0,58.3,6,0.231,1,0,35,3,20,2016_EJ Manuel,0
passing,2016,Kevin Hogan,104,4.0,26,14,0.538,0,2,31.6,6,0.231,0,0,17,2,10,2016_Kevin Hogan,0
