stats_type,year,Player,Rush Yds,Att,TD,20+,40+,Lng,Rush 1st,Rush 1st%,Rush FUM,year_player,won_super_bowl
rushing,2017,Kareem Hunt,1327,272,8,12,3,69,60,4.533,1,2017_Kareem Hunt,0
rushing,2017,Todd Gurley,1305,279,13,8,1,57,66,4.227,5,2017_Todd Gurley,0
rushing,2017,Le'Veon Bell,1291,321,9,3,0,27,74,4.338,2,2017_Le'Veon Bell,0
rushing,2017,LeSean McCoy,1138,287,6,12,1,48,55,5.218,3,2017_LeSean McCoy,0
rushing,2017,Mark Ingram,1124,230,12,11,3,72,50,4.6,2,2017_Mark Ingram,0
rushing,2017,Jordan Howard,1122,276,9,5,3,53,61,4.525,1,2017_Jordan Howard,0
rushing,2017,Melvin Gordon,1105,284,8,5,1,87,58,4.897,1,2017_Melvin Gordon,0
rushing,2017,Leonard Fournette,1040,268,9,4,2,90,46,5.826,2,2017_Leonard Fournette,0
rushing,2017,C.J. Anderson,1007,245,3,7,1,40,47,5.213,1,2017_C.J. Anderson,0
rushing,2017,Ezekiel Elliott,983,242,7,5,0,30,55,4.4,1,2017_Ezekiel Elliott,0
rushing,2017,Alex Collins,973,212,6,6,1,50,51,4.157,2,2017_Alex Collins,0
rushing,2017,Frank Gore,961,261,3,1,0,21,49,5.327,3,2017_Frank Gore,0
rushing,2017,Carlos Hyde,938,240,8,6,1,61,44,5.455,2,2017_Carlos Hyde,0
rushing,2017,Dion Lewis,896,180,6,7,1,44,48,3.75,0,2017_Dion Lewis,0
rushing,2017,Marshawn Lynch,891,207,7,5,1,51,44,4.705,1,2017_Marshawn Lynch,0
rushing,2017,Lamar Miller,888,238,3,1,0,21,43,5.535,1,2017_Lamar Miller,0
rushing,2017,Jay Ajayi,873,208,1,6,2,92,39,5.333,3,2017_Jay Ajayi,1
rushing,2017,Devonta Freeman,865,196,7,5,1,44,48,4.083,4,2017_Devonta Freeman,0
rushing,2017,Isaiah Crowell,853,206,2,5,1,59,38,5.421,1,2017_Isaiah Crowell,0
rushing,2017,Latavius Murray,842,216,8,7,1,46,42,5.143,1,2017_Latavius Murray,0
rushing,2017,Bilal Powell,772,178,5,9,4,75,30,5.933,0,2017_Bilal Powell,0
rushing,2017,LeGarrette Blount,766,173,2,7,1,68,30,5.767,1,2017_LeGarrette Blount,1
rushing,2017,Cam Newton,754,139,6,5,2,69,46,3.022,6,2017_Cam Newton,0
rushing,2017,Orleans Darkwa,751,171,5,6,2,75,33,5.182,1,2017_Orleans Darkwa,0
rushing,2017,Derrick Henry,744,176,5,5,2,75,39,4.513,1,2017_Derrick Henry,0
rushing,2017,Alvin Kamara,728,120,8,5,1,74,40,3.0,1,2017_Alvin Kamara,0
rushing,2017,Jonathan Stewart,680,198,6,1,1,60,41,4.829,3,2017_Jonathan Stewart,0
rushing,2017,DeMarco Murray,659,184,6,3,1,75,29,6.345,1,2017_DeMarco Murray,0
rushing,2017,Kenyan Drake,644,133,3,7,3,66,24,5.542,2,2017_Kenyan Drake,0
rushing,2017,Tevin Coleman,628,156,5,6,1,52,27,5.778,1,2017_Tevin Coleman,0
rushing,2017,Joe Mixon,626,178,4,2,0,25,35,5.086,1,2017_Joe Mixon,0
rushing,2017,Samaje Perine,603,175,1,1,0,30,22,7.955,2,2017_Samaje Perine,0
rushing,2017,Javorius Allen,591,153,4,1,0,37,38,4.026,0,2017_Javorius Allen,0
rushing,2017,Russell Wilson,586,95,3,4,0,31,35,2.714,6,2017_Russell Wilson,0
rushing,2017,Jerick McKinnon,570,150,3,2,1,58,23,6.522,2,2017_Jerick McKinnon,0
rushing,2017,Jamaal Williams,556,153,4,1,0,25,32,4.781,0,2017_Jamaal Williams,0
rushing,2017,Ameer Abdullah,552,165,4,5,0,34,24,6.875,2,2017_Ameer Abdullah,0
rushing,2017,Alfred Morris,547,115,1,4,1,70,25,4.6,0,2017_Alfred Morris,0
rushing,2017,Adrian Peterson,529,156,2,2,0,38,20,7.8,3,2017_Adrian Peterson,0
rushing,2017,Wayne Gallman,476,111,0,2,0,24,19,5.842,3,2017_Wayne Gallman,0
rushing,2017,Matt Breida,465,105,2,2,0,33,22,4.773,1,2017_Matt Breida,0
rushing,2017,Giovani Bernard,458,105,2,5,0,25,20,5.25,0,2017_Giovani Bernard,0
rushing,2017,Aaron Jones,448,81,4,6,1,46,21,3.857,0,2017_Aaron Jones,0
rushing,2017,Christian McCaffrey,435,117,2,1,1,40,21,5.571,1,2017_Christian McCaffrey,0
rushing,2017,Tyrod Taylor,427,84,4,2,0,32,26,3.231,1,2017_Tyrod Taylor,0
rushing,2017,Kerwynn Williams,426,120,1,2,0,25,20,6.0,0,2017_Kerwynn Williams,0
rushing,2017,Peyton Barber,423,108,3,1,0,34,23,4.696,2,2017_Peyton Barber,0
rushing,2017,DeShone Kizer,419,77,5,2,0,20,28,2.75,3,2017_DeShone Kizer,0
rushing,2017,Doug Martin,406,138,3,1,0,27,21,6.571,1,2017_Doug Martin,0
rushing,2017,Mike Gillislee,383,104,5,0,0,16,25,4.16,1,2017_Mike Gillislee,0
rushing,2017,Chris Ivory,382,112,1,1,0,34,16,7.0,2,2017_Chris Ivory,0
rushing,2017,Matt Forte,381,103,2,1,0,20,12,8.583,1,2017_Matt Forte,0
rushing,2017,Tarik Cohen,370,87,2,4,1,46,17,5.118,2,2017_Tarik Cohen,0
rushing,2017,Marlon Mack,358,93,3,6,0,35,21,4.429,1,2017_Marlon Mack,0
rushing,2017,Dak Prescott,357,57,6,1,0,21,29,1.966,0,2017_Dak Prescott,0
rushing,2017,Alex Smith,355,60,1,2,1,70,19,3.158,1,2017_Alex Smith,0
rushing,2017,Dalvin Cook,354,74,2,4,0,33,15,4.933,1,2017_Dalvin Cook,0
rushing,2017,Duke Johnson,348,82,4,0,0,19,26,3.154,1,2017_Duke Johnson,0
rushing,2017,D'Onta Foreman,327,78,2,3,0,39,13,6.0,2,2017_D'Onta Foreman,0
rushing,2017,Blake Bortles,322,57,2,3,0,28,19,3.0,3,2017_Blake Bortles,0
rushing,2017,Corey Clement,321,74,4,2,0,28,19,3.895,0,2017_Corey Clement,1
rushing,2017,Elijah McGuire,315,88,1,1,1,69,14,6.286,1,2017_Elijah McGuire,0
rushing,2017,Marcus Mariota,312,60,5,2,0,34,22,2.727,2,2017_Marcus Mariota,0
rushing,2017,Carson Wentz,299,64,0,3,0,24,26,2.462,5,2017_Carson Wentz,1
rushing,2017,Devontae Booker,299,79,1,1,0,26,11,7.182,1,2017_Devontae Booker,0
rushing,2017,Jamaal Charles,296,69,1,0,0,19,16,4.313,2,2017_Jamaal Charles,0
rushing,2017,Chris Thompson,294,64,2,1,1,61,11,5.818,1,2017_Chris Thompson,0
rushing,2017,Theo Riddick,286,84,3,1,0,21,11,7.636,1,2017_Theo Riddick,0
rushing,2017,Jalen Richard,275,56,1,2,1,52,10,5.6,1,2017_Jalen Richard,0
rushing,2017,Ty Montgomery,273,71,3,1,0,37,13,5.462,0,2017_Ty Montgomery,0
rushing,2017,Brett Hundley,270,36,2,3,0,24,21,1.714,2,2017_Brett Hundley,0
rushing,2017,Tavon Austin,270,59,1,2,0,27,9,6.556,0,2017_Tavon Austin,0
rushing,2017,Deshaun Watson,269,36,2,1,1,49,14,2.571,1,2017_Deshaun Watson,0
rushing,2017,Rex Burkhead,264,64,5,2,0,31,14,4.571,1,2017_Rex Burkhead,0
rushing,2017,Alfred Blue,262,71,1,1,1,48,10,7.1,0,2017_Alfred Blue,0
rushing,2017,Austin Ekeler,260,47,2,3,0,35,12,3.917,1,2017_Austin Ekeler,0
rushing,2017,Jacoby Brissett,260,63,4,1,0,25,14,4.5,3,2017_Jacoby Brissett,0
rushing,2017,T.J. Yeldon,253,49,2,2,1,58,7,7.0,2,2017_T.J. Yeldon,0
rushing,2017,Mitchell Trubisky,248,41,2,1,1,46,12,3.417,5,2017_Mitchell Trubisky,0
rushing,2017,Corey Grant,248,30,2,3,2,58,10,3.0,0,2017_Corey Grant,0
rushing,2017,Mike Tolbert,247,66,1,1,0,25,9,7.333,2,2017_Mike Tolbert,0
rushing,2017,Malcolm Brown,246,63,1,1,0,20,10,6.3,1,2017_Malcolm Brown,0
rushing,2017,Jacquizz Rodgers,244,64,1,1,0,36,11,5.818,0,2017_Jacquizz Rodgers,0
rushing,2017,Mike Davis,240,68,0,3,0,33,12,5.667,0,2017_Mike Davis,0
rushing,2017,Rod Smith,232,55,4,1,1,45,15,3.667,0,2017_Rod Smith,0
rushing,2017,Chris Carson,208,49,0,1,0,30,11,4.455,0,2017_Chris Carson,0
rushing,2017,Rob Kelley,194,62,3,1,0,21,8,7.75,0,2017_Rob Kelley,0
rushing,2017,J.D. McKissic,187,46,1,1,0,30,8,5.75,0,2017_J.D. McKissic,0
rushing,2017,Damien Williams,181,46,0,1,1,69,7,6.571,0,2017_Damien Williams,0
rushing,2017,Eddie Lacy,179,69,0,0,0,19,7,9.857,0,2017_Eddie Lacy,0
rushing,2017,Kirk Cousins,179,49,4,0,0,18,17,2.882,7,2017_Kirk Cousins,0
rushing,2017,Wendell Smallwood,174,47,1,2,0,26,9,5.222,0,2017_Wendell Smallwood,1
rushing,2017,James White,171,43,0,0,0,10,6,7.167,0,2017_James White,0
rushing,2017,Tion Green,165,42,2,1,0,33,9,4.667,0,2017_Tion Green,0
rushing,2017,Shane Vereen,164,45,0,0,0,17,3,15.0,0,2017_Shane Vereen,0
rushing,2017,Case Keenum,160,40,1,2,0,22,13,3.077,0,2017_Case Keenum,0
rushing,2017,Thomas Rawls,157,58,0,1,0,23,6,9.667,1,2017_Thomas Rawls,0
rushing,2017,DeAndre Washington,153,57,2,0,0,11,9,6.333,1,2017_DeAndre Washington,0
rushing,2017,James Conner,144,32,0,1,0,23,4,8.0,0,2017_James Conner,0
rushing,2017,Matt Ryan,143,32,0,0,0,16,11,2.909,3,2017_Matt Ryan,0
rushing,2017,Terrance West,138,39,2,0,0,13,11,3.545,1,2017_Terrance West,0
rushing,2017,C.J. Beathard,136,26,3,0,0,16,9,2.889,0,2017_C.J. Beathard,0
rushing,2017,Jameis Winston,135,33,1,0,0,17,7,4.714,4,2017_Jameis Winston,0
rushing,2017,Terron Ward,129,30,0,0,0,17,7,4.286,1,2017_Terron Ward,0
rushing,2017,Trevor Siemian,127,31,1,0,0,15,8,3.875,1,2017_Trevor Siemian,0
rushing,2017,Aaron Rodgers,126,24,0,0,0,18,10,2.4,0,2017_Aaron Rodgers,0
rushing,2017,Elijhaa Penny,124,31,2,0,0,14,7,4.429,0,2017_Elijhaa Penny,0
rushing,2017,Josh McCown,124,37,5,2,0,22,14,2.643,4,2017_Josh McCown,0
rushing,2017,Cordarrelle Patterson,121,13,2,2,2,47,3,4.333,0,2017_Cordarrelle Patterson,0
rushing,2017,Jeremy Hill,116,37,0,0,0,13,5,7.4,1,2017_Jeremy Hill,0
rushing,2017,Chris Johnson,114,45,0,0,0,11,3,15.0,0,2017_Chris Johnson,0
rushing,2017,Stevan Ridley,108,26,1,1,0,21,6,4.333,0,2017_Stevan Ridley,0
rushing,2017,Andy Dalton,99,38,0,1,0,25,9,4.222,1,2017_Andy Dalton,0
rushing,2017,Matthew Stafford,98,29,0,0,0,15,9,3.222,2,2017_Matthew Stafford,0
rushing,2017,Travaris Cadet,96,23,0,0,0,15,6,3.833,0,2017_Travaris Cadet,0
rushing,2017,Travis Benjamin,96,13,0,1,0,22,5,2.6,0,2017_Travis Benjamin,0
rushing,2017,Charles Sims,95,21,0,1,0,21,6,3.5,0,2017_Charles Sims,0
rushing,2017,Cameron Artis-Payne,95,18,1,1,1,43,5,3.6,0,2017_Cameron Artis-Payne,0
rushing,2017,Paul Perkins,90,41,0,0,0,14,3,13.667,0,2017_Paul Perkins,0
rushing,2017,Branden Oliver,83,35,0,1,0,26,6,5.833,0,2017_Branden Oliver,0
rushing,2017,Blaine Gabbert,82,22,0,0,0,12,7,3.143,3,2017_Blaine Gabbert,0
rushing,2017,Kapri Bibbs,79,21,0,0,0,16,4,5.25,0,2017_Kapri Bibbs,0
rushing,2017,Ryan Fitzpatrick,78,15,0,0,0,15,5,3.0,0,2017_Ryan Fitzpatrick,0
rushing,2017,Charcandrick West,72,18,2,1,0,21,4,4.5,0,2017_Charcandrick West,0
rushing,2017,Brandon Bolden,67,13,0,1,0,20,3,4.333,0,2017_Brandon Bolden,0
rushing,2017,Derek Carr,66,23,0,1,0,32,5,4.6,4,2017_Derek Carr,0
rushing,2017,Brock Osweiler,64,14,1,0,0,18,3,4.667,0,2017_Brock Osweiler,0
rushing,2017,Darren Sproles,61,15,0,0,0,12,4,3.75,0,2017_Darren Sproles,1
rushing,2017,Tyreek Hill,59,17,0,0,0,16,3,5.667,0,2017_Tyreek Hill,0
rushing,2017,Kenjon Barner,57,16,1,0,0,18,3,5.333,0,2017_Kenjon Barner,1
rushing,2017,Danny Woodhead,56,14,0,0,0,10,2,7.0,0,2017_Danny Woodhead,0
rushing,2017,Andre Ellington,55,20,1,0,0,21,3,6.667,0,2017_Andre Ellington,0
rushing,2017,Joe Flacco,54,25,1,1,0,25,3,8.333,1,2017_Joe Flacco,0
rushing,2017,Robert Turbin,53,23,1,0,0,7,9,2.556,0,2017_Robert Turbin,0
rushing,2017,Jared Goff,51,28,1,1,0,22,3,9.333,1,2017_Jared Goff,0
rushing,2017,Lance Dunbar,51,11,1,0,0,12,4,2.75,0,2017_Lance Dunbar,0
rushing,2017,Ben Roethlisberger,47,28,0,0,0,14,6,4.667,2,2017_Ben Roethlisberger,0
rushing,2017,Dwayne Washington,44,20,0,0,0,6,1,20.0,0,2017_Dwayne Washington,0
rushing,2017,Anthony Sherman,40,14,1,0,0,9,5,2.8,0,2017_Anthony Sherman,0
rushing,2017,Brian Hill,37,11,0,0,0,11,2,5.5,0,2017_Brian Hill,0
rushing,2017,Jay Cutler,32,19,0,0,0,9,3,6.333,2,2017_Jay Cutler,0
rushing,2017,Tom Brady,28,25,0,0,0,7,7,3.571,1,2017_Tom Brady,0
rushing,2017,Zach Zenner,26,14,1,0,0,14,2,7.0,0,2017_Zach Zenner,0
rushing,2017,Eli Manning,26,12,1,0,0,14,2,6.0,1,2017_Eli Manning,0
rushing,2017,C.J. Prosise,23,11,0,0,0,8,1,11.0,0,2017_C.J. Prosise,0
rushing,2017,David Johnson,23,11,0,0,0,6,0,0.0,1,2017_David Johnson,0
rushing,2017,Carson Palmer,12,14,0,0,0,4,5,2.8,2,2017_Carson Palmer,0
rushing,2017,Drew Brees,12,33,2,0,0,7,7,4.714,2,2017_Drew Brees,0
rushing,2017,Jimmy Garoppolo,11,15,1,0,0,8,3,5.0,1,2017_Jimmy Garoppolo,0
rushing,2017,Nick Foles,3,11,0,0,0,9,1,11.0,3,2017_Nick Foles,1
rushing,2019,Derrick Henry,1540,303,16,9,3,74,73,4.151,5,2019_Derrick Henry,0
rushing,2019,Nick Chubb,1494,298,8,11,4,88,62,4.806,2,2019_Nick Chubb,0
rushing,2019,Christian McCaffrey,1387,287,15,6,4,84,56,5.125,1,2019_Christian McCaffrey,0
rushing,2019,Ezekiel Elliott,1357,301,12,4,0,33,78,3.859,3,2019_Ezekiel Elliott,0
rushing,2019,Chris Carson,1230,278,7,8,1,59,75,3.707,6,2019_Chris Carson,0
rushing,2019,Lamar Jackson,1206,176,7,11,1,47,71,2.479,8,2019_Lamar Jackson,0
rushing,2019,Leonard Fournette,1152,265,3,7,4,81,55,4.818,0,2019_Leonard Fournette,0
rushing,2019,Josh Jacobs,1150,242,7,8,2,51,53,4.566,1,2019_Josh Jacobs,0
rushing,2019,Joe Mixon,1137,278,5,6,1,41,56,4.964,0,2019_Joe Mixon,0
rushing,2019,Dalvin Cook,1135,250,13,7,2,75,60,4.167,3,2019_Dalvin Cook,0
rushing,2019,Marlon Mack,1091,247,8,9,1,63,67,3.687,0,2019_Marlon Mack,0
rushing,2019,Aaron Jones,1084,236,16,5,2,56,55,4.291,2,2019_Aaron Jones,0
rushing,2019,Carlos Hyde,1070,245,6,8,3,58,55,4.455,4,2019_Carlos Hyde,0
rushing,2019,Mark Ingram,1018,202,10,6,2,53,53,3.811,2,2019_Mark Ingram,0
rushing,2019,Phillip Lindsay,1011,224,7,7,1,40,38,5.895,0,2019_Phillip Lindsay,0
rushing,2019,Saquon Barkley,1003,217,6,8,3,68,45,4.822,0,2019_Saquon Barkley,0
rushing,2019,Sony Michel,912,247,7,3,0,26,55,4.491,2,2019_Sony Michel,0
rushing,2019,Adrian Peterson,898,211,5,6,0,32,41,5.146,2,2019_Adrian Peterson,0
rushing,2019,David Montgomery,889,242,6,3,1,55,50,4.84,2,2019_David Montgomery,0
rushing,2019,Todd Gurley,857,223,12,5,0,25,51,4.373,3,2019_Todd Gurley,0
rushing,2019,Miles Sanders,818,179,3,5,2,65,30,5.967,2,2019_Miles Sanders,0
rushing,2019,Kenyan Drake,817,170,8,4,1,91,48,3.542,2,2019_Kenyan Drake,0
rushing,2019,Alvin Kamara,797,171,5,5,1,40,32,5.344,3,2019_Alvin Kamara,0
rushing,2019,Le'Veon Bell,789,245,3,0,0,19,36,6.806,0,2019_Le'Veon Bell,0
rushing,2019,Devin Singletary,775,151,2,7,0,38,37,4.081,4,2019_Devin Singletary,0
rushing,2019,Raheem Mostert,772,137,8,3,2,41,31,4.419,1,2019_Raheem Mostert,0
rushing,2019,Ronald Jones,724,172,6,6,1,49,34,5.059,2,2019_Ronald Jones,0
rushing,2019,Gus Edwards,711,133,2,5,1,63,46,2.891,2,2019_Gus Edwards,0
rushing,2019,Devonta Freeman,656,184,2,3,0,28,31,5.935,2,2019_Devonta Freeman,0
rushing,2019,Latavius Murray,637,146,5,3,0,30,38,3.842,0,2019_Latavius Murray,0
rushing,2019,Matt Breida,623,123,1,4,1,83,23,5.348,2,2019_Matt Breida,0
rushing,2019,Melvin Gordon,612,162,8,2,0,24,39,4.154,3,2019_Melvin Gordon,0
rushing,2019,Frank Gore,599,166,2,4,1,41,30,5.533,0,2019_Frank Gore,0
rushing,2019,Austin Ekeler,557,132,3,4,0,35,32,4.125,1,2019_Austin Ekeler,0
rushing,2019,Kyler Murray,544,91,4,7,0,35,27,3.37,1,2019_Kyler Murray,0
rushing,2019,Tevin Coleman,544,137,6,4,1,48,26,5.269,0,2019_Tevin Coleman,0
rushing,2019,Jordan Howard,525,119,6,1,0,20,28,4.25,0,2019_Jordan Howard,0
rushing,2019,Josh Allen,510,109,9,1,0,36,41,2.659,7,2019_Josh Allen,0
rushing,2019,Damien Williams,498,111,5,2,2,91,22,5.045,1,2019_Damien Williams,1
rushing,2019,Royce Freeman,496,132,3,1,0,26,22,6.0,0,2019_Royce Freeman,0
rushing,2019,Peyton Barber,470,154,6,0,0,17,23,6.696,1,2019_Peyton Barber,0
rushing,2019,LeSean McCoy,465,101,4,4,0,39,24,4.208,2,2019_LeSean McCoy,1
rushing,2019,James Conner,464,116,4,2,0,25,26,4.462,1,2019_James Conner,0
rushing,2019,Alexander Mattison,462,100,1,4,0,35,19,5.263,1,2019_Alexander Mattison,0
rushing,2019,Jamaal Williams,460,107,1,1,1,45,23,4.652,0,2019_Jamaal Williams,0
rushing,2019,Tony Pollard,455,86,2,4,1,44,21,4.095,1,2019_Tony Pollard,0
rushing,2019,Benny Snell,426,108,2,3,0,23,19,5.684,1,2019_Benny Snell,0
rushing,2019,Deshaun Watson,413,82,7,2,0,30,29,2.828,6,2019_Deshaun Watson,0
rushing,2019,Duke Johnson,410,83,2,3,1,40,17,4.882,1,2019_Duke Johnson,0
rushing,2019,Kerryon Johnson,403,113,3,1,0,20,22,5.136,1,2019_Kerryon Johnson,0
rushing,2019,DeAndre Washington,387,108,3,1,0,36,23,4.696,0,2019_DeAndre Washington,0
rushing,2019,Bo Scarbrough,377,89,1,2,0,30,15,5.933,1,2019_Bo Scarbrough,0
rushing,2019,Rashaad Penny,370,65,3,4,1,58,16,4.063,1,2019_Rashaad Penny,0
rushing,2019,David Johnson,345,94,2,0,0,18,20,4.7,0,2019_David Johnson,0
rushing,2019,Gardner Minshew,344,67,0,2,0,21,20,3.35,3,2019_Gardner Minshew,0
rushing,2019,Russell Wilson,342,75,3,1,0,21,17,4.412,3,2019_Russell Wilson,0
rushing,2019,Brian Hill,323,78,2,2,0,27,19,4.105,0,2019_Brian Hill,0
rushing,2019,Jordan Wilkins,307,51,2,2,1,55,12,4.25,0,2019_Jordan Wilkins,0
rushing,2019,Chase Edmonds,303,60,4,4,0,37,12,5.0,0,2019_Chase Edmonds,0
rushing,2019,Rex Burkhead,302,65,3,1,0,33,18,3.611,0,2019_Rex Burkhead,0
rushing,2019,Daniel Jones,279,45,2,1,0,26,21,2.143,6,2019_Daniel Jones,0
rushing,2019,Dak Prescott,277,52,3,2,1,42,19,2.737,2,2019_Dak Prescott,0
rushing,2019,Ty Johnson,273,63,0,1,1,40,11,5.727,0,2019_Ty Johnson,0
rushing,2019,Mike Boone,273,49,3,3,2,59,9,5.444,0,2019_Mike Boone,0
rushing,2019,James White,263,67,1,1,0,32,15,4.467,0,2019_James White,0
rushing,2019,Malcolm Brown,255,69,5,0,0,17,16,4.313,0,2019_Malcolm Brown,0
rushing,2019,Jameis Winston,250,59,1,4,0,26,18,3.278,3,2019_Jameis Winston,0
rushing,2019,Boston Scott,245,61,5,1,0,25,17,3.588,1,2019_Boston Scott,0
rushing,2019,Derrius Guice,245,42,2,3,1,60,9,4.667,0,2019_Derrius Guice,0
rushing,2019,Carson Wentz,243,62,1,0,0,19,21,2.952,6,2019_Carson Wentz,0
rushing,2019,Ryan Fitzpatrick,243,54,4,1,0,20,16,3.375,5,2019_Ryan Fitzpatrick,0
rushing,2019,Jonathan Williams,235,49,1,1,1,48,13,3.769,0,2019_Jonathan Williams,0
rushing,2019,Bilal Powell,229,59,0,0,0,17,12,4.917,0,2019_Bilal Powell,0
rushing,2019,Jacoby Brissett,228,56,4,1,0,24,20,2.8,3,2019_Jacoby Brissett,0
rushing,2019,Justice Hill,225,58,2,0,0,18,10,5.8,0,2019_Justice Hill,0
rushing,2019,Patrick Mahomes,218,43,2,3,0,25,15,2.867,1,2019_Patrick Mahomes,1
rushing,2019,Tarik Cohen,213,64,0,0,0,19,15,4.267,0,2019_Tarik Cohen,0
rushing,2019,Dion Lewis,209,54,0,0,0,17,6,9.0,1,2019_Dion Lewis,0
rushing,2019,J.D. McKissic,205,38,0,2,1,44,8,4.75,0,2019_J.D. McKissic,0
rushing,2019,Mark Walton,201,53,0,0,0,19,11,4.818,0,2019_Mark Walton,0
rushing,2019,Justin Jackson,200,29,0,3,1,40,9,3.222,0,2019_Justin Jackson,0
rushing,2019,Nyheim Hines,199,52,2,0,0,18,16,3.25,0,2019_Nyheim Hines,0
rushing,2019,Mitchell Trubisky,193,48,2,1,0,23,12,4.0,2,2019_Mitchell Trubisky,0
rushing,2019,Ryan Tannehill,185,43,4,3,0,25,14,3.071,1,2019_Ryan Tannehill,0
rushing,2019,Aaron Rodgers,183,46,1,0,0,17,9,5.111,1,2019_Aaron Rodgers,0
rushing,2019,Kareem Hunt,179,43,2,0,0,16,8,5.375,1,2019_Kareem Hunt,0
rushing,2019,Jaylen Samuels,175,66,1,0,0,13,9,7.333,0,2019_Jaylen Samuels,0
rushing,2019,Giovani Bernard,170,53,0,1,0,25,10,5.3,0,2019_Giovani Bernard,0
rushing,2019,Patrick Laird,168,62,1,0,0,18,9,6.889,0,2019_Patrick Laird,0
rushing,2019,Deebo Samuel,159,14,3,4,0,31,5,2.8,0,2019_Deebo Samuel,0
rushing,2019,Taysom Hill,156,27,1,2,0,30,10,2.7,0,2019_Taysom Hill,0
rushing,2019,Jeff Driskel,151,22,1,1,0,23,10,2.2,0,2019_Jeff Driskel,0
rushing,2019,Matt Ryan,147,32,1,0,0,12,10,3.2,1,2019_Matt Ryan,0
rushing,2019,Darrell Henderson,147,39,0,1,0,22,10,3.9,0,2019_Darrell Henderson,0
rushing,2019,Jalen Richard,145,39,0,0,0,13,10,3.9,0,2019_Jalen Richard,0
rushing,2019,Darrel Williams,141,41,3,1,1,41,12,3.417,1,2019_Darrel Williams,1
rushing,2019,Baker Mayfield,141,28,3,0,0,18,15,1.867,2,2019_Baker Mayfield,0
rushing,2019,Chris Thompson,138,37,0,0,0,16,7,5.286,0,2019_Chris Thompson,0
rushing,2019,Kalen Ballage,135,71,3,0,0,8,10,7.1,0,2019_Kalen Ballage,0
rushing,2019,Myles Gaskin,133,36,1,1,0,27,7,5.143,0,2019_Myles Gaskin,0
rushing,2019,Curtis Samuel,130,19,1,0,0,16,7,2.714,0,2019_Curtis Samuel,0
rushing,2019,Marcus Mariota,129,24,0,0,0,15,5,4.8,1,2019_Marcus Mariota,0
rushing,2019,Darwin Thompson,128,37,1,0,0,12,9,4.111,0,2019_Darwin Thompson,1
rushing,2019,Kerrith Whyte,122,24,0,1,0,21,5,4.8,0,2019_Kerrith Whyte,0
rushing,2019,Reggie Bonnafon,116,16,1,1,1,59,2,8.0,0,2019_Reggie Bonnafon,0
rushing,2019,Robert Woods,115,17,1,1,0,20,5,3.4,0,2019_Robert Woods,0
rushing,2019,Ameer Abdullah,115,23,0,0,0,15,4,5.75,0,2019_Ameer Abdullah,0
rushing,2019,Travis Homer,114,18,0,1,0,29,6,3.0,0,2019_Travis Homer,0
rushing,2019,Wayne Gallman,110,29,2,1,0,22,6,4.833,1,2019_Wayne Gallman,0
rushing,2019,Ryquell Armstead,108,35,0,0,0,16,5,7.0,0,2019_Ryquell Armstead,0
rushing,2019,Ito Smith,106,22,1,1,0,28,10,2.2,0,2019_Ito Smith,0
rushing,2019,Kyle Allen,106,32,2,0,0,17,9,3.556,3,2019_Kyle Allen,0
rushing,2019,Jeff Wilson,105,27,4,1,0,25,9,3.0,0,2019_Jeff Wilson,0
rushing,2019,Cordarrelle Patterson,103,17,0,1,1,46,4,4.25,0,2019_Cordarrelle Patterson,0
rushing,2019,Ty Montgomery,103,32,0,0,0,15,2,16.0,0,2019_Ty Montgomery,0
rushing,2019,Dwayne Haskins,101,21,0,1,0,23,7,3.0,4,2019_Dwayne Haskins,0
rushing,2019,Trey Edmunds,92,22,0,1,1,45,2,11.0,0,2019_Trey Edmunds,0
rushing,2019,Jon Hilliman,91,30,0,0,0,10,6,5.0,1,2019_Jon Hilliman,0
rushing,2019,Derek Carr,82,26,2,0,0,15,7,3.714,5,2019_Derek Carr,0
rushing,2019,Wendell Smallwood,81,22,0,0,0,17,4,5.5,0,2019_Wendell Smallwood,0
rushing,2019,Andy Dalton,73,32,4,0,0,17,12,2.667,3,2019_Andy Dalton,0
rushing,2019,C.J. Prosise,72,23,1,0,0,17,4,5.75,1,2019_C.J. Prosise,0
rushing,2019,Drew Lock,72,18,0,0,0,12,5,3.6,2,2019_Drew Lock,0
rushing,2019,Robert Griffin III,70,20,0,0,0,16,5,4.0,0,2019_Robert Griffin III,0
rushing,2019,Devlin Hodges,68,21,0,2,0,22,5,4.2,1,2019_Devlin Hodges,0
rushing,2019,Brandon Bolden,68,15,3,1,0,21,5,3.0,0,2019_Brandon Bolden,0
rushing,2019,Matthew Stafford,66,20,0,0,0,12,5,4.0,2,2019_Matthew Stafford,0
rushing,2019,Darren Sproles,66,17,0,0,0,17,3,5.667,0,2019_Darren Sproles,0
rushing,2019,T.J. Yeldon,63,17,0,0,0,12,5,3.4,1,2019_T.J. Yeldon,0
rushing,2019,Kirk Cousins,63,31,1,0,0,14,8,3.875,5,2019_Kirk Cousins,0
rushing,2019,Jimmy Garoppolo,62,46,1,0,0,11,13,3.538,5,2019_Jimmy Garoppolo,0
rushing,2019,Sam Darnold,62,33,2,1,0,24,6,5.5,5,2019_Sam Darnold,0
rushing,2019,Paul Perkins,58,24,0,0,0,26,6,4.0,0,2019_Paul Perkins,0
rushing,2019,Mike Davis,52,24,0,0,0,18,0,0.0,0,2019_Mike Davis,0
rushing,2019,Spencer Ware,51,17,0,0,0,6,3,5.667,0,2019_Spencer Ware,1
rushing,2019,Qadree Ollison,50,22,4,0,0,6,6,3.667,1,2019_Qadree Ollison,0
rushing,2019,Dontrell Hilliard,49,13,2,0,0,11,3,4.333,0,2019_Dontrell Hilliard,0
rushing,2019,Tra Carson,48,18,0,0,0,19,3,6.0,0,2019_Tra Carson,0
rushing,2019,C.J. Anderson,43,16,0,0,0,9,1,16.0,0,2019_C.J. Anderson,0
rushing,2019,Mason Rudolph,42,19,0,0,0,13,6,3.167,0,2019_Mason Rudolph,0
rushing,2019,Jared Goff,40,33,2,0,0,8,5,6.6,3,2019_Jared Goff,0
rushing,2019,Elijhaa Penny,39,15,0,0,0,6,2,7.5,0,2019_Elijhaa Penny,0
rushing,2019,Marshawn Lynch,34,12,1,0,0,15,2,6.0,0,2019_Marshawn Lynch,0
rushing,2019,Tom Brady,34,26,3,0,0,17,8,3.25,1,2019_Tom Brady,0
rushing,2019,Teddy Bridgewater,31,28,0,0,0,11,4,7.0,0,2019_Teddy Bridgewater,0
rushing,2019,Philip Rivers,29,12,0,0,0,12,2,6.0,3,2019_Philip Rivers,0
rushing,2019,Dalyn Dawkins,26,11,0,0,0,14,2,5.5,0,2019_Dalyn Dawkins,0
rushing,2019,Joe Flacco,20,12,0,0,0,9,4,3.0,0,2019_Joe Flacco,0
rushing,2019,Dare Ogunbowale,17,11,2,0,0,12,3,3.667,0,2019_Dare Ogunbowale,0
rushing,2021,Jonathan Taylor,1811,332,18,14,5,83,107,3.103,3,2021_Jonathan Taylor,0
rushing,2021,Nick Chubb,1259,228,8,12,2,70,61,3.738,2,2021_Nick Chubb,0
rushing,2021,Joe Mixon,1205,292,13,6,0,32,60,4.867,1,2021_Joe Mixon,0
rushing,2021,Najee Harris,1200,307,7,6,0,37,62,4.952,0,2021_Najee Harris,0
rushing,2021,Dalvin Cook,1159,249,6,9,1,66,57,4.368,3,2021_Dalvin Cook,0
rushing,2021,Antonio Gibson,1037,258,7,4,0,27,65,3.969,5,2021_Antonio Gibson,0
rushing,2021,Ezekiel Elliott,1002,237,10,3,1,47,55,4.309,1,2021_Ezekiel Elliott,0
rushing,2021,Elijah Mitchell,963,207,5,6,0,39,47,4.404,0,2021_Elijah Mitchell,0
rushing,2021,Derrick Henry,937,219,10,3,2,76,49,4.469,1,2021_Derrick Henry,0
rushing,2021,Damien Harris,929,202,15,8,1,64,55,3.673,2,2021_Damien Harris,0
rushing,2021,Melvin Gordon,918,203,8,3,2,70,48,4.229,3,2021_Melvin Gordon,0
rushing,2021,Austin Ekeler,911,206,12,3,0,28,53,3.887,0,2021_Austin Ekeler,0
rushing,2021,Javonte Williams,903,203,4,6,1,49,52,3.904,2,2021_Javonte Williams,0
rushing,2021,Alvin Kamara,898,240,4,3,0,30,42,5.714,0,2021_Alvin Kamara,0
rushing,2021,Josh Jacobs,872,217,9,2,0,28,45,4.822,2,2021_Josh Jacobs,0
rushing,2021,Devin Singletary,870,188,7,6,2,46,44,4.273,2,2021_Devin Singletary,0
rushing,2021,David Montgomery,849,225,7,5,1,41,55,4.091,1,2021_David Montgomery,0
rushing,2021,Mark Ingram,848,252,3,3,0,76,35,7.2,1,2021_Mark Ingram,0
rushing,2021,Sony Michel,845,208,4,2,0,39,49,4.245,1,2021_Sony Michel,1
rushing,2021,Leonard Fournette,812,180,8,5,1,47,45,4.0,0,2021_Leonard Fournette,0
rushing,2021,A.J. Dillon,803,187,5,2,0,36,50,3.74,1,2021_A.J. Dillon,0
rushing,2021,Aaron Jones,799,171,4,5,1,57,37,4.622,1,2021_Aaron Jones,0
rushing,2021,Jalen Hurts,784,139,10,7,0,31,56,2.482,3,2021_Jalen Hurts,0
rushing,2021,James Robinson,767,164,8,4,1,58,41,4.0,2,2021_James Robinson,0
rushing,2021,Lamar Jackson,767,133,2,5,0,31,48,2.771,3,2021_Lamar Jackson,0
rushing,2021,Josh Allen,763,122,6,9,0,34,53,2.302,5,2021_Josh Allen,0
rushing,2021,Miles Sanders,754,137,0,7,0,38,33,4.152,1,2021_Miles Sanders,0
rushing,2021,James Conner,752,202,15,3,0,35,53,3.811,2,2021_James Conner,0
rushing,2021,Rashaad Penny,749,119,6,11,2,62,28,4.25,0,2021_Rashaad Penny,0
rushing,2021,Tony Pollard,719,130,2,4,1,58,35,3.714,0,2021_Tony Pollard,0
rushing,2021,Darrell Henderson,688,149,5,1,0,29,39,3.821,0,2021_Darrell Henderson,1
rushing,2021,Michael Carter,639,147,4,3,1,55,29,5.069,0,2021_Michael Carter,0
rushing,2021,Cordarrelle Patterson,618,153,6,2,0,39,29,5.276,1,2021_Cordarrelle Patterson,0
rushing,2021,D'Andre Swift,617,151,5,3,1,57,28,5.393,0,2021_D'Andre Swift,0
rushing,2021,Chuba Hubbard,612,172,5,3,0,26,36,4.778,1,2021_Chuba Hubbard,0
rushing,2021,Myles Gaskin,612,173,3,2,0,30,25,6.92,2,2021_Myles Gaskin,0
rushing,2021,Rhamondre Stevenson,606,133,5,1,0,21,33,4.03,1,2021_Rhamondre Stevenson,0
rushing,2021,Jamaal Williams,601,153,3,1,0,20,42,3.643,1,2021_Jamaal Williams,0
rushing,2021,Devontae Booker,593,145,2,3,0,31,31,4.677,0,2021_Devontae Booker,0
rushing,2021,Saquon Barkley,593,162,2,3,1,41,27,6.0,1,2021_Saquon Barkley,0
rushing,2021,Chase Edmonds,592,116,2,3,2,54,32,3.625,0,2021_Chase Edmonds,0
rushing,2021,Devonta Freeman,576,133,5,4,0,32,31,4.29,0,2021_Devonta Freeman,0
rushing,2021,D'Onta Foreman,566,133,3,4,0,35,22,6.045,2,2021_D'Onta Foreman,0
rushing,2021,Darrel Williams,558,144,6,1,0,21,40,3.6,0,2021_Darrel Williams,0
rushing,2021,D'Ernest Johnson,534,100,3,4,0,30,24,4.167,0,2021_D'Ernest Johnson,0
rushing,2021,Clyde Edwards-Helaire,517,119,4,0,0,17,21,5.667,2,2021_Clyde Edwards-Helaire,0
rushing,2021,Mike Davis,503,138,3,0,0,18,21,6.571,2,2021_Mike Davis,0
rushing,2021,Latavius Murray,501,119,6,3,1,46,36,3.306,0,2021_Latavius Murray,0
rushing,2021,Alexander Mattison,491,134,3,2,1,48,28,4.786,1,2021_Alexander Mattison,0
rushing,2021,Christian McCaffrey,442,99,1,0,0,18,19,5.211,1,2021_Christian McCaffrey,0
rushing,2021,Khalil Herbert,433,103,2,4,0,29,24,4.292,0,2021_Khalil Herbert,0
rushing,2021,Ronald Jones,428,101,4,1,0,30,25,4.04,2,2021_Ronald Jones,0
rushing,2021,Rex Burkhead,427,122,3,2,0,36,30,4.067,1,2021_Rex Burkhead,0
rushing,2021,Kyler Murray,423,88,5,1,1,57,25,3.52,10,2021_Kyler Murray,0
rushing,2021,Justin Fields,420,72,2,3,0,23,22,3.273,4,2021_Justin Fields,0
rushing,2021,Alex Collins,411,108,2,2,0,25,22,4.909,0,2021_Alex Collins,0
rushing,2021,Jordan Howard,406,86,3,1,0,25,24,3.583,0,2021_Jordan Howard,0
rushing,2021,Kareem Hunt,386,78,5,2,0,33,22,3.545,0,2021_Kareem Hunt,0
rushing,2021,Patrick Mahomes,381,66,2,4,0,32,25,2.64,3,2021_Patrick Mahomes,0
rushing,2021,Taysom Hill,374,70,5,3,1,44,26,2.692,1,2021_Taysom Hill,0
rushing,2021,Boston Scott,373,87,7,2,0,23,24,3.625,1,2021_Boston Scott,0
rushing,2021,Deebo Samuel,365,59,8,5,1,49,21,2.81,0,2021_Deebo Samuel,0
rushing,2021,Justin Jackson,364,68,2,2,1,75,18,3.778,1,2021_Justin Jackson,0
rushing,2021,Tevin Coleman,356,84,0,1,0,20,19,4.421,0,2021_Tevin Coleman,0
rushing,2021,Dontrell Hilliard,350,56,2,2,1,68,15,3.733,1,2021_Dontrell Hilliard,0
rushing,2021,Zack Moss,345,96,4,0,0,17,22,4.364,0,2021_Zack Moss,0
rushing,2021,Trevor Lawrence,334,73,2,1,0,26,21,3.476,2,2021_Trevor Lawrence,0
rushing,2021,Duke Johnson,330,71,3,1,0,27,18,3.944,0,2021_Duke Johnson,0
rushing,2021,Taylor Heinicke,313,60,1,2,0,38,20,3.0,3,2021_Taylor Heinicke,0
rushing,2021,Justin Herbert,302,63,3,1,0,36,28,2.25,0,2021_Justin Herbert,0
rushing,2021,Daniel Jones,298,62,2,2,1,46,16,3.875,2,2021_Daniel Jones,0
rushing,2021,Jeff Wilson,294,79,2,0,0,17,19,4.158,1,2021_Jeff Wilson,0
rushing,2021,Tyler Huntley,294,47,2,1,0,21,22,2.136,1,2021_Tyler Huntley,0
rushing,2021,Kenneth Gainwell,291,68,5,0,0,18,19,3.579,1,2021_Kenneth Gainwell,0
rushing,2021,Nyheim Hines,276,56,2,2,0,34,15,3.733,0,2021_Nyheim Hines,0
rushing,2021,Ryan Tannehill,270,55,7,2,0,28,32,1.719,4,2021_Ryan Tannehill,0
rushing,2021,Jaret Patterson,266,68,2,0,0,13,15,4.533,1,2021_Jaret Patterson,0
rushing,2021,Derrick Gore,256,51,2,2,1,51,12,4.25,0,2021_Derrick Gore,0
rushing,2021,Kenyan Drake,254,62,2,1,0,21,15,4.133,0,2021_Kenyan Drake,0
rushing,2021,Carlos Hyde,253,72,1,0,0,18,14,5.143,2,2021_Carlos Hyde,0
rushing,2021,Phillip Lindsay,249,88,1,1,0,44,11,8.0,0,2021_Phillip Lindsay,0
rushing,2021,Samaje Perine,246,55,1,2,1,46,11,5.0,0,2021_Samaje Perine,0
rushing,2021,Royce Freeman,246,77,0,0,0,39,12,6.417,0,2021_Royce Freeman,0
rushing,2021,Ty Johnson,238,61,2,2,0,24,13,4.692,1,2021_Ty Johnson,0
rushing,2021,Chris Carson,232,54,3,2,0,33,11,4.909,1,2021_Chris Carson,0
rushing,2021,Craig Reynolds,230,55,0,2,0,35,11,5.0,0,2021_Craig Reynolds,0
rushing,2021,Cam Newton,230,47,5,2,0,33,19,2.474,4,2021_Cam Newton,0
rushing,2021,David Johnson,228,67,0,0,0,15,7,9.571,1,2021_David Johnson,0
rushing,2021,Brandon Bolden,226,44,1,2,0,24,12,3.667,1,2021_Brandon Bolden,0
rushing,2021,Sam Darnold,222,48,5,2,0,30,21,2.286,2,2021_Sam Darnold,0
rushing,2021,Carson Wentz,215,57,1,0,0,18,21,2.714,4,2021_Carson Wentz,0
rushing,2021,J.D. McKissic,212,48,2,0,0,15,14,3.429,0,2021_J.D. McKissic,0
rushing,2021,Peyton Barber,212,55,2,1,0,27,12,4.583,1,2021_Peyton Barber,0
rushing,2021,Wayne Gallman,208,56,0,0,0,34,10,5.6,0,2021_Wayne Gallman,0
rushing,2021,Ameer Abdullah,196,58,0,0,0,33,8,7.25,0,2021_Ameer Abdullah,0
rushing,2021,Zach Wilson,185,29,4,3,1,52,10,2.9,0,2021_Zach Wilson,0
rushing,2021,Ty'Son Williams,185,35,1,2,0,35,7,5.0,1,2021_Ty'Son Williams,0
rushing,2021,Le'Veon Bell,184,70,4,0,0,31,17,4.118,0,2021_Le'Veon Bell,0
rushing,2021,Russell Wilson,183,43,2,0,0,17,17,2.529,2,2021_Russell Wilson,0
rushing,2021,Ke'Shawn Vaughn,180,36,2,1,1,55,9,4.0,0,2021_Ke'Shawn Vaughn,0
rushing,2021,Travis Homer,177,21,1,2,1,73,7,3.0,0,2021_Travis Homer,0
rushing,2021,Trey Lance,168,38,1,0,0,15,8,4.75,0,2021_Trey Lance,0
rushing,2021,Trey Sermon,167,41,1,0,0,16,9,4.556,0,2021_Trey Sermon,0
rushing,2021,Jameis Winston,166,32,1,1,0,20,17,1.882,0,2021_Jameis Winston,0
rushing,2021,Damien Williams,164,40,2,1,0,23,11,3.636,0,2021_Damien Williams,0
rushing,2021,Jeremy McNichols,156,41,0,0,0,14,6,6.833,0,2021_Jeremy McNichols,0
rushing,2021,Tyrod Taylor,151,19,3,2,0,30,7,2.714,3,2021_Tyrod Taylor,0
rushing,2021,Salvon Ahmed,149,54,0,0,0,16,8,6.75,0,2021_Salvon Ahmed,0
rushing,2021,Dak Prescott,146,48,1,1,0,21,7,6.857,7,2021_Dak Prescott,0
rushing,2021,Tony Jones,142,54,0,0,0,11,7,7.714,0,2021_Tony Jones,0
rushing,2021,Corey Clement,140,33,0,1,0,38,7,4.714,0,2021_Corey Clement,0
rushing,2021,DeeJay Dallas,138,33,2,0,0,15,10,3.3,0,2021_DeeJay Dallas,0
rushing,2021,Dare Ogunbowale,137,43,1,0,0,12,5,8.6,0,2021_Dare Ogunbowale,0
rushing,2021,Baker Mayfield,134,37,1,0,0,14,12,3.083,1,2021_Baker Mayfield,0
rushing,2021,Mac Jones,129,44,0,0,0,13,22,2.0,3,2021_Mac Jones,0
rushing,2021,Tua Tagovailoa,128,42,3,1,0,23,13,3.231,2,2021_Tua Tagovailoa,0
rushing,2021,Malcolm Brown,125,33,1,1,0,24,6,5.5,0,2021_Malcolm Brown,0
rushing,2021,Matt Breida,125,26,1,1,0,28,5,5.2,1,2021_Matt Breida,0
rushing,2021,Kendrick Bourne,125,12,0,0,0,18,7,1.714,0,2021_Kendrick Bourne,0
rushing,2021,Godwin Igwebuike,118,16,1,1,1,42,7,2.286,1,2021_Godwin Igwebuike,0
rushing,2021,Joe Burrow,118,40,2,0,0,12,14,2.857,1,2021_Joe Burrow,0
rushing,2021,Eno Benjamin,118,34,1,1,0,21,4,8.5,0,2021_Eno Benjamin,0
rushing,2021,Kirk Cousins,115,29,1,1,0,29,8,3.625,2,2021_Kirk Cousins,0
rushing,2021,Derek Carr,108,40,0,1,0,22,9,4.444,4,2021_Derek Carr,0
rushing,2021,Teddy Bridgewater,106,30,2,0,0,13,16,1.875,1,2021_Teddy Bridgewater,0
rushing,2021,Qadree Ollison,105,21,1,0,0,19,7,3.0,1,2021_Qadree Ollison,0
rushing,2021,Joshua Kelley,102,33,0,0,0,14,5,6.6,1,2021_Joshua Kelley,0
rushing,2021,Austin Walter,101,26,1,0,0,14,5,5.2,0,2021_Austin Walter,0
rushing,2021,Aaron Rodgers,101,33,3,0,0,18,10,3.3,2,2021_Aaron Rodgers,0
rushing,2021,Marlon Mack,101,28,0,1,0,22,6,4.667,0,2021_Marlon Mack,0
rushing,2021,Elijhaa Penny,99,24,1,0,0,12,9,2.667,0,2021_Elijhaa Penny,0
rushing,2021,Benny Snell,98,36,0,0,0,9,2,18.0,0,2021_Benny Snell,0
rushing,2021,Adrian Peterson,98,38,2,0,0,23,6,6.333,1,2021_Adrian Peterson,0
rushing,2021,Chase Claypool,96,14,0,1,0,25,7,2.0,0,2021_Chase Claypool,0
rushing,2021,Patrick Taylor,89,23,1,0,0,12,5,4.6,0,2021_Patrick Taylor,0
rushing,2021,Larry Rountree III,87,36,1,0,0,13,5,7.2,0,2021_Larry Rountree III,0
rushing,2021,Marcus Mariota,87,13,1,1,0,31,6,2.167,1,2021_Marcus Mariota,0
rushing,2021,Jared Goff,87,17,0,1,0,26,4,4.25,3,2021_Jared Goff,0
rushing,2021,Matt Ryan,82,40,1,0,0,17,9,4.444,5,2021_Matt Ryan,0
rushing,2021,Tom Brady,81,28,2,0,0,13,14,2.0,1,2021_Tom Brady,0
rushing,2021,Ryquell Armstead,80,15,0,1,0,26,3,5.0,0,2021_Ryquell Armstead,0
rushing,2021,Jonathan Williams,79,17,1,1,0,23,7,2.429,0,2021_Jonathan Williams,0
rushing,2021,Chris Evans,77,17,0,0,0,13,3,5.667,0,2021_Chris Evans,0
rushing,2021,Rondale Moore,76,18,0,1,0,26,2,9.0,0,2021_Rondale Moore,0
rushing,2021,Andy Dalton,76,16,0,0,0,14,2,8.0,0,2021_Andy Dalton,0
rushing,2021,Jermar Jefferson,74,15,2,1,0,28,4,3.75,0,2021_Jermar Jefferson,0
rushing,2021,Jacoby Brissett,70,19,1,0,0,19,9,2.111,0,2021_Jacoby Brissett,0
rushing,2021,JaMycal Hasty,68,16,1,1,0,21,6,2.667,0,2021_JaMycal Hasty,0
rushing,2021,Jerick McKinnon,62,12,0,0,0,18,2,6.0,0,2021_Jerick McKinnon,0
rushing,2021,Kene Nwangwu,61,13,0,0,0,19,3,4.333,0,2021_Kene Nwangwu,0
rushing,2021,Trayveon Williams,51,15,0,0,0,10,4,3.75,0,2021_Trayveon Williams,0
rushing,2021,Jason Huntley,51,13,0,0,0,18,2,6.5,0,2021_Jason Huntley,0
rushing,2021,Jimmy Garoppolo,51,38,3,0,0,7,15,2.533,4,2021_Jimmy Garoppolo,0
rushing,2021,Ty Montgomery,44,15,0,0,0,9,2,7.5,0,2021_Ty Montgomery,0
rushing,2021,Davis Mills,44,18,0,0,0,11,5,3.6,0,2021_Davis Mills,0
rushing,2021,Matthew Stafford,43,32,0,0,0,12,8,4.0,1,2021_Matthew Stafford,1
rushing,2021,Laviska Shenault Jr.,41,11,0,0,0,11,2,5.5,0,2021_Laviska Shenault Jr.,0
rushing,2021,J.J. Taylor,37,19,2,0,0,15,3,6.333,0,2021_J.J. Taylor,0
rushing,2021,Colt McCoy,37,22,0,0,0,11,6,3.667,1,2021_Colt McCoy,0
rushing,2021,Kalen Ballage,36,11,0,0,0,13,2,5.5,0,2021_Kalen Ballage,0
rushing,2021,Deon Jackson,31,12,1,0,0,10,2,6.0,0,2021_Deon Jackson,0
rushing,2021,Jordan Love,27,12,0,0,0,10,1,12.0,1,2021_Jordan Love,0
rushing,2021,Mitchell Trubisky,24,13,1,1,0,22,3,4.333,0,2021_Mitchell Trubisky,0
rushing,2021,Case Keenum,22,12,0,0,0,10,6,2.0,0,2021_Case Keenum,0
rushing,2021,Ben Roethlisberger,5,20,1,0,0,8,3,6.667,0,2021_Ben Roethlisberger,0
rushing,2020,Derrick Henry,2027,378,17,16,4,94,98,3.857,3,2020_Derrick Henry,0
rushing,2020,Dalvin Cook,1557,312,16,6,1,70,91,3.429,4,2020_Dalvin Cook,0
rushing,2020,Jonathan Taylor,1169,232,11,7,3,62,69,3.362,1,2020_Jonathan Taylor,0
rushing,2020,Aaron Jones,1104,201,9,6,4,77,52,3.865,1,2020_Aaron Jones,0
rushing,2020,James Robinson,1070,240,7,5,1,47,54,4.444,1,2020_James Robinson,0
rushing,2020,David Montgomery,1070,247,8,5,2,80,59,4.186,0,2020_David Montgomery,0
rushing,2020,Nick Chubb,1067,190,12,12,3,59,55,3.455,1,2020_Nick Chubb,0
rushing,2020,Josh Jacobs,1065,273,12,3,0,28,61,4.475,2,2020_Josh Jacobs,0
rushing,2020,Lamar Jackson,1005,159,7,10,2,50,56,2.839,5,2020_Lamar Jackson,0
rushing,2020,Melvin Gordon,986,215,9,5,2,65,46,4.674,2,2020_Melvin Gordon,0
rushing,2020,Ezekiel Elliott,979,244,6,3,0,31,62,3.935,5,2020_Ezekiel Elliott,0
rushing,2020,Ronald Jones,978,192,7,6,1,98,48,4.0,0,2020_Ronald Jones,0
rushing,2020,Kenyan Drake,955,239,10,6,1,69,59,4.051,3,2020_Kenyan Drake,0
rushing,2020,Alvin Kamara,932,187,16,7,2,49,58,3.224,1,2020_Alvin Kamara,0
rushing,2020,Miles Sanders,867,164,6,4,3,82,39,4.205,4,2020_Miles Sanders,0
rushing,2020,Kareem Hunt,841,198,6,3,0,33,44,4.5,1,2020_Kareem Hunt,0
rushing,2020,Kyler Murray,819,133,11,7,1,48,52,2.558,5,2020_Kyler Murray,0
rushing,2020,J.K. Dobbins,805,134,9,8,2,72,38,3.526,2,2020_J.K. Dobbins,0
rushing,2020,Clyde Edwards-Helaire,803,181,4,3,0,31,39,4.641,0,2020_Clyde Edwards-Helaire,0
rushing,2020,Antonio Gibson,795,170,11,5,1,40,40,4.25,0,2020_Antonio Gibson,0
rushing,2020,Gus Edwards,723,144,6,8,0,36,45,3.2,1,2020_Gus Edwards,0
rushing,2020,James Conner,721,169,6,5,1,59,42,4.024,2,2020_James Conner,0
rushing,2020,David Johnson,691,147,6,4,1,48,38,3.868,0,2020_David Johnson,0
rushing,2020,Damien Harris,691,137,2,4,1,41,30,4.567,1,2020_Damien Harris,0
rushing,2020,Devin Singletary,687,156,2,3,1,51,40,3.9,1,2020_Devin Singletary,0
rushing,2020,Wayne Gallman,682,147,6,3,1,60,36,4.083,1,2020_Wayne Gallman,0
rushing,2020,Chris Carson,681,141,5,3,0,29,43,3.279,1,2020_Chris Carson,0
rushing,2020,Todd Gurley,678,195,9,2,0,35,45,4.333,1,2020_Todd Gurley,0
rushing,2020,Latavius Murray,656,146,4,3,0,36,36,4.056,1,2020_Latavius Murray,0
rushing,2020,Frank Gore,653,187,2,0,0,17,32,5.844,1,2020_Frank Gore,0
rushing,2020,Mike Davis,642,165,6,2,0,25,38,4.342,1,2020_Mike Davis,0
rushing,2020,Cam Akers,625,145,2,4,2,61,26,5.577,1,2020_Cam Akers,0
rushing,2020,Darrell Henderson,624,138,5,3,1,40,40,3.45,0,2020_Darrell Henderson,0
rushing,2020,Adrian Peterson,604,156,7,4,0,38,34,4.588,0,2020_Adrian Peterson,0
rushing,2020,Jeff Wilson,600,126,7,3,0,34,31,4.065,2,2020_Jeff Wilson,0
rushing,2020,Cam Newton,592,137,12,3,1,49,55,2.491,5,2020_Cam Newton,0
rushing,2020,Myles Gaskin,584,142,3,3,0,26,27,5.259,2,2020_Myles Gaskin,0
rushing,2020,Austin Ekeler,530,116,1,2,0,27,26,4.462,1,2020_Austin Ekeler,0
rushing,2020,D'Andre Swift,521,114,8,1,1,54,31,3.677,2,2020_D'Andre Swift,0
rushing,2020,Raheem Mostert,521,104,2,2,1,80,22,4.727,1,2020_Raheem Mostert,0
rushing,2020,Russell Wilson,513,83,2,6,0,38,25,3.32,4,2020_Russell Wilson,0
rushing,2020,Jamaal Williams,505,119,2,1,0,25,29,4.103,0,2020_Jamaal Williams,0
rushing,2020,Phillip Lindsay,502,118,1,6,1,55,19,6.211,0,2020_Phillip Lindsay,0
rushing,2020,Zack Moss,481,112,4,4,0,31,30,3.733,0,2020_Zack Moss,0
rushing,2020,Brian Hill,465,100,1,3,1,62,18,5.556,1,2020_Brian Hill,0
rushing,2020,Taysom Hill,457,87,8,2,1,43,34,2.559,7,2020_Taysom Hill,0
rushing,2020,Sony Michel,449,79,1,4,1,48,19,4.158,0,2020_Sony Michel,0
rushing,2020,Chase Edmonds,448,97,1,4,0,32,22,4.409,1,2020_Chase Edmonds,0
rushing,2020,Deshaun Watson,444,90,3,0,0,16,31,2.903,4,2020_Deshaun Watson,0
rushing,2020,Tony Pollard,435,101,4,4,2,42,23,4.391,0,2020_Tony Pollard,0
rushing,2020,Alexander Mattison,434,96,2,4,0,25,24,4.0,0,2020_Alexander Mattison,0
rushing,2020,Joe Mixon,428,119,3,3,0,34,20,5.95,1,2020_Joe Mixon,0
rushing,2020,Daniel Jones,423,65,1,4,2,80,17,3.824,3,2020_Daniel Jones,0
rushing,2020,Devontae Booker,423,93,3,4,1,43,21,4.429,1,2020_Devontae Booker,0
rushing,2020,Josh Allen,421,102,8,2,0,24,38,2.684,4,2020_Josh Allen,0
rushing,2020,Malcolm Brown,419,101,5,0,0,19,28,3.607,0,2020_Malcolm Brown,0
rushing,2020,Giovani Bernard,416,124,3,0,0,15,23,5.391,1,2020_Giovani Bernard,0
rushing,2020,Le'Veon Bell,402,101,2,0,0,42,25,4.04,0,2020_Le'Veon Bell,0
rushing,2020,Nyheim Hines,380,89,3,3,0,31,24,3.708,0,2020_Nyheim Hines,0
rushing,2020,Boston Scott,374,80,1,2,1,56,16,5.0,1,2020_Boston Scott,0
rushing,2020,Benny Snell,368,111,4,3,0,30,25,4.44,2,2020_Benny Snell,0
rushing,2020,Leonard Fournette,367,97,6,3,1,46,21,4.619,0,2020_Leonard Fournette,1
rushing,2020,J.D. McKissic,365,83,1,0,0,17,25,3.32,1,2020_J.D. McKissic,0
rushing,2020,Carlos Hyde,356,81,4,2,1,50,20,4.05,0,2020_Carlos Hyde,0
rushing,2020,Joshua Kelley,354,111,2,3,0,33,20,5.55,2,2020_Joshua Kelley,0
rushing,2020,Jalen Hurts,354,63,3,3,0,24,24,2.625,6,2020_Jalen Hurts,0
rushing,2020,Jerick McKinnon,319,81,5,1,1,55,16,5.063,0,2020_Jerick McKinnon,0
rushing,2020,Salvon Ahmed,319,75,3,1,0,31,18,4.167,0,2020_Salvon Ahmed,0
rushing,2020,Kalen Ballage,316,94,3,0,0,27,26,3.615,1,2020_Kalen Ballage,0
rushing,2020,Jordan Wilkins,308,84,1,1,0,22,17,4.941,0,2020_Jordan Wilkins,0
rushing,2020,Patrick Mahomes,308,62,2,3,0,24,21,2.952,2,2020_Patrick Mahomes,0
rushing,2020,Samaje Perine,301,63,3,1,1,46,16,3.938,0,2020_Samaje Perine,0
rushing,2020,Mark Ingram,299,72,2,2,0,30,14,5.143,0,2020_Mark Ingram,0
rushing,2020,Teddy Bridgewater,279,53,5,0,0,18,18,2.944,4,2020_Teddy Bridgewater,0
rushing,2020,Carson Wentz,276,52,5,3,1,40,25,2.08,3,2020_Carson Wentz,0
rushing,2020,Rex Burkhead,274,67,3,0,0,18,18,3.722,0,2020_Rex Burkhead,0
rushing,2020,Justin Jackson,270,59,0,3,0,36,15,3.933,0,2020_Justin Jackson,0
rushing,2020,Ito Smith,268,63,1,1,0,24,8,7.875,0,2020_Ito Smith,0
rushing,2020,Ryan Tannehill,266,43,7,3,1,45,22,1.955,1,2020_Ryan Tannehill,0
rushing,2020,Peyton Barber,258,94,4,0,0,15,26,3.615,0,2020_Peyton Barber,0
rushing,2020,Ty Johnson,254,54,1,1,0,34,11,4.909,0,2020_Ty Johnson,0
rushing,2020,Matt Breida,254,59,0,1,0,24,11,5.364,2,2020_Matt Breida,0
rushing,2020,A.J. Dillon,242,46,2,2,0,30,11,4.182,0,2020_A.J. Dillon,0
rushing,2020,Alfred Morris,238,55,1,1,0,20,13,4.231,0,2020_Alfred Morris,0
rushing,2020,Duke Johnson,235,77,1,1,0,23,11,7.0,2,2020_Duke Johnson,0
rushing,2020,Justin Herbert,234,55,5,1,0,31,20,2.75,4,2020_Justin Herbert,0
rushing,2020,La'Mical Perine,232,64,2,1,0,20,18,3.556,0,2020_La'Mical Perine,0
rushing,2020,Cordarrelle Patterson,232,64,1,0,0,13,12,5.333,0,2020_Cordarrelle Patterson,0
rushing,2020,Christian McCaffrey,225,59,5,0,0,15,14,4.214,0,2020_Christian McCaffrey,0
rushing,2020,Sam Darnold,217,37,2,1,1,46,13,2.846,0,2020_Sam Darnold,0
rushing,2020,Jeremy McNichols,204,47,1,1,0,20,8,5.875,0,2020_Jeremy McNichols,0
rushing,2020,Curtis Samuel,200,41,2,1,1,45,10,4.1,0,2020_Curtis Samuel,0
rushing,2020,Mitchell Trubisky,195,33,1,2,1,45,12,2.75,1,2020_Mitchell Trubisky,0
rushing,2020,Kerryon Johnson,181,52,2,0,0,14,9,5.778,1,2020_Kerryon Johnson,0
rushing,2020,Devonta Freeman,172,54,1,0,0,14,9,6.0,0,2020_Devonta Freeman,0
rushing,2020,Royce Freeman,170,35,0,2,0,23,10,3.5,0,2020_Royce Freeman,0
rushing,2020,Darrel Williams,169,39,1,0,0,13,14,2.786,0,2020_Darrel Williams,0
rushing,2020,D'Ernest Johnson,166,33,0,3,0,28,7,4.714,1,2020_D'Ernest Johnson,0
rushing,2020,Baker Mayfield,165,54,1,1,0,28,18,3.0,3,2020_Baker Mayfield,0
rushing,2020,Drew Lock,160,44,3,0,0,16,13,3.385,4,2020_Drew Lock,0
rushing,2020,Trayveon Williams,157,26,0,1,1,55,5,5.2,1,2020_Trayveon Williams,0
rushing,2020,Josh Adams,157,29,2,1,0,25,10,2.9,0,2020_Josh Adams,0
rushing,2020,Rodney Smith,156,41,1,0,0,13,14,2.929,1,2020_Rodney Smith,0
rushing,2020,Kirk Cousins,156,32,1,0,0,16,16,2.0,1,2020_Kirk Cousins,0
rushing,2020,Robert Woods,155,24,2,2,1,40,9,2.667,1,2020_Robert Woods,0
rushing,2020,Gardner Minshew,153,29,1,0,0,16,10,2.9,1,2020_Gardner Minshew,0
rushing,2020,Ryan Fitzpatrick,151,30,2,0,0,17,12,2.5,0,2020_Ryan Fitzpatrick,0
rushing,2020,Aaron Rodgers,149,38,3,0,0,14,15,2.533,3,2020_Aaron Rodgers,0
rushing,2020,JaMycal Hasty,148,39,1,1,0,20,7,5.571,1,2020_JaMycal Hasty,0
rushing,2020,Dare Ogunbowale,145,32,0,1,0,25,6,5.333,0,2020_Dare Ogunbowale,0
rushing,2020,Joe Burrow,142,37,3,1,0,23,14,2.643,4,2020_Joe Burrow,0
rushing,2020,Derek Carr,140,39,3,0,0,18,16,2.438,3,2020_Derek Carr,0
rushing,2020,Jalen Richard,123,22,1,1,0,20,7,3.143,1,2020_Jalen Richard,0
rushing,2020,Tyreek Hill,123,13,2,3,0,32,5,2.6,0,2020_Tyreek Hill,0
rushing,2020,James White,121,35,2,0,0,10,6,5.833,1,2020_James White,0
rushing,2020,Dion Lewis,115,29,2,0,0,19,8,3.625,1,2020_Dion Lewis,0
rushing,2020,Andy Dalton,114,28,0,0,0,13,11,2.545,1,2020_Andy Dalton,0
rushing,2020,Anthony McFarland,113,33,0,1,0,20,4,8.25,0,2020_Anthony McFarland,0
rushing,2020,Matthew Stafford,112,29,0,0,0,17,12,2.417,0,2020_Matthew Stafford,0
rushing,2020,J.J. Taylor,110,23,0,1,0,28,5,4.6,0,2020_J.J. Taylor,0
rushing,2020,Ke'Shawn Vaughn,109,26,0,0,0,19,5,5.2,0,2020_Ke'Shawn Vaughn,1
rushing,2020,Tua Tagovailoa,109,36,3,0,0,17,13,2.769,0,2020_Tua Tagovailoa,0
rushing,2020,DeeJay Dallas,108,34,2,0,0,13,9,3.778,0,2020_DeeJay Dallas,0
rushing,2020,Ty Montgomery,101,19,0,1,0,36,4,4.75,0,2020_Ty Montgomery,0
rushing,2020,Jared Goff,99,51,4,0,0,10,12,4.25,2,2020_Jared Goff,0
rushing,2020,Darwin Thompson,97,27,1,0,0,14,7,3.857,1,2020_Darwin Thompson,0
rushing,2020,Dontrell Hilliard,96,18,0,0,0,38,6,3.0,0,2020_Dontrell Hilliard,0
rushing,2020,D'Onta Foreman,95,22,0,0,0,15,6,3.667,0,2020_D'Onta Foreman,0
rushing,2020,Dak Prescott,93,18,3,0,0,12,8,2.25,0,2020_Dak Prescott,0
rushing,2020,Matt Ryan,92,29,2,0,0,16,8,3.625,2,2020_Matt Ryan,0
rushing,2020,DeAndre Washington,91,31,0,0,0,19,2,15.5,0,2020_DeAndre Washington,0
rushing,2020,Laviska Shenault Jr.,91,18,0,0,0,17,6,3.0,0,2020_Laviska Shenault Jr.,0
rushing,2020,Travis Homer,88,25,0,0,0,12,2,12.5,0,2020_Travis Homer,0
rushing,2020,Alex Collins,77,18,2,0,0,13,5,3.6,0,2020_Alex Collins,0
rushing,2020,Troymaine Pope,76,15,0,1,0,26,3,5.0,0,2020_Troymaine Pope,0
rushing,2020,Corey Clement,75,21,1,0,0,7,3,7.0,0,2020_Corey Clement,0
rushing,2020,Tarik Cohen,74,14,0,0,0,17,3,4.667,0,2020_Tarik Cohen,0
rushing,2020,Patrick Laird,72,13,0,0,0,17,4,3.25,1,2020_Patrick Laird,0
rushing,2020,Robert Griffin III,69,12,0,1,0,39,4,3.0,1,2020_Robert Griffin III,0
rushing,2020,Reggie Bonnafon,69,12,0,1,0,22,4,3.0,0,2020_Reggie Bonnafon,0
rushing,2020,Tyler Ervin,67,12,0,1,0,21,4,3.0,0,2020_Tyler Ervin,0
rushing,2020,Ryan Finley,66,11,1,1,0,23,4,2.75,0,2020_Ryan Finley,0
rushing,2020,Kyle Juszczyk,64,16,2,0,0,10,12,1.333,0,2020_Kyle Juszczyk,0
rushing,2020,Buddy Howell,64,16,0,0,0,9,2,8.0,0,2020_Buddy Howell,0
rushing,2020,Antonio Williams,63,12,2,0,0,18,4,3.0,0,2020_Antonio Williams,0
rushing,2020,Jordan Howard,60,35,4,0,0,19,7,5.0,0,2020_Jordan Howard,0
rushing,2020,Justice Hill,60,12,0,0,0,19,2,6.0,0,2020_Justice Hill,0
rushing,2020,Mike Boone,59,11,1,0,0,19,2,5.5,0,2020_Mike Boone,0
rushing,2020,Darrynton Evans,54,14,0,0,0,9,2,7.0,0,2020_Darrynton Evans,0
rushing,2020,Tevin Coleman,53,28,0,0,0,12,3,9.333,0,2020_Tevin Coleman,0
rushing,2020,Dwayne Haskins,46,20,1,0,0,19,6,3.333,1,2020_Dwayne Haskins,0
rushing,2020,Rashaad Penny,34,11,0,0,0,7,1,11.0,0,2020_Rashaad Penny,0
rushing,2020,Saquon Barkley,34,19,0,0,0,18,1,19.0,0,2020_Saquon Barkley,0
rushing,2020,Brandon Allen,27,13,0,0,0,4,5,2.6,0,2020_Brandon Allen,0
rushing,2020,Jacoby Brissett,19,17,3,0,0,5,9,1.889,0,2020_Jacoby Brissett,0
rushing,2020,Ben Roethlisberger,11,25,0,0,0,11,3,8.333,3,2020_Ben Roethlisberger,0
rushing,2020,Tom Brady,6,30,3,0,0,4,6,5.0,3,2020_Tom Brady,1
rushing,2020,Nick Foles,1,16,1,0,0,7,2,8.0,0,2020_Nick Foles,0
rushing,2018,Ezekiel Elliott,1434,304,6,11,1,41,73,4.164,6,2018_Ezekiel Elliott,0
rushing,2018,Saquon Barkley,1307,261,11,16,7,78,50,5.22,0,2018_Saquon Barkley,0
rushing,2018,Todd Gurley,1251,256,17,11,0,36,70,3.657,0,2018_Todd Gurley,0
rushing,2018,Joe Mixon,1168,237,8,11,3,51,60,3.95,0,2018_Joe Mixon,0
rushing,2018,Chris Carson,1151,247,9,8,1,61,61,4.049,3,2018_Chris Carson,0
rushing,2018,Christian McCaffrey,1098,219,7,6,3,59,53,4.132,2,2018_Christian McCaffrey,0
rushing,2018,Derrick Henry,1059,215,12,4,2,99,51,4.216,0,2018_Derrick Henry,0
rushing,2018,Adrian Peterson,1042,251,7,5,3,90,47,5.34,2,2018_Adrian Peterson,0
rushing,2018,Phillip Lindsay,1037,192,9,8,3,65,49,3.918,0,2018_Phillip Lindsay,0
rushing,2018,Nick Chubb,996,192,8,11,4,92,47,4.085,0,2018_Nick Chubb,0
rushing,2018,Lamar Miller,973,210,5,6,2,97,36,5.833,0,2018_Lamar Miller,0
rushing,2018,James Conner,973,215,12,9,0,30,56,3.839,3,2018_James Conner,0
rushing,2018,David Johnson,940,258,7,2,1,53,51,5.059,2,2018_David Johnson,0
rushing,2018,Jordan Howard,935,250,9,5,1,42,53,4.717,2,2018_Jordan Howard,0
rushing,2018,Sony Michel,931,209,6,4,0,34,54,3.87,1,2018_Sony Michel,1
rushing,2018,Marlon Mack,908,195,9,7,1,49,50,3.9,1,2018_Marlon Mack,0
rushing,2018,Melvin Gordon,885,175,10,9,0,34,47,3.723,0,2018_Melvin Gordon,0
rushing,2018,Alvin Kamara,883,194,14,1,1,49,57,3.404,0,2018_Alvin Kamara,0
rushing,2018,Peyton Barber,871,234,5,4,0,28,41,5.707,1,2018_Peyton Barber,0
rushing,2018,Kareem Hunt,824,181,7,7,1,45,46,3.935,0,2018_Kareem Hunt,0
rushing,2018,Matt Breida,814,153,3,10,1,66,36,4.25,1,2018_Matt Breida,0
rushing,2018,Tevin Coleman,800,167,4,8,2,65,36,4.639,1,2018_Tevin Coleman,0
rushing,2018,Aaron Jones,728,133,8,4,1,67,41,3.244,1,2018_Aaron Jones,0
rushing,2018,Doug Martin,723,172,4,2,0,29,37,4.649,3,2018_Doug Martin,0
rushing,2018,Frank Gore,722,156,0,5,0,39,25,6.24,1,2018_Frank Gore,0
rushing,2018,Gus Edwards,718,137,2,4,1,43,37,3.703,0,2018_Gus Edwards,0
rushing,2018,Lamar Jackson,695,147,5,8,0,39,45,3.267,10,2018_Lamar Jackson,0
rushing,2018,Isaiah Crowell,685,143,6,6,3,77,26,5.5,0,2018_Isaiah Crowell,0
rushing,2018,Mark Ingram,645,138,6,3,0,38,34,4.059,2,2018_Mark Ingram,0
rushing,2018,Kerryon Johnson,641,118,3,6,1,71,32,3.688,1,2018_Kerryon Johnson,0
rushing,2018,Josh Allen,631,89,8,8,1,45,41,2.171,5,2018_Josh Allen,0
rushing,2018,Dalvin Cook,615,133,2,4,1,70,22,6.045,2,2018_Dalvin Cook,0
rushing,2018,Latavius Murray,578,140,6,6,0,38,23,6.087,0,2018_Latavius Murray,0
rushing,2018,Carlos Hyde,571,172,5,1,0,41,27,6.37,2,2018_Carlos Hyde,0
rushing,2018,Austin Ekeler,554,106,3,4,1,41,25,4.24,0,2018_Austin Ekeler,0
rushing,2018,Deshaun Watson,551,99,5,2,0,34,33,3.0,3,2018_Deshaun Watson,0
rushing,2018,Kenyan Drake,535,120,4,4,1,54,23,5.217,2,2018_Kenyan Drake,0
rushing,2018,Royce Freeman,521,130,5,2,0,24,30,4.333,1,2018_Royce Freeman,0
rushing,2018,Dion Lewis,517,155,1,2,0,36,22,7.045,1,2018_Dion Lewis,0
rushing,2018,LeSean McCoy,514,161,3,3,0,28,22,7.318,0,2018_LeSean McCoy,0
rushing,2018,Mike Davis,514,112,4,2,0,37,25,4.48,0,2018_Mike Davis,0
rushing,2018,Josh Adams,511,120,3,4,0,29,23,5.217,1,2018_Josh Adams,0
rushing,2018,Alfred Blue,499,150,2,0,0,17,25,6.0,0,2018_Alfred Blue,0
rushing,2018,Cam Newton,488,101,4,2,0,29,36,2.806,2,2018_Cam Newton,0
rushing,2018,Jamaal Williams,464,121,3,1,0,20,25,4.84,0,2018_Jamaal Williams,0
rushing,2018,Tarik Cohen,444,99,3,7,0,32,20,4.95,2,2018_Tarik Cohen,0
rushing,2018,Leonard Fournette,439,133,5,2,0,25,23,5.783,0,2018_Leonard Fournette,0
rushing,2018,Alfred Morris,428,111,2,3,1,51,24,4.625,2,2018_Alfred Morris,0
rushing,2018,James White,425,94,5,5,0,27,22,4.273,0,2018_James White,1
rushing,2018,Mitchell Trubisky,421,68,3,4,0,39,29,2.345,1,2018_Mitchell Trubisky,0
rushing,2018,Rashaad Penny,419,85,2,4,0,38,18,4.722,0,2018_Rashaad Penny,0
rushing,2018,LeGarrette Blount,418,154,5,2,0,27,25,6.16,1,2018_LeGarrette Blount,0
rushing,2018,T.J. Yeldon,414,104,1,1,0,20,16,6.5,1,2018_T.J. Yeldon,0
rushing,2018,Alex Collins,411,114,7,0,0,19,22,5.182,3,2018_Alex Collins,0
rushing,2018,C.J. Anderson,403,67,2,3,1,68,21,3.19,0,2018_C.J. Anderson,0
rushing,2018,Chris Ivory,385,115,1,2,0,21,25,4.6,1,2018_Chris Ivory,0
rushing,2018,Russell Wilson,376,67,0,3,1,40,23,2.913,3,2018_Russell Wilson,0
rushing,2018,Marshawn Lynch,376,90,3,1,1,52,20,4.5,0,2018_Marshawn Lynch,0
rushing,2018,Blake Bortles,365,58,1,3,1,41,28,2.071,3,2018_Blake Bortles,0
rushing,2018,Wendell Smallwood,364,87,3,0,0,15,22,3.955,1,2018_Wendell Smallwood,0
rushing,2018,Marcus Mariota,357,64,2,3,0,27,26,2.462,3,2018_Marcus Mariota,0
rushing,2018,Bilal Powell,343,80,0,2,0,38,16,5.0,2,2018_Bilal Powell,0
rushing,2018,Jordan Wilkins,336,60,1,1,1,53,15,4.0,0,2018_Jordan Wilkins,0
rushing,2018,Kenneth Dixon,333,60,2,2,0,37,20,3.0,2,2018_Kenneth Dixon,0
rushing,2018,Ito Smith,315,90,4,0,0,18,18,5.0,1,2018_Ito Smith,0
rushing,2018,Nyheim Hines,314,85,2,0,0,18,17,5.0,1,2018_Nyheim Hines,0
rushing,2018,Dak Prescott,305,75,6,1,0,28,25,3.0,4,2018_Dak Prescott,0
rushing,2018,Jameis Winston,281,49,1,0,0,18,18,2.722,4,2018_Jameis Winston,0
rushing,2018,Elijah McGuire,276,92,3,1,0,34,15,6.133,2,2018_Elijah McGuire,0
rushing,2018,Patrick Mahomes,272,60,2,3,0,28,18,3.333,2,2018_Patrick Mahomes,0
rushing,2018,Aaron Rodgers,269,43,2,3,0,23,20,2.15,2,2018_Aaron Rodgers,0
rushing,2018,Jeff Wilson,266,66,0,0,0,18,13,5.077,3,2018_Jeff Wilson,0
rushing,2018,Zach Zenner,265,55,3,1,0,29,14,3.929,0,2018_Zach Zenner,0
rushing,2018,Raheem Mostert,261,34,1,2,1,52,13,2.615,1,2018_Raheem Mostert,0
rushing,2018,Jalen Richard,259,55,1,3,0,30,11,5.0,2,2018_Jalen Richard,0
rushing,2018,Corey Clement,259,68,2,2,0,32,15,4.533,2,2018_Corey Clement,0
rushing,2018,Damien Williams,256,50,4,3,0,25,15,3.333,1,2018_Damien Williams,0
rushing,2018,Jaylen Samuels,256,56,0,1,0,25,13,4.308,0,2018_Jaylen Samuels,0
rushing,2018,Marcus Murphy,250,52,0,1,0,30,7,7.429,0,2018_Marcus Murphy,0
rushing,2018,Spencer Ware,246,51,2,2,0,34,14,3.643,0,2018_Spencer Ware,0
rushing,2018,Cordarrelle Patterson,228,42,1,2,0,27,15,2.8,0,2018_Cordarrelle Patterson,1
rushing,2018,Malcolm Brown,212,43,0,0,0,19,10,4.3,0,2018_Malcolm Brown,0
rushing,2018,Giovani Bernard,211,56,3,2,0,23,14,4.0,0,2018_Giovani Bernard,0
rushing,2018,Chase Edmonds,208,60,2,2,0,29,14,4.286,1,2018_Chase Edmonds,0
rushing,2018,Justin Jackson,206,50,2,1,0,20,14,3.571,0,2018_Justin Jackson,0
rushing,2018,Duke Johnson,201,40,0,1,0,23,9,4.444,0,2018_Duke Johnson,0
rushing,2018,Taysom Hill,196,37,2,1,0,35,15,2.467,1,2018_Taysom Hill,0
rushing,2018,Kalen Ballage,191,36,1,1,1,75,10,3.6,1,2018_Kalen Ballage,0
rushing,2018,Ty Montgomery,188,41,1,0,0,31,10,4.1,1,2018_Ty Montgomery,0
rushing,2018,Rex Burkhead,186,57,0,0,0,12,11,5.182,1,2018_Rex Burkhead,1
rushing,2018,Jay Ajayi,184,45,3,1,0,20,11,4.091,1,2018_Jay Ajayi,0
rushing,2018,Devontae Booker,183,34,1,1,0,26,11,3.091,0,2018_Devontae Booker,0
rushing,2018,Chris Thompson,178,43,0,0,0,16,9,4.778,1,2018_Chris Thompson,0
rushing,2018,Wayne Gallman,176,51,1,0,0,9,7,7.286,0,2018_Wayne Gallman,0
rushing,2018,D.J. Moore,172,13,0,3,0,32,6,2.167,2,2018_D.J. Moore,0
rushing,2018,Theo Riddick,171,40,0,0,0,19,8,5.0,0,2018_Theo Riddick,0
rushing,2018,Alex Smith,168,41,1,1,0,22,15,2.733,3,2018_Alex Smith,0
rushing,2018,Robert Woods,157,19,1,1,1,56,9,2.111,0,2018_Robert Woods,0
rushing,2018,Brian Hill,157,20,0,3,1,60,5,4.0,1,2018_Brian Hill,0
rushing,2018,Dwayne Washington,154,27,0,3,0,28,7,3.857,0,2018_Dwayne Washington,0
rushing,2018,Ryan Fitzpatrick,152,36,2,0,0,18,9,4.0,0,2018_Ryan Fitzpatrick,0
rushing,2018,Tyreek Hill,151,22,1,3,0,33,8,2.75,0,2018_Tyreek Hill,0
rushing,2018,Andrew Luck,148,46,0,1,0,33,12,3.833,1,2018_Andrew Luck,0
rushing,2018,Ryan Tannehill,145,32,0,1,0,20,9,3.556,1,2018_Ryan Tannehill,0
rushing,2018,Josh Rosen,138,23,0,1,0,33,8,2.875,3,2018_Josh Rosen,0
rushing,2018,Sam Darnold,138,44,1,1,0,28,16,2.75,4,2018_Sam Darnold,0
rushing,2018,Baker Mayfield,131,39,0,1,0,35,8,4.875,3,2018_Baker Mayfield,0
rushing,2018,Jeff Driskel,130,25,2,1,0,27,7,3.571,1,2018_Jeff Driskel,0
rushing,2018,Rod Smith,127,44,1,0,0,14,10,4.4,0,2018_Rod Smith,0
rushing,2018,Tyrod Taylor,125,16,1,3,0,24,6,2.667,2,2018_Tyrod Taylor,0
rushing,2018,Matt Ryan,125,33,3,0,0,15,15,2.2,0,2018_Matt Ryan,0
rushing,2018,Cody Kessler,123,19,0,1,0,21,9,2.111,0,2018_Cody Kessler,0
rushing,2018,Kirk Cousins,123,44,1,0,0,19,12,3.667,4,2018_Kirk Cousins,0
rushing,2018,Darren Sproles,120,29,1,0,0,17,6,4.833,0,2018_Darren Sproles,0
rushing,2018,Josh Johnson,120,23,1,0,0,16,7,3.286,0,2018_Josh Johnson,0
rushing,2018,DeAndre Washington,115,30,0,0,0,13,8,3.75,1,2018_DeAndre Washington,0
rushing,2018,Trenton Cannon,113,38,1,1,0,21,7,5.429,0,2018_Trenton Cannon,0
rushing,2018,Javorius Allen,110,41,3,0,0,17,10,4.1,0,2018_Javorius Allen,0
rushing,2018,Jared Goff,108,43,2,0,0,16,9,4.778,2,2018_Jared Goff,0
rushing,2018,Jacquizz Rodgers,106,33,1,1,0,20,7,4.714,0,2018_Jacquizz Rodgers,0
rushing,2018,Kapri Bibbs,103,21,3,0,0,17,8,2.625,0,2018_Kapri Bibbs,0
rushing,2018,Andy Dalton,99,16,0,2,0,21,4,4.0,0,2018_Andy Dalton,0
rushing,2018,Ben Roethlisberger,98,31,3,0,0,18,13,2.385,0,2018_Ben Roethlisberger,0
rushing,2018,Carson Wentz,93,34,0,0,0,13,9,3.778,0,2018_Carson Wentz,0
rushing,2018,Case Keenum,93,26,2,0,0,17,10,2.6,3,2018_Case Keenum,0
rushing,2018,Stevan Ridley,80,29,1,0,0,12,3,9.667,1,2018_Stevan Ridley,0
rushing,2018,Keith Ford,79,21,0,0,0,11,4,5.25,0,2018_Keith Ford,0
rushing,2018,John Kelly,74,27,0,0,0,7,6,4.5,0,2018_John Kelly,0
rushing,2018,Matthew Stafford,71,25,0,0,0,10,8,3.125,1,2018_Matthew Stafford,0
rushing,2018,Kenjon Barner,71,19,0,0,0,11,3,6.333,0,2018_Kenjon Barner,1
rushing,2018,Tyler Lockett,69,13,0,0,0,18,3,4.333,0,2018_Tyler Lockett,0
rushing,2018,C.J. Beathard,69,19,1,0,0,13,6,3.167,2,2018_C.J. Beathard,0
rushing,2018,Cameron Artis-Payne,69,19,1,0,0,15,8,2.375,0,2018_Cameron Artis-Payne,0
rushing,2018,Devonta Freeman,68,14,0,2,0,20,2,7.0,0,2018_Devonta Freeman,0
rushing,2018,Detrez Newsome,49,11,0,0,0,16,3,3.667,0,2018_Detrez Newsome,0
rushing,2018,Derek Carr,47,24,1,0,0,15,5,4.8,1,2018_Derek Carr,0
rushing,2018,Mike Boone,47,11,0,1,0,20,2,5.5,0,2018_Mike Boone,0
rushing,2018,Joe Flacco,45,19,0,0,0,13,10,1.9,1,2018_Joe Flacco,0
rushing,2018,Darrel Williams,44,13,0,0,0,8,3,4.333,0,2018_Darrel Williams,0
rushing,2018,Ronald Jones,44,23,1,0,0,9,2,11.5,0,2018_Ronald Jones,0
rushing,2018,Mike Gillislee,43,16,0,0,0,5,2,8.0,1,2018_Mike Gillislee,0
rushing,2018,Corey Grant,40,13,0,0,0,8,1,13.0,0,2018_Corey Grant,0
rushing,2018,Tom Brady,35,23,2,0,0,10,10,2.3,0,2018_Tom Brady,1
rushing,2018,Mark Walton,34,14,0,0,0,10,5,2.8,0,2018_Mark Walton,0
rushing,2018,Drew Brees,22,31,4,0,0,11,11,2.818,2,2018_Drew Brees,0
rushing,2018,Eli Manning,20,15,1,0,0,7,5,3.0,0,2018_Eli Manning,0
rushing,2018,Benny Cunningham,20,11,0,0,0,6,0,0.0,0,2018_Benny Cunningham,0
rushing,2018,Travaris Cadet,17,11,0,0,0,5,0,0.0,0,2018_Travaris Cadet,0
rushing,2018,Philip Rivers,7,18,0,0,0,7,1,18.0,1,2018_Philip Rivers,0
rushing,2018,Teddy Bridgewater,5,11,0,0,0,9,1,11.0,0,2018_Teddy Bridgewater,0
rushing,2018,Chase Daniel,3,13,0,0,0,4,1,13.0,3,2018_Chase Daniel,0
rushing,2016,Ezekiel Elliott,1631,322,15,14,3,60,91,3.538,5,2016_Ezekiel Elliott,0
rushing,2016,Jordan Howard,1313,252,6,10,2,69,70,3.6,1,2016_Jordan Howard,0
rushing,2016,DeMarco Murray,1287,293,9,4,2,75,64,4.578,3,2016_DeMarco Murray,0
rushing,2016,Jay Ajayi,1272,260,8,10,4,62,60,4.333,4,2016_Jay Ajayi,0
rushing,2016,Le'Veon Bell,1268,261,7,4,1,44,69,3.783,3,2016_Le'Veon Bell,0
rushing,2016,LeSean McCoy,1267,234,13,11,3,75,55,4.255,3,2016_LeSean McCoy,0
rushing,2016,David Johnson,1239,293,16,6,2,58,72,4.069,5,2016_David Johnson,0
rushing,2016,LeGarrette Blount,1161,299,18,7,3,44,67,4.463,2,2016_LeGarrette Blount,1
rushing,2016,Devonta Freeman,1079,227,11,7,2,75,61,3.721,1,2016_Devonta Freeman,0
rushing,2016,Lamar Miller,1073,268,5,7,1,45,52,5.154,2,2016_Lamar Miller,0
rushing,2016,Mark Ingram,1043,205,6,4,2,75,49,4.184,2,2016_Mark Ingram,0
rushing,2016,Frank Gore,1025,263,4,1,0,22,50,5.26,2,2016_Frank Gore,0
rushing,2016,Melvin Gordon,997,254,10,7,3,48,61,4.164,2,2016_Melvin Gordon,0
rushing,2016,Carlos Hyde,988,217,6,7,2,47,48,4.521,4,2016_Carlos Hyde,0
rushing,2016,Isaiah Crowell,952,198,7,8,3,85,45,4.4,2,2016_Isaiah Crowell,0
rushing,2016,Spencer Ware,921,214,3,3,2,46,47,4.553,3,2016_Spencer Ware,0
rushing,2016,Todd Gurley,885,278,6,2,0,24,48,5.792,2,2016_Todd Gurley,0
rushing,2016,Jeremy Hill,839,222,9,5,3,74,42,5.286,0,2016_Jeremy Hill,0
rushing,2016,Jonathan Stewart,824,218,9,6,1,47,47,4.638,3,2016_Jonathan Stewart,0
rushing,2016,Matt Forte,813,218,7,5,0,32,35,6.229,1,2016_Matt Forte,0
rushing,2016,Latavius Murray,788,195,12,5,1,42,52,3.75,2,2016_Latavius Murray,0
rushing,2016,Terrance West,774,193,5,5,1,41,35,5.514,2,2016_Terrance West,0
rushing,2016,Bilal Powell,722,131,3,4,0,35,45,2.911,0,2016_Bilal Powell,0
rushing,2016,Rob Kelley,704,168,6,4,2,66,29,5.793,0,2016_Rob Kelley,0
rushing,2016,Ryan Mathews,661,155,8,6,0,30,38,4.079,3,2016_Ryan Mathews,0
rushing,2016,Devontae Booker,612,174,4,0,0,18,30,5.8,2,2016_Devontae Booker,0
rushing,2016,Rashad Jennings,593,181,3,3,0,25,29,6.241,0,2016_Rashad Jennings,0
rushing,2016,Christine Michael,583,148,7,3,2,83,32,4.625,1,2016_Christine Michael,0
rushing,2016,Tyrod Taylor,580,95,6,7,1,49,31,3.065,3,2016_Tyrod Taylor,0
rushing,2016,Mike Gillislee,577,101,8,7,1,44,39,2.59,0,2016_Mike Gillislee,0
rushing,2016,Jacquizz Rodgers,560,129,2,3,1,45,29,4.448,0,2016_Jacquizz Rodgers,0
rushing,2016,Tim Hightower,548,133,4,4,0,30,32,4.156,0,2016_Tim Hightower,0
rushing,2016,Jerick McKinnon,539,159,2,2,0,36,21,7.571,0,2016_Jerick McKinnon,0
rushing,2016,Tevin Coleman,520,118,8,5,1,55,24,4.917,1,2016_Tevin Coleman,0
rushing,2016,Jalen Richard,491,83,1,5,1,75,14,5.929,0,2016_Jalen Richard,0
rushing,2016,Derrick Henry,490,110,5,1,0,22,29,3.793,0,2016_Derrick Henry,0
rushing,2016,Colin Kaepernick,468,69,2,3,0,30,28,2.464,2,2016_Colin Kaepernick,0
rushing,2016,DeAndre Washington,467,87,2,7,0,30,19,4.579,1,2016_DeAndre Washington,0
rushing,2016,T.J. Yeldon,465,130,1,0,0,16,21,6.19,2,2016_T.J. Yeldon,0
rushing,2016,Matt Jones,460,99,3,3,1,57,28,3.536,3,2016_Matt Jones,0
rushing,2016,Ty Montgomery,457,77,3,5,1,61,20,3.85,1,2016_Ty Montgomery,0
rushing,2016,Paul Perkins,456,112,0,2,0,22,22,5.091,1,2016_Paul Perkins,0
rushing,2016,Chris Ivory,439,117,3,2,2,42,21,5.571,5,2016_Chris Ivory,0
rushing,2016,Darren Sproles,438,94,2,1,0,25,22,4.273,0,2016_Darren Sproles,0
rushing,2016,C.J. Anderson,437,110,4,1,0,28,22,5.0,0,2016_C.J. Anderson,0
rushing,2016,Doug Martin,421,144,3,0,0,17,23,6.261,1,2016_Doug Martin,0
rushing,2016,Alfred Blue,420,100,1,2,0,25,23,4.348,2,2016_Alfred Blue,0
rushing,2016,Matt Asiata,402,121,6,2,0,29,27,4.481,1,2016_Matt Asiata,0
rushing,2016,Kenneth Dixon,382,88,2,1,0,20,26,3.385,1,2016_Kenneth Dixon,0
rushing,2016,Aaron Rodgers,369,67,4,3,0,23,25,2.68,3,2016_Aaron Rodgers,0
rushing,2016,Eddie Lacy,360,71,0,4,0,31,15,4.733,0,2016_Eddie Lacy,0
rushing,2016,Cam Newton,359,90,5,2,0,28,28,3.214,1,2016_Cam Newton,0
rushing,2016,Blake Bortles,359,58,3,4,0,27,20,2.9,2,2016_Blake Bortles,0
rushing,2016,Duke Johnson,358,73,1,2,0,22,17,4.294,1,2016_Duke Johnson,0
rushing,2016,Theo Riddick,357,92,1,2,1,42,19,4.842,0,2016_Theo Riddick,0
rushing,2016,Chris Thompson,356,68,3,2,0,25,16,4.25,1,2016_Chris Thompson,0
rushing,2016,Thomas Rawls,349,109,3,1,1,45,21,5.19,0,2016_Thomas Rawls,0
rushing,2016,Marcus Mariota,349,60,2,3,1,41,19,3.158,7,2016_Marcus Mariota,0
rushing,2016,Rex Burkhead,344,74,2,0,0,17,23,3.217,0,2016_Rex Burkhead,0
rushing,2016,DeAngelo Williams,343,98,4,0,0,17,20,4.9,0,2016_DeAngelo Williams,0
rushing,2016,Andrew Luck,341,64,2,3,0,33,20,3.2,3,2016_Andrew Luck,0
rushing,2016,Giovani Bernard,337,91,2,0,0,17,15,6.067,0,2016_Giovani Bernard,0
rushing,2016,Zach Zenner,334,88,4,1,0,20,22,4.0,1,2016_Zach Zenner,0
rushing,2016,Wendell Smallwood,312,77,1,0,0,19,20,3.85,1,2016_Wendell Smallwood,0
rushing,2016,Charcandrick West,293,88,1,2,0,28,14,6.286,0,2016_Charcandrick West,0
rushing,2016,Justin Forsett,291,87,1,1,1,84,10,8.7,2,2016_Justin Forsett,0
rushing,2016,Dion Lewis,283,64,0,0,0,15,14,4.571,1,2016_Dion Lewis,1
rushing,2016,Dak Prescott,282,57,6,0,0,18,21,2.714,3,2016_Dak Prescott,0
rushing,2016,Tyreek Hill,267,24,3,4,2,70,10,2.4,0,2016_Tyreek Hill,0
rushing,2016,Fozzy Whittaker,265,57,0,1,0,25,10,5.7,1,2016_Fozzy Whittaker,0
rushing,2016,Dwayne Washington,265,90,1,1,0,28,11,8.182,0,2016_Dwayne Washington,0
rushing,2016,Russell Wilson,259,72,1,0,0,18,16,4.5,2,2016_Russell Wilson,0
rushing,2016,Alfred Morris,243,69,2,0,0,17,15,4.6,0,2016_Alfred Morris,0
rushing,2016,Peyton Barber,223,55,1,1,1,44,10,5.5,0,2016_Peyton Barber,0
rushing,2016,Matthew Stafford,207,37,2,1,0,24,15,2.467,0,2016_Matthew Stafford,0
rushing,2016,Jeremy Langford,200,62,4,1,0,23,12,5.167,2,2016_Jeremy Langford,0
rushing,2016,Shaun Draughn,196,74,4,0,0,18,15,4.933,0,2016_Shaun Draughn,0
rushing,2016,Kenneth Farrow,192,60,0,0,0,11,10,6.0,1,2016_Kenneth Farrow,0
rushing,2016,Robert Griffin III,190,31,2,1,0,20,10,3.1,2,2016_Robert Griffin III,0
rushing,2016,Andy Dalton,184,46,4,0,0,15,17,2.706,5,2016_Andy Dalton,0
rushing,2016,Kenyan Drake,179,33,2,1,1,45,9,3.667,0,2016_Kenyan Drake,0
rushing,2016,Blaine Gabbert,173,40,2,1,0,24,15,2.667,0,2016_Blaine Gabbert,0
rushing,2016,C.J. Prosise,172,30,1,1,1,72,3,10.0,0,2016_C.J. Prosise,0
rushing,2016,James White,166,39,0,0,0,16,8,4.875,0,2016_James White,1
rushing,2016,Jameis Winston,165,53,1,0,0,14,10,5.3,4,2016_Jameis Winston,0
rushing,2016,Robert Turbin,164,47,7,0,0,18,20,2.35,0,2016_Robert Turbin,0
rushing,2016,Ryan Tannehill,164,39,1,0,0,18,10,3.9,4,2016_Ryan Tannehill,0
rushing,2016,Corey Grant,164,32,1,1,1,57,6,5.333,0,2016_Corey Grant,0
rushing,2016,Tavon Austin,159,28,1,2,0,30,7,4.0,1,2016_Tavon Austin,0
rushing,2016,Shane Vereen,158,33,1,1,0,25,8,4.125,1,2016_Shane Vereen,0
rushing,2016,Kerwynn Williams,157,18,2,3,1,49,8,2.25,0,2016_Kerwynn Williams,0
rushing,2016,Terron Ward,151,31,0,2,1,45,6,5.167,0,2016_Terron Ward,0
rushing,2016,Carson Wentz,150,46,2,0,0,17,15,3.067,4,2016_Carson Wentz,0
rushing,2016,Aaron Ripkowski,150,34,2,0,0,15,10,3.4,0,2016_Aaron Ripkowski,0
rushing,2016,Charles Sims,149,51,1,1,0,23,6,8.5,1,2016_Charles Sims,0
rushing,2016,James Starks,145,63,0,0,0,11,9,7.0,0,2016_James Starks,0
rushing,2016,Denard Robinson,144,41,0,0,0,9,4,10.25,0,2016_Denard Robinson,0
rushing,2016,Cameron Artis-Payne,144,36,2,0,0,14,5,7.2,0,2016_Cameron Artis-Payne,0
rushing,2016,DuJuan Harris,138,38,0,0,0,19,6,6.333,1,2016_DuJuan Harris,0
rushing,2016,Alex Smith,134,48,5,1,0,24,9,5.333,2,2016_Alex Smith,0
rushing,2016,Brock Osweiler,131,30,2,1,0,21,13,2.308,2,2016_Brock Osweiler,0
rushing,2016,Ronnie Hillman,131,41,0,0,0,31,7,5.857,0,2016_Ronnie Hillman,0
rushing,2016,Ryan Fitzpatrick,130,33,0,0,0,14,7,4.714,3,2016_Ryan Fitzpatrick,0
rushing,2016,Kapri Bibbs,129,29,0,1,0,24,7,4.143,0,2016_Kapri Bibbs,0
rushing,2016,Kenjon Barner,129,27,2,0,0,19,9,3.0,0,2016_Kenjon Barner,0
rushing,2016,Ka'Deem Carey,126,32,0,1,0,24,4,8.0,0,2016_Ka'Deem Carey,0
rushing,2016,Alex Collins,125,31,1,1,0,26,8,3.875,2,2016_Alex Collins,0
rushing,2016,Matt Ryan,117,35,0,0,0,18,13,2.692,1,2016_Matt Ryan,0
rushing,2016,Danny Woodhead,116,19,0,2,0,23,6,3.167,0,2016_Danny Woodhead,0
rushing,2016,Damien Williams,115,35,3,1,0,23,8,4.375,0,2016_Damien Williams,0
rushing,2016,Mike Tolbert,114,35,0,0,0,14,5,7.0,0,2016_Mike Tolbert,0
rushing,2016,Orleans Darkwa,111,30,2,0,0,17,7,4.286,0,2016_Orleans Darkwa,0
rushing,2016,Akeem Hunt,109,20,0,0,0,19,4,5.0,2,2016_Akeem Hunt,0
rushing,2016,Jonathan Grimes,105,23,0,0,0,14,5,4.6,0,2016_Jonathan Grimes,0
rushing,2016,Benny Cunningham,101,21,0,2,0,24,4,5.25,1,2016_Benny Cunningham,0
rushing,2016,Ameer Abdullah,101,18,0,1,0,24,6,3.0,0,2016_Ameer Abdullah,0
rushing,2016,Ted Ginn,98,14,0,1,0,20,4,3.5,0,2016_Ted Ginn,0
rushing,2016,Andre Ellington,96,34,0,0,0,13,4,8.5,0,2016_Andre Ellington,0
rushing,2016,Kirk Cousins,96,34,4,0,0,19,14,2.429,3,2016_Kirk Cousins,0
rushing,2016,Chris Johnson,95,25,1,0,0,18,5,5.0,0,2016_Chris Johnson,0
rushing,2016,Jonathan Williams,94,27,1,1,0,20,6,4.5,2,2016_Jonathan Williams,0
rushing,2016,Andre Williams,87,18,0,0,0,14,6,3.0,0,2016_Andre Williams,0
rushing,2016,Darren McFadden,87,24,0,1,0,24,5,4.8,0,2016_Darren McFadden,0
rushing,2016,Jacoby Brissett,83,16,1,1,0,27,5,3.2,2,2016_Jacoby Brissett,1
rushing,2016,Adrian Peterson,72,37,0,0,0,13,3,12.333,1,2016_Adrian Peterson,0
rushing,2016,Derek Carr,70,39,0,0,0,13,5,7.8,3,2016_Derek Carr,0
rushing,2016,Byron Marshall,64,19,0,0,0,12,5,3.8,0,2016_Byron Marshall,0
rushing,2016,Tom Brady,64,28,0,0,0,15,10,2.8,1,2016_Tom Brady,1
rushing,2016,Bobby Rainey,63,17,0,0,0,14,4,4.25,0,2016_Bobby Rainey,0
rushing,2016,Fitzgerald Toussaint,58,14,0,0,0,16,2,7.0,0,2016_Fitzgerald Toussaint,0
rushing,2016,Joe Flacco,58,21,2,0,0,16,6,3.5,1,2016_Joe Flacco,0
rushing,2016,Trevor Siemian,57,28,0,0,0,14,6,4.667,1,2016_Trevor Siemian,0
rushing,2016,Julian Edelman,57,12,0,0,0,9,3,4.0,1,2016_Julian Edelman,1
rushing,2016,Arian Foster,55,22,0,0,0,9,2,11.0,1,2016_Arian Foster,0
rushing,2016,Sam Bradford,53,20,0,1,0,24,3,6.667,1,2016_Sam Bradford,0
rushing,2016,Case Keenum,51,20,1,0,0,13,7,2.857,0,2016_Case Keenum,0
rushing,2016,Mike Davis,50,19,1,0,0,8,4,4.75,1,2016_Mike Davis,0
rushing,2016,Jamize Olawale,47,17,2,0,0,17,5,3.4,0,2016_Jamize Olawale,0
rushing,2016,Troymaine Pope,44,12,0,0,0,19,3,4.0,0,2016_Troymaine Pope,0
rushing,2016,Jamaal Charles,40,12,1,0,0,17,3,4.0,0,2016_Jamaal Charles,0
rushing,2016,Malcolm Brown,39,18,0,0,0,10,1,18.0,1,2016_Malcolm Brown,0
rushing,2016,Carson Palmer,38,14,0,0,0,16,3,4.667,5,2016_Carson Palmer,0
rushing,2016,John Kuhn,37,18,4,0,0,4,12,1.5,0,2016_John Kuhn,0
rushing,2016,Philip Rivers,35,14,0,0,0,10,2,7.0,2,2016_Philip Rivers,0
rushing,2016,Daniel Lasco,32,11,0,0,0,6,1,11.0,0,2016_Daniel Lasco,0
rushing,2016,Knile Davis,28,18,0,0,0,10,0,0.0,0,2016_Knile Davis,0
rushing,2016,Paxton Lynch,25,11,0,0,0,10,1,11.0,0,2016_Paxton Lynch,0
rushing,2016,Josh Ferguson,20,15,0,0,0,11,0,0.0,0,2016_Josh Ferguson,0
rushing,2016,Drew Brees,20,23,2,0,0,7,7,3.286,0,2016_Drew Brees,0
rushing,2016,Cody Kessler,18,11,0,0,0,8,1,11.0,3,2016_Cody Kessler,0
rushing,2016,Ben Roethlisberger,14,16,1,0,0,14,3,5.333,2,2016_Ben Roethlisberger,0
